route_id,od_id,user_count,candidate_id,route_label,search_option,total_distance_m,tmap_eta_sec,tmap_eta_min,geometry_point_count,mapping_status,mapping_quality,mapping_search_mode,mapping_connectivity_percent,mapping_coverage_percent,mapping_length_ratio,matched_link_count,is_usable,inside_link_count,boundary_crossing_link_count,outside_link_count,seongnam_distance_m,outside_distance_m,seongnam_distance_ratio_percent,ai_supported_link_count,tmap_fallback_link_count,outside_seongnam_link_count,ai_link_coverage_percent,ai_distance_coverage_percent,model_supported_link_universe_count
OD_000001_A,OD_000001,36,A,traffic_optimal,0,16215.0,1759.0,29.3,437,mapped,good,strict,100.0,100.0,1.0052,95,True,63,0,32,9229.08,7070.55,56.62,0,63,32,0.0,0.0,355
OD_000001_B,OD_000001,36,B,minimum_time,2,19228.0,1421.0,23.7,508,mapped,good,strict,100.0,100.0,1.0058,77,True,45,0,32,12267.92,7070.55,63.44,3,42,32,6.67,7.62,355
OD_000001_C,OD_000001,36,C,shortest,10,16092.0,2588.0,43.1,588,mapped,good,strict,100.0,100.0,1.0042,132,True,64,1,67,8260.46,7898.87,51.12,0,65,67,0.0,0.0,355
OD_000002_A,OD_000002,33,A,traffic_optimal,0,24634.0,1989.0,33.1,591,mapped,review,wide,100.0,89.08,0.9968,80,True,22,1,57,7975.54,16578.39,32.48,9,14,57,39.13,49.52,355
OD_000002_B,OD_000002,33,B,minimum_time,2,27235.0,1685.0,28.1,742,mapped,good,strict,100.0,93.2,1.004,85,True,38,1,46,11516.52,15826.26,42.12,2,37,46,5.13,7.13,355
OD_000002_C,OD_000002,33,C,shortest,10,22253.0,3115.0,51.9,588,mapped,good,strict,100.0,96.21,0.98,142,True,22,1,119,7975.54,13831.37,36.57,9,14,119,39.13,49.52,355
OD_000003_A,OD_000003,32,A,traffic_optimal,0,16508.0,1208.0,20.1,303,mapped,recovered,controlled_recovery,98.63,93.91,0.9617,74,True,24,0,50,6387.52,9488.36,40.23,4,20,50,16.67,35.32,355
OD_000003_B,OD_000003,32,B,minimum_time,2,17591.0,1270.0,21.2,293,mapped,good,strict,100.0,98.97,0.9988,78,True,24,0,54,6387.52,11182.5,36.35,4,20,54,16.67,35.32,355
OD_000003_C,OD_000003,32,C,shortest,10,16127.0,2495.0,41.6,513,mapped,good,strict,100.0,96.22,1.0019,126,True,45,1,80,6152.44,10004.2,38.08,3,43,80,6.52,10.9,355
OD_000004_A,OD_000004,32,A,traffic_optimal,0,19110.0,1408.0,23.5,395,mapped,recovered,controlled_recovery,98.73,90.34,0.938,80,True,16,0,64,6061.13,11864.48,33.81,5,11,64,31.25,43.82,355
OD_000004_B,OD_000004,32,B,minimum_time,2,18370.0,1311.0,21.9,392,mapped,review,strict,100.0,87.64,0.9281,42,True,16,0,26,6061.13,10988.39,35.55,5,11,26,31.25,43.82,355
OD_000004_C,OD_000004,32,C,shortest,10,17377.0,2163.0,36.0,619,failed,failed,,0.0,0.0,0.0,0,False,0,0,0,0.0,0.0,0.0,0,0,0,0.0,0.0,0
OD_000005_A,OD_000005,31,A,traffic_optimal,0,15377.0,1320.0,22.0,356,mapped,good,strict,100.0,98.6,0.9849,65,True,12,1,52,6070.84,9073.9,40.09,0,13,52,0.0,0.0,355
OD_000005_B,OD_000005,31,B,minimum_time,2,17484.0,1331.0,22.2,302,mapped,good,strict,100.0,99.0,1.002,73,True,25,0,48,6925.94,10592.63,39.53,6,19,48,24.0,43.94,355
OD_000005_C,OD_000005,31,C,shortest,10,14933.0,2398.0,40.0,529,mapped,good,normal,100.0,90.22,0.9821,108,True,43,1,64,5849.14,8816.19,39.88,2,42,64,4.55,7.02,355
OD_000006_A,OD_000006,31,A,traffic_optimal,0,19072.0,1080.0,18.0,356,mapped,good,wide,100.0,99.58,1.0089,64,True,23,0,41,7459.83,11782.19,38.77,7,16,41,30.43,34.33,355
OD_000006_B,OD_000006,31,B,minimum_time,2,19072.0,1080.0,18.0,356,mapped,good,wide,100.0,99.58,1.0089,64,True,23,0,41,7459.83,11782.19,38.77,7,16,41,30.43,34.33,355
OD_000006_C,OD_000006,31,C,shortest,10,14783.0,1602.0,26.7,407,mapped,good,strict,100.0,99.45,1.0098,110,True,32,1,77,7037.45,7890.48,47.14,12,21,77,36.36,51.38,355
OD_000007_A,OD_000007,30,A,traffic_optimal,0,15270.0,1323.0,22.1,347,mapped,good,strict,100.0,100.0,0.9986,66,True,23,1,42,7044.62,8204.28,46.2,0,24,42,0.0,0.0,355
OD_000007_B,OD_000007,30,B,minimum_time,2,15270.0,1323.0,22.1,347,mapped,good,strict,100.0,100.0,0.9986,66,True,23,1,42,7044.62,8204.28,46.2,0,24,42,0.0,0.0,355
OD_000007_C,OD_000007,30,C,shortest,10,15121.0,1388.0,23.1,385,mapped,good,strict,100.0,100.0,1.0014,70,True,27,1,42,6950.73,8191.59,45.9,8,20,42,28.57,32.63,355
OD_000008_A,OD_000008,30,A,traffic_optimal,0,26017.0,2131.0,35.5,607,mapped,good,strict,100.0,98.01,0.981,127,True,25,0,102,7325.12,18197.41,28.7,6,19,102,24.0,29.51,355
OD_000008_B,OD_000008,30,B,minimum_time,2,33255.0,1796.0,29.9,705,mapped,good,strict,100.0,92.36,0.99,88,True,21,0,67,8938.58,23985.69,27.15,1,20,67,4.76,4.85,355
OD_000008_C,OD_000008,30,C,shortest,10,21901.0,3055.0,50.9,649,mapped,recovered,controlled_recovery,100.0,88.84,0.9775,187,True,34,1,152,6902.74,14506.23,32.24,11,24,152,31.43,46.6,355
OD_000009_A,OD_000009,29,A,traffic_optimal,0,26744.0,1854.0,30.9,687,mapped,recovered,controlled_recovery,98.86,92.45,0.9942,89,True,35,1,53,10219.31,16369.93,38.43,15,21,53,41.67,60.0,355
OD_000009_B,OD_000009,29,B,minimum_time,2,28302.0,1562.0,26.0,782,mapped,good,strict,100.0,93.47,1.0038,81,True,33,1,47,11987.74,16421.37,42.2,2,32,47,5.88,8.52,355
OD_000009_C,OD_000009,29,C,shortest,10,22775.0,3270.0,54.5,603,mapped,good,strict,100.0,99.25,0.9946,153,True,33,1,119,8819.16,13831.37,38.94,9,25,119,26.47,44.78,355
OD_000010_A,OD_000010,29,A,traffic_optimal,0,25242.0,1819.0,30.3,681,mapped,recovered,controlled_recovery,98.81,92.0,0.9948,85,True,31,1,53,8740.01,16369.93,34.81,9,23,53,28.12,45.19,355
OD_000010_B,OD_000010,29,B,minimum_time,2,27030.0,1658.0,27.6,740,mapped,good,wide,100.0,93.16,1.0055,90,True,42,1,47,10755.63,16421.37,39.58,6,37,47,13.95,12.4,355
OD_000010_C,OD_000010,29,C,shortest,10,22239.0,3321.0,55.4,633,mapped,good,strict,100.0,99.23,0.9961,169,True,38,1,130,6769.42,15381.82,30.56,17,22,130,43.59,57.3,355
OD_000011_A,OD_000011,29,A,traffic_optimal,0,15125.0,1221.0,20.4,366,mapped,good,strict,100.0,99.47,1.0055,68,True,21,1,46,6265.15,8942.54,41.2,7,15,46,31.82,29.8,355
OD_000011_B,OD_000011,29,B,minimum_time,2,15125.0,1221.0,20.4,366,mapped,good,strict,100.0,99.47,1.0055,68,True,21,1,46,6265.15,8942.54,41.2,7,15,46,31.82,29.8,355
OD_000011_C,OD_000011,29,C,shortest,10,15121.0,1429.0,23.8,396,mapped,good,strict,100.0,99.47,1.0054,93,True,41,1,51,7410.05,7793.18,48.74,19,23,51,45.24,61.09,355
OD_000012_A,OD_000012,29,A,traffic_optimal,0,14515.0,1101.0,18.4,360,mapped,good,strict,100.0,99.44,0.9969,64,True,21,1,42,6265.15,8204.28,43.3,7,15,42,31.82,29.8,355
OD_000012_B,OD_000012,29,B,minimum_time,2,14515.0,1101.0,18.4,360,mapped,good,strict,100.0,99.44,0.9969,64,True,21,1,42,6265.15,8204.28,43.3,7,15,42,31.82,29.8,355
OD_000012_C,OD_000012,29,C,shortest,10,14487.0,1184.0,19.7,365,mapped,good,strict,100.0,99.44,0.9979,64,True,21,1,42,6265.15,8191.59,43.34,7,15,42,31.82,29.8,355
OD_000013_A,OD_000013,28,A,traffic_optimal,0,15781.0,1544.0,25.7,480,mapped,good,strict,100.0,100.0,1.0044,103,True,44,0,59,8270.53,7579.48,52.18,15,29,59,34.09,61.08,355
OD_000013_B,OD_000013,28,B,minimum_time,2,19699.0,1219.0,20.3,384,mapped,good,wide,100.0,100.0,1.0039,72,True,31,0,41,7993.44,11782.19,40.42,7,24,41,22.58,32.04,355
OD_000013_C,OD_000013,28,C,shortest,10,15410.0,1685.0,28.1,435,mapped,good,strict,100.0,100.0,1.0034,118,True,40,1,77,7571.06,7890.48,48.97,12,29,77,29.27,47.76,355
OD_000014_A,OD_000014,28,A,traffic_optimal,0,19479.0,1239.0,20.6,637,mapped,good,strict,100.0,99.3,0.9926,74,True,43,1,30,10407.89,8926.09,53.83,6,38,30,13.64,14.21,355
OD_000014_B,OD_000014,28,B,minimum_time,2,20034.0,1278.0,21.3,555,mapped,good,strict,100.0,97.06,0.9742,74,True,42,0,32,12446.63,7070.55,63.77,4,38,32,9.52,10.72,355
OD_000014_C,OD_000014,28,C,shortest,10,16450.0,2480.0,41.3,627,mapped,good,strict,100.0,99.18,0.9927,132,True,64,1,67,8430.82,7898.87,51.63,0,65,67,0.0,0.0,355
OD_000015_A,OD_000015,28,A,traffic_optimal,0,15023.0,1266.0,21.1,368,mapped,good,strict,100.0,100.0,1.0114,72,True,25,1,46,6251.38,8942.54,41.14,6,20,46,23.08,23.66,355
OD_000015_B,OD_000015,28,B,minimum_time,2,15967.0,1224.0,20.4,360,mapped,good,strict,100.0,99.05,1.0091,67,True,20,1,46,7169.45,8942.54,44.5,0,21,46,0.0,0.0,355
OD_000015_C,OD_000015,28,C,shortest,10,15020.0,1527.0,25.4,398,mapped,good,strict,100.0,100.0,1.0113,97,True,45,1,51,7396.28,7793.18,48.69,18,28,51,39.13,55.96,355
OD_000016_A,OD_000016,27,A,traffic_optimal,0,16127.0,1352.0,22.5,452,mapped,good,strict,100.0,100.0,1.0209,91,True,32,0,59,8884.25,7579.48,53.96,17,15,59,53.12,66.18,355
OD_000016_B,OD_000016,27,B,minimum_time,2,19973.0,1219.0,20.3,384,mapped,good,wide,100.0,100.0,1.0089,72,True,31,0,41,8368.65,11782.19,41.53,8,23,41,25.81,35.23,355
OD_000016_C,OD_000016,27,C,shortest,10,15089.0,2067.0,34.5,399,mapped,good,strict,100.0,99.92,1.0216,130,True,63,0,67,8092.28,7323.37,52.49,1,62,67,1.59,5.06,355
OD_000017_A,OD_000017,27,A,traffic_optimal,0,14658.0,1677.0,27.9,409,mapped,good,strict,100.0,99.91,1.0075,90,True,31,0,59,7188.61,7579.48,48.68,8,23,59,25.81,43.59,355
OD_000017_B,OD_000017,27,B,minimum_time,2,18910.0,1273.0,21.2,343,mapped,good,wide,100.0,100.0,1.0104,66,True,25,0,41,7325.12,11782.19,38.34,6,19,41,24.0,29.51,355
OD_000017_C,OD_000017,27,C,shortest,10,14559.0,1936.0,32.3,395,mapped,good,strict,100.0,98.33,0.993,124,True,57,0,67,7133.44,7323.37,49.34,1,56,67,1.75,5.74,355
OD_000018_A,OD_000018,27,A,traffic_optimal,0,16526.0,1428.0,23.8,465,mapped,good,strict,100.0,100.0,1.0075,92,True,33,0,59,9070.52,7579.48,54.48,17,16,59,51.52,64.82,355
OD_000018_B,OD_000018,27,B,minimum_time,2,19640.0,1358.0,22.6,367,mapped,good,wide,100.0,99.07,1.0098,69,True,28,0,41,8050.88,11782.19,40.59,7,21,41,25.0,31.81,355
OD_000018_C,OD_000018,27,C,shortest,10,15304.0,2093.0,34.9,409,mapped,good,strict,100.0,99.92,1.0115,136,True,69,0,67,8157.45,7323.37,52.69,1,68,67,1.45,5.02,355
OD_000019_A,OD_000019,27,A,traffic_optimal,0,17142.0,1281.0,21.4,465,mapped,recovered,controlled_recovery,98.55,99.5,0.9933,70,True,40,1,29,7930.66,9096.65,46.58,0,41,29,0.0,0.0,355
OD_000019_B,OD_000019,27,B,minimum_time,2,17142.0,1286.0,21.4,465,mapped,recovered,controlled_recovery,98.55,99.5,0.9933,70,True,40,1,29,7930.66,9096.65,46.58,0,41,29,0.0,0.0,355
OD_000019_C,OD_000019,27,C,shortest,10,16489.0,2379.0,39.6,461,mapped,review,wide,100.0,85.45,0.9998,117,True,26,1,90,7576.94,8907.65,45.96,9,18,90,33.33,39.04,355
OD_000020_A,OD_000020,27,A,traffic_optimal,0,19474.0,1266.0,21.1,637,mapped,good,strict,100.0,99.3,0.9928,74,True,43,1,30,10407.89,8926.09,53.83,6,38,30,13.64,14.21,355
OD_000020_B,OD_000020,27,B,minimum_time,2,19474.0,1266.0,21.1,637,mapped,good,strict,100.0,99.3,0.9928,74,True,43,1,30,10407.89,8926.09,53.83,6,38,30,13.64,14.21,355
OD_000020_C,OD_000020,27,C,shortest,10,16446.0,2265.0,37.8,627,mapped,good,strict,100.0,99.18,0.993,132,True,64,1,67,8430.82,7898.87,51.63,0,65,67,0.0,0.0,355
OD_000021_A,OD_000021,27,A,traffic_optimal,0,16129.0,1099.0,18.3,308,mapped,recovered,controlled_recovery,98.48,93.3,0.9613,67,True,17,0,50,6017.12,9488.36,38.81,5,12,50,29.41,44.14,355
OD_000021_B,OD_000021,27,B,minimum_time,2,17211.0,1044.0,17.4,298,mapped,good,strict,100.0,98.51,0.9993,71,True,17,0,54,6017.12,11182.5,34.98,5,12,54,29.41,44.14,355
OD_000021_C,OD_000021,27,C,shortest,10,15925.0,2370.0,39.5,515,mapped,good,strict,100.0,95.66,0.9965,121,True,40,1,80,5865.24,10004.2,36.96,4,37,80,9.76,18.05,355
OD_000022_A,OD_000022,26,A,traffic_optimal,0,24234.0,1964.0,32.7,648,mapped,recovered,controlled_recovery,99.23,97.87,0.9868,131,True,41,1,89,8290.19,15622.2,34.67,0,42,89,0.0,0.0,355
OD_000022_B,OD_000022,26,B,minimum_time,2,29855.0,1801.0,30.0,649,mapped,good,strict,100.0,94.2,1.0093,103,True,26,0,77,9347.56,20783.86,31.02,3,23,77,11.54,10.91,355
OD_000022_C,OD_000022,26,C,shortest,10,22524.0,2305.0,38.4,703,mapped,recovered,controlled_recovery,99.35,99.45,0.998,156,True,42,1,113,7943.0,14535.64,35.34,0,43,113,0.0,0.0,355
OD_000023_A,OD_000023,26,A,traffic_optimal,0,19160.0,1427.0,23.8,404,mapped,recovered,controlled_recovery,98.78,93.42,0.9629,83,True,19,0,64,6584.89,11864.48,35.69,6,13,64,31.58,46.21,355
OD_000023_B,OD_000023,26,B,minimum_time,2,18358.0,1250.0,20.8,386,mapped,good,strict,100.0,90.82,0.9554,51,True,25,0,26,6550.73,10988.39,37.35,5,20,26,20.0,40.54,355
OD_000023_C,OD_000023,26,C,shortest,10,17044.0,1962.0,32.7,609,failed,failed,,0.0,0.0,0.0,0,False,0,0,0,0.0,0.0,0.0,0,0,0,0.0,0.0,0
OD_000024_A,OD_000024,26,A,traffic_optimal,0,7249.0,922.0,15.4,192,mapped,good,strict,100.0,100.0,1.0209,45,True,45,0,0,7400.55,0.0,100.0,5,40,0,11.11,24.73,355
OD_000024_B,OD_000024,26,B,minimum_time,2,7428.0,869.0,14.5,206,mapped,good,strict,100.0,100.0,1.0178,48,True,48,0,0,7560.09,0.0,100.0,5,43,0,10.42,24.21,355
OD_000024_C,OD_000024,26,C,shortest,10,7222.0,1276.0,21.3,220,mapped,recovered,controlled_recovery,98.44,92.34,1.0501,65,True,65,0,0,7583.13,0.0,100.0,3,62,0,4.62,10.12,355
OD_000025_A,OD_000025,26,A,traffic_optimal,0,17232.0,1164.0,19.4,309,mapped,good,strict,100.0,95.82,0.9665,64,True,16,0,48,6061.13,10592.63,36.39,5,11,48,31.25,43.82,355
OD_000025_B,OD_000025,26,B,minimum_time,2,17232.0,1164.0,19.4,309,mapped,good,strict,100.0,95.82,0.9665,64,True,16,0,48,6061.13,10592.63,36.39,5,11,48,31.25,43.82,355
OD_000025_C,OD_000025,26,C,shortest,10,15248.0,2311.0,38.5,547,mapped,review,normal,100.0,89.53,0.9715,109,True,44,1,64,5997.29,8816.19,40.49,3,42,64,6.67,11.18,355
OD_000026_A,OD_000026,26,A,traffic_optimal,0,17275.0,1255.0,20.9,316,mapped,good,strict,100.0,95.57,0.964,64,True,16,0,48,6061.13,10592.63,36.39,5,11,48,31.25,43.82,355
OD_000026_B,OD_000026,26,B,minimum_time,2,17275.0,1255.0,20.9,316,mapped,good,strict,100.0,95.57,0.964,64,True,16,0,48,6061.13,10592.63,36.39,5,11,48,31.25,43.82,355
OD_000026_C,OD_000026,26,C,shortest,10,15292.0,2480.0,41.3,554,mapped,review,normal,100.0,89.56,0.9687,109,True,44,1,64,5997.29,8816.19,40.49,3,42,64,6.67,11.18,355
OD_000027_A,OD_000027,26,A,traffic_optimal,0,19115.0,1444.0,24.1,395,mapped,recovered,controlled_recovery,98.73,90.32,0.9378,80,True,16,0,64,6061.13,11864.48,33.81,5,11,64,31.25,43.82,355
OD_000027_B,OD_000027,26,B,minimum_time,2,18375.0,1274.0,21.2,392,mapped,review,strict,100.0,87.62,0.9279,42,True,16,0,26,6061.13,10988.39,35.55,5,11,26,31.25,43.82,355
OD_000027_C,OD_000027,26,C,shortest,10,17382.0,2151.0,35.9,619,failed,failed,,0.0,0.0,0.0,0,False,0,0,0,0.0,0.0,0.0,0,0,0,0.0,0.0,0
OD_000028_A,OD_000028,26,A,traffic_optimal,0,15798.0,1523.0,25.4,486,mapped,good,strict,100.0,96.27,0.9723,94,True,35,0,59,7780.92,7579.48,50.66,15,20,59,42.86,64.92,355
OD_000028_B,OD_000028,26,B,minimum_time,2,19716.0,1228.0,20.5,390,mapped,good,wide,100.0,97.01,0.9782,63,True,22,0,41,7503.84,11782.19,38.91,7,15,41,31.82,34.13,355
OD_000028_C,OD_000028,26,C,shortest,10,15427.0,1662.0,27.7,441,mapped,good,strict,100.0,96.18,0.9705,109,True,31,1,77,7081.46,7890.48,47.3,12,20,77,37.5,51.06,355
OD_000029_A,OD_000029,26,A,traffic_optimal,0,15430.0,1373.0,22.9,353,mapped,good,strict,100.0,100.0,0.9982,67,True,14,1,52,6328.39,9073.9,41.09,0,15,52,0.0,0.0,355
OD_000029_B,OD_000029,26,B,minimum_time,2,17149.0,1267.0,21.1,281,mapped,good,strict,100.0,98.98,0.9999,73,True,25,0,48,6555.43,10592.63,38.23,4,21,48,16.0,34.42,355
OD_000029_C,OD_000029,26,C,shortest,10,15098.0,2437.0,40.6,517,mapped,good,normal,100.0,90.33,0.9807,109,True,44,1,64,5991.03,8816.19,40.46,3,42,64,6.67,11.2,355
OD_000030_A,OD_000030,26,A,traffic_optimal,0,24294.0,2024.0,33.7,647,mapped,recovered,controlled_recovery,99.21,95.89,0.9595,128,True,38,1,89,7686.56,15622.2,32.98,0,39,89,0.0,0.0,355
OD_000030_B,OD_000030,26,B,minimum_time,2,33495.0,1894.0,31.6,718,mapped,good,strict,100.0,90.98,0.9771,90,True,23,0,67,8743.93,23985.69,26.72,3,20,67,13.04,11.66,355
OD_000030_C,OD_000030,26,C,shortest,10,22726.0,2493.0,41.5,697,mapped,recovered,controlled_recovery,99.34,97.34,0.9778,152,True,38,1,113,7686.56,14535.64,34.59,0,39,113,0.0,0.0,355
OD_000031_A,OD_000031,26,A,traffic_optimal,0,1663.0,297.0,5.0,47,mapped,poor,strict,100.0,80.56,0.8302,14,False,14,0,0,1381.04,0.0,100.0,0,14,0,0.0,0.0,355
OD_000031_B,OD_000031,26,B,minimum_time,2,1663.0,297.0,5.0,47,mapped,poor,strict,100.0,80.56,0.8302,14,False,14,0,0,1381.04,0.0,100.0,0,14,0,0.0,0.0,355
OD_000031_C,OD_000031,26,C,shortest,10,1628.0,290.0,4.8,52,mapped,review,strict,100.0,86.15,0.8485,14,True,14,0,0,1381.04,0.0,100.0,0,14,0,0.0,0.0,355
OD_000032_A,OD_000032,26,A,traffic_optimal,0,11301.0,1011.0,16.9,260,mapped,review,strict,100.0,87.89,0.8912,64,True,37,1,26,7722.65,2348.23,76.68,14,24,26,36.84,54.92,355
OD_000032_B,OD_000032,26,B,minimum_time,2,11301.0,1011.0,16.9,260,mapped,review,strict,100.0,87.89,0.8912,64,True,37,1,26,7722.65,2348.23,76.68,14,24,26,36.84,54.92,355
OD_000032_C,OD_000032,26,C,shortest,10,10092.0,1004.0,16.7,261,mapped,good,strict,100.0,93.77,0.9834,53,True,26,1,26,7576.94,2348.23,76.34,9,18,26,33.33,39.04,355
OD_000033_A,OD_000033,26,A,traffic_optimal,0,19231.0,1309.0,21.8,603,mapped,good,strict,100.0,100.0,1.004,74,True,43,1,30,10381.23,8926.09,53.77,6,38,30,13.64,14.25,355
OD_000033_B,OD_000033,26,B,minimum_time,2,19231.0,1309.0,21.8,603,mapped,good,strict,100.0,100.0,1.004,74,True,43,1,30,10381.23,8926.09,53.77,6,38,30,13.64,14.25,355
OD_000033_C,OD_000033,26,C,shortest,10,15407.0,2219.0,37.0,576,mapped,good,strict,100.0,96.86,0.9938,123,True,55,1,67,7412.3,7898.87,48.41,0,56,67,0.0,0.0,355
OD_000034_A,OD_000034,26,A,traffic_optimal,0,24166.0,2048.0,34.1,672,mapped,recovered,controlled_recovery,98.41,96.07,0.9576,127,True,37,1,89,7517.6,15622.2,32.49,0,38,89,0.0,0.0,355
OD_000034_B,OD_000034,26,B,minimum_time,2,33042.0,1859.0,31.0,728,mapped,good,strict,100.0,90.54,0.9723,85,True,18,0,67,8140.96,23985.69,25.34,2,16,67,11.11,7.76,355
OD_000034_C,OD_000034,26,C,shortest,10,22702.0,3050.0,50.8,696,mapped,recovered,controlled_recovery,100.0,86.66,0.9509,184,True,31,1,152,7081.46,14506.23,32.8,12,20,152,37.5,51.06,355
OD_000035_A,OD_000035,25,A,traffic_optimal,0,17322.0,1156.0,19.3,454,mapped,recovered,controlled_recovery,98.57,99.5,1.0037,71,True,41,1,29,8290.19,9096.65,47.68,0,42,29,0.0,0.0,355
OD_000035_B,OD_000035,25,B,minimum_time,2,21500.0,1265.0,21.1,418,mapped,good,strict,100.0,99.6,0.9937,60,True,31,0,29,8368.65,12996.74,39.17,8,23,29,25.81,35.23,355
OD_000035_C,OD_000035,25,C,shortest,10,16326.0,2519.0,42.0,437,mapped,review,wide,100.0,89.15,1.019,135,True,44,1,90,7728.98,8907.65,46.46,11,34,90,24.44,41.62,355
OD_000036_A,OD_000036,25,A,traffic_optimal,0,1419.0,256.0,4.3,49,mapped,good,strict,100.0,92.51,1.1267,13,True,13,0,0,1598.89,0.0,100.0,0,13,0,0.0,0.0,355
OD_000036_B,OD_000036,25,B,minimum_time,2,1419.0,256.0,4.3,49,mapped,good,strict,100.0,92.51,1.1267,13,True,13,0,0,1598.89,0.0,100.0,0,13,0,0.0,0.0,355
OD_000036_C,OD_000036,25,C,shortest,10,1419.0,256.0,4.3,49,mapped,good,strict,100.0,92.51,1.1267,13,True,13,0,0,1598.89,0.0,100.0,0,13,0,0.0,0.0,355
OD_000037_A,OD_000037,25,A,traffic_optimal,0,15866.0,1308.0,21.8,374,mapped,good,normal,100.0,96.16,0.9701,62,True,15,1,46,6449.73,8942.54,41.9,0,16,46,0.0,0.0,355
OD_000037_B,OD_000037,25,B,minimum_time,2,15688.0,1271.0,21.2,378,mapped,good,strict,100.0,99.05,0.9965,66,True,19,1,46,6690.19,8942.54,42.8,0,20,46,0.0,0.0,355
OD_000037_C,OD_000037,25,C,shortest,10,15688.0,1271.0,21.2,378,mapped,good,strict,100.0,99.05,0.9965,66,True,19,1,46,6690.19,8942.54,42.8,0,20,46,0.0,0.0,355
OD_000038_A,OD_000038,25,A,traffic_optimal,0,24922.0,1829.0,30.5,669,mapped,good,wide,100.0,91.3,1.0022,88,True,30,1,57,8519.06,16458.2,34.11,9,22,57,29.03,46.36,355
OD_000038_B,OD_000038,25,B,minimum_time,2,27572.0,1697.0,28.3,785,mapped,good,strict,100.0,90.33,0.9757,79,True,34,1,44,11364.46,15536.51,42.25,3,32,44,8.57,10.74,355
OD_000038_C,OD_000038,25,C,shortest,10,22654.0,2923.0,48.7,628,mapped,good,strict,100.0,98.58,0.9866,150,True,30,1,119,8519.06,13831.37,38.12,9,22,119,29.03,46.36,355
OD_000039_A,OD_000039,25,A,traffic_optimal,0,20843.0,1368.0,22.8,513,mapped,good,strict,100.0,97.12,0.9974,77,True,33,1,43,8989.53,11799.97,43.24,9,25,43,26.47,43.94,355
OD_000039_B,OD_000039,25,B,minimum_time,2,20843.0,1368.0,22.8,513,mapped,good,strict,100.0,97.12,0.9974,77,True,33,1,43,8989.53,11799.97,43.24,9,25,43,26.47,43.94,355
OD_000039_C,OD_000039,25,C,shortest,10,16431.0,1919.0,32.0,474,mapped,recovered,controlled_recovery,98.94,85.92,0.8929,95,True,45,1,49,7542.1,7129.01,51.41,18,28,49,39.13,54.88,355
OD_000040_A,OD_000040,25,A,traffic_optimal,0,18901.0,1384.0,23.1,368,mapped,recovered,controlled_recovery,98.85,93.3,0.9684,88,True,24,0,64,6440.05,11864.48,35.18,5,19,64,20.83,41.24,355
OD_000040_B,OD_000040,25,B,minimum_time,2,18160.0,1244.0,20.7,365,mapped,good,strict,100.0,90.69,0.9597,50,True,24,0,26,6440.05,10988.39,36.95,5,19,26,20.83,41.24,355
OD_000040_C,OD_000040,25,C,shortest,10,17298.0,2094.0,34.9,582,failed,failed,,0.0,0.0,0.0,0,False,0,0,0,0.0,0.0,0.0,0,0,0,0.0,0.0,0
OD_000041_A,OD_000041,25,A,traffic_optimal,0,4350.0,819.0,13.7,125,mapped,good,strict,100.0,100.0,1.0039,43,True,43,0,0,4367.23,0.0,100.0,0,43,0,0.0,0.0,355
OD_000041_B,OD_000041,25,B,minimum_time,2,4529.0,766.0,12.8,139,mapped,good,strict,100.0,100.0,0.9995,46,True,46,0,0,4526.77,0.0,100.0,0,46,0,0.0,0.0,355
OD_000041_C,OD_000041,25,C,shortest,10,4119.0,936.0,15.6,147,mapped,recovered,controlled_recovery,97.3,86.58,1.0567,38,True,38,0,0,4352.01,0.0,100.0,1,37,0,2.63,7.21,355
OD_000042_A,OD_000042,25,A,traffic_optimal,0,20686.0,1444.0,24.1,488,mapped,good,strict,100.0,97.02,1.0054,75,True,31,1,43,8998.32,11799.97,43.26,9,23,43,28.12,43.89,355
OD_000042_B,OD_000042,25,B,minimum_time,2,20686.0,1444.0,24.1,488,mapped,good,strict,100.0,97.02,1.0054,75,True,31,1,43,8998.32,11799.97,43.26,9,23,43,28.12,43.89,355
OD_000042_C,OD_000042,25,C,shortest,10,16087.0,2024.0,33.7,448,mapped,recovered,controlled_recovery,98.94,86.46,0.9029,95,True,45,1,49,7396.28,7129.01,50.92,18,28,49,39.13,55.96,355
OD_000043_A,OD_000043,25,A,traffic_optimal,0,3203.0,600.0,10.0,114,mapped,good,strict,100.0,100.0,1.0568,29,True,29,0,0,3385.23,0.0,100.0,4,25,0,13.79,32.3,355
OD_000043_B,OD_000043,25,B,minimum_time,2,3457.0,530.0,8.8,126,mapped,poor,wide,100.0,65.66,0.7866,23,False,23,0,0,2718.96,0.0,100.0,4,19,0,17.39,40.22,355
OD_000043_C,OD_000043,25,C,shortest,10,2523.0,559.0,9.3,106,mapped,good,strict,100.0,100.0,1.0568,27,True,27,0,0,2665.81,0.0,100.0,0,27,0,0.0,0.0,355
OD_000044_A,OD_000044,25,A,traffic_optimal,0,4474.0,549.0,9.2,139,mapped,review,strict,100.0,89.29,0.8189,27,True,27,0,0,3663.55,0.0,100.0,0,27,0,0.0,0.0,355
OD_000044_B,OD_000044,25,B,minimum_time,2,4474.0,549.0,9.2,139,mapped,review,strict,100.0,89.29,0.8189,27,True,27,0,0,3663.55,0.0,100.0,0,27,0,0.0,0.0,355
OD_000044_C,OD_000044,25,C,shortest,10,4281.0,663.0,11.1,135,mapped,poor,strict,100.0,81.78,0.8558,27,False,27,0,0,3663.55,0.0,100.0,0,27,0,0.0,0.0,355
OD_000045_A,OD_000045,25,A,traffic_optimal,0,14816.0,1127.0,18.8,341,mapped,good,strict,100.0,98.43,0.9829,57,True,14,1,42,6358.72,8204.28,43.66,0,15,42,0.0,0.0,355
OD_000045_B,OD_000045,25,B,minimum_time,2,14816.0,1127.0,18.8,341,mapped,good,strict,100.0,98.43,0.9829,57,True,14,1,42,6358.72,8204.28,43.66,0,15,42,0.0,0.0,355
OD_000045_C,OD_000045,25,C,shortest,10,14766.0,1358.0,22.6,370,mapped,good,strict,100.0,96.74,0.9685,64,True,21,1,42,6108.69,8191.59,42.72,6,16,42,27.27,24.21,355
OD_000046_A,OD_000046,25,A,traffic_optimal,0,23944.0,1852.0,30.9,637,mapped,recovered,controlled_recovery,99.15,97.5,0.9793,119,True,38,1,80,7843.03,15605.2,33.45,1,38,80,2.56,4.95,355
OD_000046_B,OD_000046,25,B,minimum_time,2,28823.0,1930.0,32.2,624,mapped,good,strict,100.0,93.71,1.002,96,True,19,0,77,8096.96,20783.86,28.04,2,17,77,10.53,7.8,355
OD_000046_C,OD_000046,25,C,shortest,10,22064.0,2888.0,48.1,662,mapped,recovered,controlled_recovery,100.0,88.56,0.9764,185,True,32,1,152,7037.45,14506.23,32.67,12,21,152,36.36,51.38,355
OD_000047_A,OD_000047,25,A,traffic_optimal,0,8202.0,799.0,13.3,224,mapped,good,strict,100.0,99.02,1.0138,43,True,43,0,0,8314.91,0.0,100.0,6,37,0,13.95,26.68,355
OD_000047_B,OD_000047,25,B,minimum_time,2,8938.0,805.0,13.4,291,mapped,good,strict,100.0,99.1,1.0148,52,True,52,0,0,9070.14,0.0,100.0,7,45,0,13.46,20.58,355
OD_000047_C,OD_000047,25,C,shortest,10,7997.0,867.0,14.4,216,mapped,good,strict,100.0,98.36,1.0017,43,True,43,0,0,8011.19,0.0,100.0,5,38,0,11.63,22.85,355
OD_000048_A,OD_000048,24,A,traffic_optimal,0,15078.0,1190.0,19.8,372,mapped,good,strict,100.0,99.01,0.9878,62,True,19,1,42,6690.19,8204.28,44.92,0,20,42,0.0,0.0,355
OD_000048_B,OD_000048,24,B,minimum_time,2,15078.0,1190.0,19.8,372,mapped,good,strict,100.0,99.01,0.9878,62,True,19,1,42,6690.19,8204.28,44.92,0,20,42,0.0,0.0,355
OD_000048_C,OD_000048,24,C,shortest,10,15050.0,1325.0,22.1,377,mapped,good,strict,100.0,99.01,0.9888,62,True,19,1,42,6690.19,8191.59,44.96,0,20,42,0.0,0.0,355
OD_000049_A,OD_000049,24,A,traffic_optimal,0,17215.0,1070.0,17.8,471,mapped,recovered,controlled_recovery,96.97,96.99,0.9651,67,True,37,1,29,7517.6,9096.65,45.25,0,38,29,0.0,0.0,355
OD_000049_B,OD_000049,24,B,minimum_time,2,17215.0,1070.0,17.8,471,mapped,recovered,controlled_recovery,96.97,96.99,0.9651,67,True,37,1,29,7517.6,9096.65,45.25,0,38,29,0.0,0.0,355
OD_000049_C,OD_000049,24,C,shortest,10,16236.0,2391.0,39.9,452,mapped,review,wide,100.0,85.73,0.9848,122,True,31,1,90,7081.46,8907.65,44.29,12,20,90,37.5,51.06,355
OD_000050_A,OD_000050,24,A,traffic_optimal,0,4775.0,450.0,7.5,143,mapped,good,wide,100.0,90.22,1.0722,38,True,38,0,0,5119.24,0.0,100.0,0,38,0,0.0,0.0,355
OD_000050_B,OD_000050,24,B,minimum_time,2,4775.0,450.0,7.5,143,mapped,good,wide,100.0,90.22,1.0722,38,True,38,0,0,5119.24,0.0,100.0,0,38,0,0.0,0.0,355
OD_000050_C,OD_000050,24,C,shortest,10,4775.0,450.0,7.5,143,mapped,good,wide,100.0,90.22,1.0722,38,True,38,0,0,5119.24,0.0,100.0,0,38,0,0.0,0.0,355
OD_000051_A,OD_000051,24,A,traffic_optimal,0,8474.0,818.0,13.6,253,mapped,good,strict,100.0,98.4,0.9968,47,True,47,0,0,8446.96,0.0,100.0,5,42,0,10.64,21.67,355
OD_000051_B,OD_000051,24,B,minimum_time,2,8474.0,818.0,13.6,253,mapped,good,strict,100.0,98.4,0.9968,47,True,47,0,0,8446.96,0.0,100.0,5,42,0,10.64,21.67,355
OD_000051_C,OD_000051,24,C,shortest,10,8474.0,818.0,13.6,253,mapped,good,strict,100.0,98.4,0.9968,47,True,47,0,0,8446.96,0.0,100.0,5,42,0,10.64,21.67,355
OD_000052_A,OD_000052,24,A,traffic_optimal,0,15540.0,1349.0,22.5,353,mapped,good,strict,100.0,95.69,0.9795,64,True,11,1,52,6146.67,9073.9,40.38,0,12,52,0.0,0.0,355
OD_000052_B,OD_000052,24,B,minimum_time,2,17061.0,1194.0,19.9,289,mapped,good,strict,100.0,98.94,0.9983,72,True,24,0,48,6440.05,10592.63,37.81,5,19,48,20.83,41.24,355
OD_000052_C,OD_000052,24,C,shortest,10,15208.0,2413.0,40.2,517,mapped,good,normal,100.0,90.4,0.9843,110,True,45,1,64,6152.44,8816.19,41.1,3,43,64,6.52,10.9,355
OD_000053_A,OD_000053,24,A,traffic_optimal,0,17512.0,1133.0,18.9,455,mapped,recovered,controlled_recovery,98.65,99.48,0.9915,75,True,45,1,29,8265.95,9096.65,47.61,1,45,29,2.17,4.69,355
OD_000053_B,OD_000053,24,B,minimum_time,2,17512.0,1133.0,18.9,455,mapped,recovered,controlled_recovery,98.65,99.48,0.9915,75,True,45,1,29,8265.95,9096.65,47.61,1,45,29,2.17,4.69,355
OD_000053_C,OD_000053,24,C,shortest,10,16015.0,2575.0,42.9,420,mapped,review,wide,100.0,88.91,1.0188,130,True,39,1,90,7407.86,8907.65,45.4,11,29,90,27.5,43.42,355
OD_000054_A,OD_000054,24,A,traffic_optimal,0,19622.0,1292.0,21.5,609,mapped,good,strict,100.0,99.97,1.0002,77,True,46,1,30,10698.77,8926.09,54.52,7,40,30,14.89,17.45,355
OD_000054_B,OD_000054,24,B,minimum_time,2,19622.0,1307.0,21.8,609,mapped,good,strict,100.0,99.97,1.0002,77,True,46,1,30,10698.77,8926.09,54.52,7,40,30,14.89,17.45,355
OD_000054_C,OD_000054,24,C,shortest,10,15570.0,2256.0,37.6,573,mapped,good,strict,100.0,95.69,0.9837,121,True,53,1,67,7416.83,7898.87,48.43,0,54,67,0.0,0.0,355
OD_000055_A,OD_000055,24,A,traffic_optimal,0,4273.0,712.0,11.9,137,mapped,good,strict,100.0,100.0,1.0153,44,True,44,0,0,4338.12,0.0,100.0,0,44,0,0.0,0.0,355
OD_000055_B,OD_000055,24,B,minimum_time,2,5957.0,679.0,11.3,194,mapped,good,strict,100.0,94.49,0.9567,33,True,33,0,0,5699.15,0.0,100.0,6,27,0,18.18,25.95,355
OD_000055_C,OD_000055,24,C,shortest,10,4090.0,886.0,14.8,153,mapped,recovered,controlled_recovery,97.3,86.48,1.07,38,True,38,0,0,4376.55,0.0,100.0,1,37,0,2.63,7.17,355
OD_000056_A,OD_000056,24,A,traffic_optimal,0,1369.0,333.0,5.5,62,mapped,poor,strict,100.0,83.05,0.7833,7,False,7,0,0,1072.32,0.0,100.0,0,7,0,0.0,0.0,355
OD_000056_B,OD_000056,24,B,minimum_time,2,1369.0,333.0,5.5,62,mapped,poor,strict,100.0,83.05,0.7833,7,False,7,0,0,1072.32,0.0,100.0,0,7,0,0.0,0.0,355
OD_000056_C,OD_000056,24,C,shortest,10,1368.0,376.0,6.3,58,mapped,poor,strict,100.0,77.2,0.7838,7,False,7,0,0,1072.32,0.0,100.0,0,7,0,0.0,0.0,355
OD_000057_A,OD_000057,24,A,traffic_optimal,0,19609.0,1387.0,23.1,456,mapped,good,strict,100.0,91.2,0.9517,48,True,12,1,35,6070.84,12590.03,32.53,0,13,35,0.0,0.0,355
OD_000057_B,OD_000057,24,B,minimum_time,2,19609.0,1387.0,23.1,456,mapped,good,strict,100.0,91.2,0.9517,48,True,12,1,35,6070.84,12590.03,32.53,0,13,35,0.0,0.0,355
OD_000057_C,OD_000057,24,C,shortest,10,17023.0,2271.0,37.9,594,failed,failed,,0.0,0.0,0.0,0,False,0,0,0,0.0,0.0,0.0,0,0,0,0.0,0.0,0
OD_000058_A,OD_000058,24,A,traffic_optimal,0,16472.0,1638.0,27.3,468,mapped,good,strict,100.0,97.06,0.9995,91,True,32,0,59,8884.25,7579.48,53.96,17,15,59,53.12,66.18,355
OD_000058_B,OD_000058,24,B,minimum_time,2,19925.0,1364.0,22.7,376,mapped,good,wide,100.0,100.0,1.0114,72,True,31,0,41,8368.65,11782.19,41.53,8,23,41,25.81,35.23,355
OD_000058_C,OD_000058,24,C,shortest,10,15426.0,2067.0,34.5,414,mapped,good,strict,100.0,96.78,0.9994,130,True,63,0,67,8092.28,7323.37,52.49,1,62,67,1.59,5.06,355
OD_000059_A,OD_000059,23,A,traffic_optimal,0,14109.0,1047.0,17.4,316,mapped,good,strict,100.0,99.26,0.9904,52,True,9,1,42,5768.19,8204.28,41.28,0,10,42,0.0,0.0,355
OD_000059_B,OD_000059,23,B,minimum_time,2,14562.0,1165.0,19.4,343,mapped,good,strict,100.0,96.19,0.9595,52,True,9,1,42,5768.19,8204.28,41.28,0,10,42,0.0,0.0,355
OD_000059_C,OD_000059,23,C,shortest,10,14081.0,1159.0,19.3,321,mapped,good,strict,100.0,99.26,0.9914,52,True,9,1,42,5768.19,8191.59,41.32,0,10,42,0.0,0.0,355
OD_000060_A,OD_000060,23,A,traffic_optimal,0,9912.0,949.0,15.8,309,mapped,good,strict,100.0,99.22,0.9759,57,True,43,1,13,7253.53,2420.25,74.98,18,26,13,40.91,57.06,355
OD_000060_B,OD_000060,23,B,minimum_time,2,9912.0,949.0,15.8,309,mapped,good,strict,100.0,99.22,0.9759,57,True,43,1,13,7253.53,2420.25,74.98,18,26,13,40.91,57.06,355
OD_000060_C,OD_000060,23,C,shortest,10,9912.0,1099.0,18.3,309,mapped,good,strict,100.0,99.22,0.976,57,True,43,1,13,7253.53,2420.25,74.98,18,26,13,40.91,57.06,355
OD_000061_A,OD_000061,23,A,traffic_optimal,0,15407.0,1355.0,22.6,336,mapped,good,strict,100.0,100.0,1.0169,65,True,18,1,46,6724.89,8942.54,42.92,0,19,46,0.0,0.0,355
OD_000061_B,OD_000061,23,B,minimum_time,2,15790.0,1355.0,22.6,349,mapped,good,strict,100.0,100.0,1.0115,65,True,18,1,46,7028.61,8942.54,44.01,1,18,46,5.26,5.52,355
OD_000061_C,OD_000061,23,C,shortest,10,15060.0,1485.0,24.8,389,mapped,good,strict,100.0,100.0,1.0095,93,True,41,1,51,7410.05,7793.18,48.74,19,23,51,45.24,61.09,355
OD_000062_A,OD_000062,23,A,traffic_optimal,0,18410.0,1277.0,21.3,354,mapped,recovered,controlled_recovery,98.75,93.15,0.9713,81,True,17,0,64,6017.12,11864.48,33.65,5,12,64,29.41,44.14,355
OD_000062_B,OD_000062,23,B,minimum_time,2,17670.0,1131.0,18.9,351,mapped,good,strict,100.0,90.46,0.9624,43,True,17,0,26,6017.12,10988.39,35.38,5,12,26,29.41,44.14,355
OD_000062_C,OD_000062,23,C,shortest,10,17035.0,2092.0,34.9,577,failed,failed,,0.0,0.0,0.0,0,False,0,0,0,0.0,0.0,0.0,0,0,0,0.0,0.0,0
OD_000063_A,OD_000063,23,A,traffic_optimal,0,1288.0,229.0,3.8,37,mapped,good,strict,100.0,100.0,1.1656,16,True,16,0,0,1501.54,0.0,100.0,0,16,0,0.0,0.0,355
OD_000063_B,OD_000063,23,B,minimum_time,2,1288.0,229.0,3.8,37,mapped,good,strict,100.0,100.0,1.1656,16,True,16,0,0,1501.54,0.0,100.0,0,16,0,0.0,0.0,355
OD_000063_C,OD_000063,23,C,shortest,10,1278.0,373.0,6.2,36,mapped,good,strict,100.0,100.0,1.174,23,True,23,0,0,1500.36,0.0,100.0,0,23,0,0.0,0.0,355
OD_000064_A,OD_000064,23,A,traffic_optimal,0,16204.0,1677.0,27.9,464,mapped,good,normal,100.0,96.24,0.9692,89,True,57,0,32,8634.86,7070.55,54.98,0,57,32,0.0,0.0,355
OD_000064_B,OD_000064,23,B,minimum_time,2,20139.0,1305.0,21.8,563,mapped,good,strict,100.0,96.79,0.9778,78,True,46,0,32,12620.97,7070.55,64.09,4,42,32,8.7,10.57,355
OD_000064_C,OD_000064,23,C,shortest,10,15971.0,2244.0,37.4,613,mapped,good,strict,100.0,99.07,0.993,129,True,61,1,67,7960.35,7898.87,50.19,0,62,67,0.0,0.0,355
OD_000065_A,OD_000065,23,A,traffic_optimal,0,16635.0,1515.0,25.2,465,mapped,good,strict,100.0,95.97,0.99,89,True,30,0,59,8888.79,7579.48,53.98,17,13,59,56.67,66.15,355
OD_000065_B,OD_000065,23,B,minimum_time,2,19744.0,1212.0,20.2,368,mapped,good,wide,100.0,97.68,0.996,71,True,30,0,41,7882.75,11782.19,40.09,7,23,41,23.33,32.49,355
OD_000065_C,OD_000065,23,C,shortest,10,15101.0,2004.0,33.4,400,mapped,good,strict,100.0,96.4,0.9985,128,True,61,0,67,7753.78,7323.37,51.43,1,60,67,1.64,5.28,355
OD_000066_A,OD_000066,23,A,traffic_optimal,0,1629.0,313.0,5.2,54,mapped,good,strict,100.0,93.17,1.02,17,True,17,0,0,1661.97,0.0,100.0,0,17,0,0.0,0.0,355
OD_000066_B,OD_000066,23,B,minimum_time,2,1629.0,313.0,5.2,54,mapped,good,strict,100.0,93.17,1.02,17,True,17,0,0,1661.97,0.0,100.0,0,17,0,0.0,0.0,355
OD_000066_C,OD_000066,23,C,shortest,10,1629.0,313.0,5.2,54,mapped,good,strict,100.0,93.17,1.02,17,True,17,0,0,1661.97,0.0,100.0,0,17,0,0.0,0.0,355
OD_000067_A,OD_000067,23,A,traffic_optimal,0,15674.0,1605.0,26.8,359,mapped,good,strict,100.0,99.45,0.9932,104,True,34,1,69,6902.74,8665.35,44.34,11,24,69,31.43,46.6,355
OD_000067_B,OD_000067,23,B,minimum_time,2,20437.0,1266.0,21.1,377,mapped,good,strict,100.0,99.58,0.9944,54,True,25,0,29,7325.12,12996.74,36.05,6,19,29,24.0,29.51,355
OD_000067_C,OD_000067,23,C,shortest,10,15474.0,2470.0,41.2,412,mapped,review,wide,100.0,88.56,1.0218,125,True,34,1,90,6902.74,8907.65,43.66,11,24,90,31.43,46.6,355
OD_000068_A,OD_000068,23,A,traffic_optimal,0,24833.0,1827.0,30.4,617,mapped,recovered,controlled_recovery,98.72,91.87,0.9925,79,True,25,1,53,8157.26,16490.12,33.1,9,17,53,34.62,48.42,355
OD_000068_B,OD_000068,23,B,minimum_time,2,28018.0,1653.0,27.6,782,mapped,good,strict,100.0,92.76,1.005,84,True,36,1,47,11737.17,16421.37,41.68,3,34,47,8.11,10.4,355
OD_000068_C,OD_000068,23,C,shortest,10,22143.0,3022.0,50.4,588,mapped,good,strict,100.0,99.23,0.993,145,True,25,1,119,8157.26,13831.37,37.1,9,17,119,34.62,48.42,355
OD_000069_A,OD_000069,23,A,traffic_optimal,0,15170.0,1209.0,20.1,353,mapped,good,strict,100.0,100.0,1.0032,65,True,22,1,42,7014.84,8204.28,46.09,0,23,42,0.0,0.0,355
OD_000069_B,OD_000069,23,B,minimum_time,2,15170.0,1209.0,20.1,353,mapped,good,strict,100.0,100.0,1.0032,65,True,22,1,42,7014.84,8204.28,46.09,0,23,42,0.0,0.0,355
OD_000069_C,OD_000069,23,C,shortest,10,14386.0,1323.0,22.1,367,mapped,good,strict,100.0,100.0,1.004,68,True,25,1,42,6251.38,8191.59,43.28,6,20,42,23.08,23.66,355
OD_000070_A,OD_000070,23,A,traffic_optimal,0,9879.0,1081.0,18.0,245,mapped,good,strict,100.0,100.0,1.022,63,True,36,1,26,7747.97,2348.23,76.74,13,24,26,35.14,51.67,355
OD_000070_B,OD_000070,23,B,minimum_time,2,9879.0,1081.0,18.0,245,mapped,good,strict,100.0,100.0,1.022,63,True,36,1,26,7747.97,2348.23,76.74,13,24,26,35.14,51.67,355
OD_000070_C,OD_000070,23,C,shortest,10,9789.0,1284.0,21.4,248,mapped,good,strict,100.0,100.0,1.0321,71,True,44,1,26,7754.8,2348.23,76.76,8,37,26,17.78,32.53,355
OD_000071_A,OD_000071,23,A,traffic_optimal,0,17963.0,1454.0,24.2,562,mapped,good,strict,100.0,98.71,0.9894,82,True,51,1,30,8846.5,8926.09,49.78,0,52,30,0.0,0.0,355
OD_000071_B,OD_000071,23,B,minimum_time,2,19530.0,1257.0,20.9,583,mapped,good,strict,100.0,98.81,0.9884,68,True,37,1,30,10377.26,8926.09,53.76,0,38,30,0.0,0.0,355
OD_000071_C,OD_000071,23,C,shortest,10,15709.0,2071.0,34.5,582,mapped,good,strict,100.0,98.52,0.9885,124,True,56,1,67,7628.88,7898.87,49.13,0,57,67,0.0,0.0,355
OD_000072_A,OD_000072,23,A,traffic_optimal,0,4140.0,544.0,9.1,137,mapped,good,strict,100.0,100.0,1.028,34,True,34,0,0,4256.15,0.0,100.0,0,34,0,0.0,0.0,355
OD_000072_B,OD_000072,23,B,minimum_time,2,4140.0,544.0,9.1,137,mapped,good,strict,100.0,100.0,1.028,34,True,34,0,0,4256.15,0.0,100.0,0,34,0,0.0,0.0,355
OD_000072_C,OD_000072,23,C,shortest,10,4139.0,612.0,10.2,136,mapped,good,strict,100.0,95.01,1.0284,34,True,34,0,0,4256.15,0.0,100.0,0,34,0,0.0,0.0,355
OD_000073_A,OD_000073,23,A,traffic_optimal,0,17254.0,1223.0,20.4,478,mapped,recovered,controlled_recovery,96.97,96.99,0.9629,67,True,37,1,29,7517.6,9096.65,45.25,0,38,29,0.0,0.0,355
OD_000073_B,OD_000073,23,B,minimum_time,2,17254.0,1223.0,20.4,478,mapped,recovered,controlled_recovery,96.97,96.99,0.9629,67,True,37,1,29,7517.6,9096.65,45.25,0,38,29,0.0,0.0,355
OD_000073_C,OD_000073,23,C,shortest,10,16275.0,2537.0,42.3,459,mapped,review,wide,100.0,85.53,0.9825,122,True,31,1,90,7081.46,8907.65,44.29,12,20,90,37.5,51.06,355
OD_000074_A,OD_000074,23,A,traffic_optimal,0,17511.0,1508.0,25.1,519,mapped,good,strict,100.0,99.23,0.9984,100,True,41,0,59,9902.78,7579.48,56.64,17,24,59,41.46,59.37,355
OD_000074_B,OD_000074,23,B,minimum_time,2,19982.0,1339.0,22.3,410,mapped,good,wide,100.0,91.57,0.9521,60,True,21,0,39,7491.78,11533.26,39.38,7,14,39,33.33,34.18,355
OD_000074_C,OD_000074,23,C,shortest,10,15422.0,1811.0,30.2,441,mapped,good,strict,100.0,96.21,0.9708,109,True,31,1,77,7081.46,7890.48,47.3,12,20,77,37.5,51.06,355
OD_000075_A,OD_000075,23,A,traffic_optimal,0,20571.0,1488.0,24.8,484,mapped,good,strict,100.0,97.35,1.0042,73,True,29,1,43,8857.48,11799.97,42.88,10,20,43,33.33,48.97,355
OD_000075_B,OD_000075,23,B,minimum_time,2,26531.0,1447.0,24.1,575,mapped,good,strict,100.0,99.03,1.0038,86,True,17,0,69,6017.12,20615.86,22.59,5,12,69,29.41,44.14,355
OD_000075_C,OD_000075,23,C,shortest,10,16160.0,2140.0,35.7,362,mapped,recovered,controlled_recovery,98.78,85.71,0.8918,83,True,29,1,53,8553.76,5857.31,59.36,9,21,53,30.0,46.17,355
OD_000076_A,OD_000076,22,A,traffic_optimal,0,24949.0,1749.0,29.1,672,mapped,recovered,controlled_recovery,98.75,92.59,1.0111,81,True,24,1,56,7971.0,17254.79,31.6,9,16,56,36.0,49.55,355
OD_000076_B,OD_000076,22,B,minimum_time,2,28765.0,1545.0,25.8,790,mapped,good,strict,100.0,93.58,1.0103,87,True,39,1,47,12639.38,16421.37,43.49,2,38,47,5.0,8.08,355
OD_000076_C,OD_000076,22,C,shortest,10,21744.0,2939.0,49.0,575,mapped,good,strict,100.0,99.21,1.0027,144,True,24,1,119,7971.0,13831.37,36.56,9,16,119,36.0,49.55,355
OD_000077_A,OD_000077,22,A,traffic_optimal,0,4284.0,608.0,10.1,109,mapped,good,strict,100.0,99.71,1.0356,38,True,38,0,0,4436.74,0.0,100.0,1,37,0,2.63,9.23,355
OD_000077_B,OD_000077,22,B,minimum_time,2,4284.0,608.0,10.1,109,mapped,good,strict,100.0,99.71,1.0356,38,True,38,0,0,4436.74,0.0,100.0,1,37,0,2.63,9.23,355
OD_000077_C,OD_000077,22,C,shortest,10,4029.0,722.0,12.0,143,mapped,good,strict,100.0,100.0,1.0257,24,True,24,0,0,4131.94,0.0,100.0,0,24,0,0.0,0.0,355
OD_000078_A,OD_000078,22,A,traffic_optimal,0,1827.0,410.0,6.8,97,mapped,good,strict,100.0,90.21,0.7927,12,True,12,0,0,1448.45,0.0,100.0,0,12,0,0.0,0.0,355
OD_000078_B,OD_000078,22,B,minimum_time,2,2396.0,420.0,7.0,98,mapped,review,strict,100.0,86.5,0.9362,20,True,20,0,0,2243.34,0.0,100.0,0,20,0,0.0,0.0,355
OD_000078_C,OD_000078,22,C,shortest,10,1826.0,451.0,7.5,93,mapped,review,strict,100.0,85.83,0.7931,12,True,12,0,0,1448.45,0.0,100.0,0,12,0,0.0,0.0,355
OD_000079_A,OD_000079,22,A,traffic_optimal,0,8960.0,876.0,14.6,238,mapped,good,strict,100.0,100.0,1.0149,56,True,56,0,0,9092.58,0.0,100.0,5,51,0,8.93,20.13,355
OD_000079_B,OD_000079,22,B,minimum_time,2,10929.0,890.0,14.8,262,mapped,good,strict,100.0,100.0,1.0145,66,True,66,0,0,11087.0,0.0,100.0,11,55,0,16.67,36.19,355
OD_000079_C,OD_000079,22,C,shortest,10,8781.0,968.0,16.1,224,mapped,good,strict,100.0,100.0,1.0174,53,True,53,0,0,8933.04,0.0,100.0,5,48,0,9.43,20.49,355
OD_000080_A,OD_000080,22,A,traffic_optimal,0,19221.0,1468.0,24.5,403,mapped,recovered,controlled_recovery,98.8,90.08,0.9417,84,True,20,0,64,6235.47,11864.48,34.45,5,15,64,25.0,42.59,355
OD_000080_B,OD_000080,22,B,minimum_time,2,19444.0,1342.0,22.4,412,mapped,review,strict,100.0,88.01,0.9356,50,True,24,0,26,7202.89,10988.39,39.6,4,20,26,16.67,34.11,355
OD_000080_C,OD_000080,22,C,shortest,10,17699.0,2240.0,37.3,622,failed,failed,,0.0,0.0,0.0,0,False,0,0,0,0.0,0.0,0.0,0,0,0,0.0,0.0,0
OD_000081_A,OD_000081,22,A,traffic_optimal,0,1566.0,318.0,5.3,73,mapped,poor,normal,100.0,61.11,0.6063,8,False,8,0,0,949.55,0.0,100.0,0,8,0,0.0,0.0,355
OD_000081_B,OD_000081,22,B,minimum_time,2,1566.0,318.0,5.3,73,mapped,poor,normal,100.0,61.11,0.6063,8,False,8,0,0,949.55,0.0,100.0,0,8,0,0.0,0.0,355
OD_000081_C,OD_000081,22,C,shortest,10,1566.0,318.0,5.3,73,mapped,poor,normal,100.0,61.11,0.6063,8,False,8,0,0,949.55,0.0,100.0,0,8,0,0.0,0.0,355
OD_000082_A,OD_000082,22,A,traffic_optimal,0,10207.0,918.0,15.3,312,mapped,good,strict,100.0,97.91,0.9761,59,True,45,1,13,7542.1,2420.25,75.71,18,28,13,39.13,54.88,355
OD_000082_B,OD_000082,22,B,minimum_time,2,10207.0,918.0,15.3,312,mapped,good,strict,100.0,97.91,0.9761,59,True,45,1,13,7542.1,2420.25,75.71,18,28,13,39.13,54.88,355
OD_000082_C,OD_000082,22,C,shortest,10,10206.0,921.0,15.3,312,mapped,good,strict,100.0,97.91,0.9761,59,True,45,1,13,7542.1,2420.25,75.71,18,28,13,39.13,54.88,355
OD_000083_A,OD_000083,22,A,traffic_optimal,0,25780.0,1961.0,32.7,664,mapped,recovered,controlled_recovery,98.84,91.64,0.9884,87,True,33,1,53,8989.53,16490.12,35.28,9,25,53,26.47,43.94,355
OD_000083_B,OD_000083,22,B,minimum_time,2,28433.0,1514.0,25.2,817,mapped,review,strict,100.0,89.39,0.9707,77,True,29,1,47,11178.07,16421.37,40.5,3,27,47,10.0,10.92,355
OD_000083_C,OD_000083,22,C,shortest,10,23090.0,2901.0,48.4,635,mapped,good,strict,100.0,98.67,0.9884,153,True,33,1,119,8989.53,13831.37,39.39,9,25,119,26.47,43.94,355
OD_000084_A,OD_000084,22,A,traffic_optimal,0,20887.0,1479.0,24.6,520,mapped,good,strict,100.0,97.13,0.9954,77,True,33,1,43,8989.53,11799.97,43.24,9,25,43,26.47,43.94,355
OD_000084_B,OD_000084,22,B,minimum_time,2,20887.0,1479.0,24.6,520,mapped,good,strict,100.0,97.13,0.9954,77,True,33,1,43,8989.53,11799.97,43.24,9,25,43,26.47,43.94,355
OD_000084_C,OD_000084,22,C,shortest,10,16474.0,1776.0,29.6,481,mapped,recovered,controlled_recovery,98.94,85.96,0.8905,95,True,45,1,49,7542.1,7129.01,51.41,18,28,49,39.13,54.88,355
OD_000085_A,OD_000085,22,A,traffic_optimal,0,25823.0,1989.0,33.1,671,mapped,recovered,controlled_recovery,98.84,91.66,0.9867,87,True,33,1,53,8989.53,16490.12,35.28,9,25,53,26.47,43.94,355
OD_000085_B,OD_000085,22,B,minimum_time,2,28477.0,1579.0,26.3,824,mapped,review,strict,100.0,89.26,0.9692,77,True,29,1,47,11178.07,16421.37,40.5,3,27,47,10.0,10.92,355
OD_000085_C,OD_000085,22,C,shortest,10,23133.0,2934.0,48.9,642,mapped,good,strict,100.0,98.67,0.9865,153,True,33,1,119,8989.53,13831.37,39.39,9,25,119,26.47,43.94,355
OD_000086_A,OD_000086,22,A,traffic_optimal,0,5151.0,657.0,10.9,155,mapped,good,strict,100.0,100.0,1.0473,32,True,32,0,0,5393.85,0.0,100.0,5,27,0,15.62,21.97,355
OD_000086_B,OD_000086,22,B,minimum_time,2,5071.0,570.0,9.5,145,mapped,good,strict,100.0,96.45,0.9857,38,True,38,0,0,4998.01,0.0,100.0,2,36,0,5.26,15.78,355
OD_000086_C,OD_000086,22,C,shortest,10,4169.0,817.0,13.6,151,mapped,good,strict,100.0,100.0,1.0512,35,True,35,0,0,4381.9,0.0,100.0,3,32,0,8.57,15.84,355
OD_000087_A,OD_000087,22,A,traffic_optimal,0,16526.0,1450.0,24.2,413,mapped,good,strict,100.0,100.0,1.0039,99,True,25,1,73,6251.38,10339.65,37.68,6,20,73,23.08,23.66,355
OD_000087_B,OD_000087,22,B,minimum_time,2,18384.0,1234.0,20.6,316,mapped,good,strict,100.0,98.3,0.9939,83,True,22,0,61,6445.74,11825.32,35.28,5,17,61,22.73,41.2,355
OD_000087_C,OD_000087,22,C,shortest,10,15823.0,2316.0,38.6,517,mapped,good,strict,100.0,96.14,1.002,125,True,44,1,80,5851.47,10004.2,36.9,3,42,80,6.67,11.46,355
OD_000088_A,OD_000088,22,A,traffic_optimal,0,24969.0,1930.0,32.2,666,mapped,recovered,controlled_recovery,98.72,90.98,0.9835,79,True,25,1,53,8187.59,16369.93,33.34,9,17,53,34.62,48.24,355
OD_000088_B,OD_000088,22,B,minimum_time,2,28394.0,1731.0,28.9,782,mapped,good,strict,100.0,92.35,0.9958,85,True,37,1,47,11852.89,16421.37,41.92,2,36,47,5.26,6.93,355
OD_000088_C,OD_000088,22,C,shortest,10,22392.0,2947.0,49.1,597,mapped,good,strict,100.0,98.2,0.9833,145,True,25,1,119,8187.59,13831.37,37.18,9,17,119,34.62,48.24,355
OD_000089_A,OD_000089,22,A,traffic_optimal,0,14685.0,1244.0,20.7,357,mapped,good,strict,100.0,100.0,1.0009,71,True,18,1,52,5624.52,9073.9,38.27,5,14,52,26.32,21.67,355
OD_000089_B,OD_000089,22,B,minimum_time,2,17849.0,1396.0,23.3,308,mapped,good,strict,100.0,99.02,1.0003,79,True,31,0,48,7261.48,10592.63,40.67,4,27,48,12.9,31.07,355
OD_000089_C,OD_000089,22,C,shortest,10,14314.0,2233.0,37.2,495,mapped,review,normal,100.0,89.8,0.9809,102,True,37,1,64,5224.61,8816.19,37.21,2,36,64,5.26,7.85,355
OD_000090_A,OD_000090,22,A,traffic_optimal,0,9272.0,884.0,14.7,260,mapped,good,strict,100.0,99.16,0.9911,52,True,38,1,13,6769.42,2420.25,73.66,17,22,13,43.59,57.3,355
OD_000090_B,OD_000090,22,B,minimum_time,2,9272.0,884.0,14.7,260,mapped,good,strict,100.0,99.16,0.9911,52,True,38,1,13,6769.42,2420.25,73.66,17,22,13,43.59,57.3,355
OD_000090_C,OD_000090,22,C,shortest,10,9272.0,884.0,14.7,260,mapped,good,strict,100.0,99.16,0.9911,52,True,38,1,13,6769.42,2420.25,73.66,17,22,13,43.59,57.3,355
OD_000091_A,OD_000091,22,A,traffic_optimal,0,2336.0,441.0,7.3,73,mapped,good,strict,100.0,100.0,1.0437,27,True,27,0,0,2438.57,0.0,100.0,0,27,0,0.0,0.0,355
OD_000091_B,OD_000091,22,B,minimum_time,2,2328.0,457.0,7.6,65,mapped,good,strict,100.0,100.0,1.0469,22,True,22,0,0,2437.07,0.0,100.0,0,22,0,0.0,0.0,355
OD_000091_C,OD_000091,22,C,shortest,10,2322.0,431.0,7.2,77,mapped,good,strict,100.0,100.0,1.0493,24,True,24,0,0,2436.54,0.0,100.0,0,24,0,0.0,0.0,355
OD_000092_A,OD_000092,22,A,traffic_optimal,0,16633.0,1411.0,23.5,384,mapped,good,strict,100.0,98.71,0.9868,81,True,12,1,68,6070.84,10342.59,36.99,0,13,68,0.0,0.0,355
OD_000092_B,OD_000092,22,B,minimum_time,2,18064.0,1114.0,18.6,318,mapped,good,strict,100.0,99.03,1.0025,79,True,25,0,54,6925.94,11182.5,38.25,6,19,54,24.0,43.94,355
OD_000092_C,OD_000092,22,C,shortest,10,15852.0,2633.0,43.9,525,mapped,good,strict,100.0,96.15,1.0001,124,True,43,1,80,5849.14,10004.2,36.9,2,42,80,4.55,7.02,355
OD_000093_A,OD_000093,22,A,traffic_optimal,0,8390.0,963.0,16.1,252,mapped,good,strict,100.0,93.7,0.9736,44,True,44,0,0,8168.18,0.0,100.0,5,39,0,11.36,22.41,355
OD_000093_B,OD_000093,22,B,minimum_time,2,8390.0,963.0,16.1,252,mapped,good,strict,100.0,93.7,0.9736,44,True,44,0,0,8168.18,0.0,100.0,5,39,0,11.36,22.41,355
OD_000093_C,OD_000093,22,C,shortest,10,7813.0,1215.0,20.2,254,mapped,good,strict,100.0,93.23,0.9671,54,True,54,0,0,7555.8,0.0,100.0,6,48,0,11.11,28.57,355
OD_000094_A,OD_000094,22,A,traffic_optimal,0,20882.0,1463.0,24.4,520,mapped,good,strict,100.0,97.13,0.9956,77,True,33,1,43,8989.53,11799.97,43.24,9,25,43,26.47,43.94,355
OD_000094_B,OD_000094,22,B,minimum_time,2,20882.0,1463.0,24.4,520,mapped,good,strict,100.0,97.13,0.9956,77,True,33,1,43,8989.53,11799.97,43.24,9,25,43,26.47,43.94,355
OD_000094_C,OD_000094,22,C,shortest,10,16470.0,2010.0,33.5,481,mapped,recovered,controlled_recovery,98.94,85.95,0.8908,95,True,45,1,49,7542.1,7129.01,51.41,18,28,49,39.13,54.88,355
OD_000095_A,OD_000095,22,A,traffic_optimal,0,16163.0,1403.0,23.4,392,mapped,good,strict,100.0,99.16,0.9963,69,True,22,1,46,7160.66,8942.54,44.47,0,23,46,0.0,0.0,355
OD_000095_B,OD_000095,22,B,minimum_time,2,16835.0,1368.0,22.8,427,mapped,good,strict,100.0,99.2,0.9936,82,True,22,1,59,7160.66,9566.5,42.81,0,23,59,0.0,0.0,355
OD_000095_C,OD_000095,22,C,shortest,10,15402.0,1493.0,24.9,431,mapped,good,strict,100.0,99.12,0.9957,97,True,45,1,51,7542.1,7793.18,49.18,18,28,51,39.13,54.88,355
OD_000096_A,OD_000096,22,A,traffic_optimal,0,9964.0,940.0,15.7,284,mapped,good,strict,100.0,98.41,0.9866,55,True,41,1,13,7410.05,2420.25,75.38,19,23,13,45.24,61.09,355
OD_000096_B,OD_000096,22,B,minimum_time,2,9964.0,940.0,15.7,284,mapped,good,strict,100.0,98.41,0.9866,55,True,41,1,13,7410.05,2420.25,75.38,19,23,13,45.24,61.09,355
OD_000096_C,OD_000096,22,C,shortest,10,9964.0,940.0,15.7,284,mapped,good,strict,100.0,98.41,0.9866,55,True,41,1,13,7410.05,2420.25,75.38,19,23,13,45.24,61.09,355
OD_000097_A,OD_000097,21,A,traffic_optimal,0,4320.0,504.0,8.4,126,mapped,good,strict,100.0,100.0,1.0684,35,True,35,0,0,4615.68,0.0,100.0,0,35,0,0.0,0.0,355
OD_000097_B,OD_000097,21,B,minimum_time,2,4189.0,551.0,9.2,129,mapped,good,strict,100.0,100.0,1.0204,36,True,36,0,0,4273.9,0.0,100.0,0,36,0,0.0,0.0,355
OD_000097_C,OD_000097,21,C,shortest,10,4176.0,638.0,10.6,130,mapped,good,strict,100.0,95.06,1.0223,36,True,36,0,0,4268.49,0.0,100.0,0,36,0,0.0,0.0,355
OD_000098_A,OD_000098,21,A,traffic_optimal,0,16571.0,1077.0,17.9,275,mapped,good,strict,100.0,98.94,1.0024,65,True,17,0,48,6017.12,10592.63,36.23,5,12,48,29.41,44.14,355
OD_000098_B,OD_000098,21,B,minimum_time,2,16571.0,1077.0,17.9,275,mapped,good,strict,100.0,98.94,1.0024,65,True,17,0,48,6017.12,10592.63,36.23,5,12,48,29.41,44.14,355
OD_000098_C,OD_000098,21,C,shortest,10,14945.0,2385.0,39.8,512,mapped,good,normal,100.0,90.23,0.9824,105,True,40,1,64,5865.24,8816.19,39.95,4,37,64,9.76,18.05,355
OD_000099_A,OD_000099,21,A,traffic_optimal,0,19131.0,1194.0,19.9,595,mapped,good,strict,100.0,100.0,1.0037,70,True,39,1,30,10275.84,8926.09,53.51,7,33,30,17.5,18.17,355
OD_000099_B,OD_000099,21,B,minimum_time,2,19131.0,1194.0,19.9,595,mapped,good,strict,100.0,100.0,1.0037,70,True,39,1,30,10275.84,8926.09,53.51,7,33,30,17.5,18.17,355
OD_000099_C,OD_000099,21,C,shortest,10,15670.0,2066.0,34.4,571,mapped,good,strict,100.0,100.0,1.0143,128,True,60,1,67,7995.06,7898.87,50.3,0,61,67,0.0,0.0,355
OD_000100_A,OD_000100,21,A,traffic_optimal,0,16124.0,1362.0,22.7,385,mapped,good,strict,100.0,99.16,0.9987,69,True,22,1,46,7160.66,8942.54,44.47,0,23,46,0.0,0.0,355
OD_000100_B,OD_000100,21,B,minimum_time,2,16600.0,1396.0,23.3,430,mapped,good,strict,100.0,99.18,0.9961,82,True,22,1,59,7160.66,9374.74,43.31,0,23,59,0.0,0.0,355
OD_000100_C,OD_000100,21,C,shortest,10,15363.0,1482.0,24.7,424,mapped,good,strict,100.0,99.12,0.9982,97,True,45,1,51,7542.1,7793.18,49.18,18,28,51,39.13,54.88,355
OD_000101_A,OD_000101,21,A,traffic_optimal,0,19071.0,1502.0,25.0,388,mapped,recovered,controlled_recovery,98.73,90.53,0.9399,80,True,16,0,64,6061.13,11864.48,33.81,5,11,64,31.25,43.82,355
OD_000101_B,OD_000101,21,B,minimum_time,2,17992.0,1243.0,20.7,420,mapped,recovered,controlled_recovery,97.56,87.6,0.9287,42,True,16,0,26,6061.13,10647.78,36.27,5,11,26,31.25,43.82,355
OD_000101_C,OD_000101,21,C,shortest,10,17338.0,2223.0,37.0,612,failed,failed,,0.0,0.0,0.0,0,False,0,0,0,0.0,0.0,0.0,0,0,0,0.0,0.0,0
OD_000102_A,OD_000102,21,A,traffic_optimal,0,15754.0,1461.0,24.4,479,mapped,good,strict,100.0,96.54,0.975,94,True,35,0,59,7780.92,7579.48,50.66,15,20,59,42.86,64.92,355
OD_000102_B,OD_000102,21,B,minimum_time,2,19672.0,1276.0,21.3,383,mapped,good,wide,100.0,97.23,0.9804,63,True,22,0,41,7503.84,11782.19,38.91,7,15,41,31.82,34.13,355
OD_000102_C,OD_000102,21,C,shortest,10,15383.0,1600.0,26.7,434,mapped,good,strict,100.0,96.45,0.9733,109,True,31,1,77,7081.46,7890.48,47.3,12,20,77,37.5,51.06,355
OD_000103_A,OD_000103,21,A,traffic_optimal,0,9884.0,964.0,16.1,259,mapped,good,strict,100.0,94.04,0.9541,58,True,31,1,26,7081.46,2348.23,75.1,12,20,26,37.5,51.06,355
OD_000103_B,OD_000103,21,B,minimum_time,2,9884.0,964.0,16.1,259,mapped,good,strict,100.0,94.04,0.9541,58,True,31,1,26,7081.46,2348.23,75.1,12,20,26,37.5,51.06,355
OD_000103_C,OD_000103,21,C,shortest,10,9884.0,964.0,16.1,259,mapped,good,strict,100.0,94.04,0.9541,58,True,31,1,26,7081.46,2348.23,75.1,12,20,26,37.5,51.06,355
OD_000104_A,OD_000104,21,A,traffic_optimal,0,2386.0,450.0,7.5,100,mapped,poor,strict,100.0,75.31,0.8591,10,False,10,0,0,2049.97,0.0,100.0,4,6,0,40.0,65.85,355
OD_000104_B,OD_000104,21,B,minimum_time,2,2386.0,450.0,7.5,100,mapped,poor,strict,100.0,75.31,0.8591,10,False,10,0,0,2049.97,0.0,100.0,4,6,0,40.0,65.85,355
OD_000104_C,OD_000104,21,C,shortest,10,2386.0,450.0,7.5,100,mapped,poor,strict,100.0,75.31,0.8591,10,False,10,0,0,2049.97,0.0,100.0,4,6,0,40.0,65.85,355
OD_000105_A,OD_000105,21,A,traffic_optimal,0,10163.0,957.0,15.9,256,mapped,good,strict,100.0,92.65,0.9564,50,True,36,1,13,7299.42,2420.25,75.1,12,25,13,32.43,36.44,355
OD_000105_B,OD_000105,21,B,minimum_time,2,13566.0,992.0,16.5,333,mapped,good,strict,100.0,94.49,0.9704,48,True,11,1,36,6146.67,7017.57,46.69,0,12,36,0.0,0.0,355
OD_000105_C,OD_000105,21,C,shortest,10,10166.0,1060.0,17.7,282,mapped,good,strict,100.0,99.24,0.9952,60,True,46,1,13,7697.25,2420.25,76.08,18,29,13,38.3,53.77,355
OD_000106_A,OD_000106,21,A,traffic_optimal,0,9078.0,809.0,13.5,212,mapped,good,strict,100.0,100.0,1.0191,61,True,34,1,26,6902.74,2348.23,74.62,11,24,26,31.43,46.6,355
OD_000106_B,OD_000106,21,B,minimum_time,2,9078.0,809.0,13.5,212,mapped,good,strict,100.0,100.0,1.0191,61,True,34,1,26,6902.74,2348.23,74.62,11,24,26,31.43,46.6,355
OD_000106_C,OD_000106,21,C,shortest,10,9078.0,809.0,13.5,212,mapped,good,strict,100.0,100.0,1.0191,61,True,34,1,26,6902.74,2348.23,74.62,11,24,26,31.43,46.6,355
OD_000107_A,OD_000107,21,A,traffic_optimal,0,19897.0,1172.0,19.5,466,mapped,good,strict,100.0,97.67,1.0031,69,True,25,1,43,8157.26,11799.97,40.87,9,17,43,34.62,48.42,355
OD_000107_B,OD_000107,21,B,minimum_time,2,19897.0,1172.0,19.5,466,mapped,good,strict,100.0,97.67,1.0031,69,True,25,1,43,8157.26,11799.97,40.87,9,17,43,34.62,48.42,355
OD_000107_C,OD_000107,21,C,shortest,10,15690.0,1872.0,31.2,352,mapped,recovered,controlled_recovery,98.72,86.12,0.8932,79,True,25,1,53,8157.26,5857.31,58.21,9,17,53,34.62,48.42,355
OD_000108_A,OD_000108,21,A,traffic_optimal,0,16687.0,1330.0,22.2,381,mapped,good,strict,100.0,100.0,0.9991,83,True,14,1,68,6328.39,10342.59,37.96,0,15,68,0.0,0.0,355
OD_000108_B,OD_000108,21,B,minimum_time,2,17729.0,1143.0,19.1,297,mapped,good,strict,100.0,99.01,1.0005,79,True,25,0,54,6555.43,11182.5,36.96,4,21,54,16.0,34.42,355
OD_000108_C,OD_000108,21,C,shortest,10,16017.0,2472.0,41.2,513,mapped,good,strict,100.0,96.19,0.9986,125,True,44,1,80,5991.03,10004.2,37.46,3,42,80,6.67,11.2,355
OD_000109_A,OD_000109,21,A,traffic_optimal,0,16033.0,1369.0,22.8,374,mapped,good,strict,100.0,100.0,1.0035,75,True,22,1,52,7014.84,9073.9,43.6,0,23,52,0.0,0.0,355
OD_000109_B,OD_000109,21,B,minimum_time,2,17271.0,1211.0,20.2,302,mapped,good,strict,100.0,98.13,0.9893,66,True,18,0,48,6493.82,10592.63,38.01,6,12,48,33.33,46.86,355
OD_000109_C,OD_000109,21,C,shortest,10,14905.0,2592.0,43.2,521,mapped,good,normal,100.0,90.2,0.9841,109,True,44,1,64,5851.47,8816.19,39.89,3,42,64,6.67,11.46,355
OD_000110_A,OD_000110,21,A,traffic_optimal,0,8263.0,899.0,15.0,220,mapped,good,strict,100.0,100.0,1.0059,47,True,47,0,0,8311.77,0.0,100.0,5,42,0,10.64,22.02,355
OD_000110_B,OD_000110,21,B,minimum_time,2,8263.0,899.0,15.0,220,mapped,good,strict,100.0,100.0,1.0059,47,True,47,0,0,8311.77,0.0,100.0,5,42,0,10.64,22.02,355
OD_000110_C,OD_000110,21,C,shortest,10,7615.0,1388.0,23.1,243,mapped,recovered,controlled_recovery,98.53,92.74,1.0339,69,True,69,0,0,7873.08,0.0,100.0,3,66,0,4.35,9.74,355
OD_000111_A,OD_000111,21,A,traffic_optimal,0,1645.0,298.0,5.0,39,mapped,poor,strict,100.0,73.65,0.7761,9,False,9,0,0,1277.06,0.0,100.0,0,9,0,0.0,0.0,355
OD_000111_B,OD_000111,21,B,minimum_time,2,1645.0,298.0,5.0,39,mapped,poor,strict,100.0,73.65,0.7761,9,False,9,0,0,1277.06,0.0,100.0,0,9,0,0.0,0.0,355
OD_000111_C,OD_000111,21,C,shortest,10,1610.0,290.0,4.8,44,mapped,poor,strict,100.0,79.15,0.7934,9,False,9,0,0,1277.06,0.0,100.0,0,9,0,0.0,0.0,355
OD_000112_A,OD_000112,21,A,traffic_optimal,0,24054.0,1988.0,33.1,659,mapped,recovered,controlled_recovery,99.22,97.85,0.9792,130,True,40,1,89,7930.66,15622.2,33.67,0,41,89,0.0,0.0,355
OD_000112_B,OD_000112,21,B,minimum_time,2,30040.0,2069.0,34.5,650,mapped,good,strict,100.0,94.24,1.0028,110,True,33,0,77,9341.32,20783.86,31.01,1,32,77,3.03,2.49,355
OD_000112_C,OD_000112,21,C,shortest,10,22487.0,2454.0,40.9,709,mapped,recovered,controlled_recovery,99.35,99.45,0.9991,154,True,40,1,113,7930.66,14535.64,35.3,0,41,113,0.0,0.0,355
OD_000113_A,OD_000113,21,A,traffic_optimal,0,7468.0,832.0,13.9,257,mapped,good,strict,100.0,94.33,0.9451,40,True,40,0,0,7058.36,0.0,100.0,7,33,0,17.5,22.99,355
OD_000113_B,OD_000113,21,B,minimum_time,2,9182.0,954.0,15.9,343,mapped,good,strict,100.0,90.63,0.9029,32,True,32,0,0,8289.94,0.0,100.0,4,28,0,12.5,16.1,355
OD_000113_C,OD_000113,21,C,shortest,10,6536.0,1111.0,18.5,243,mapped,recovered,controlled_recovery,97.92,85.06,0.9684,49,True,49,0,0,6329.57,0.0,100.0,2,47,0,4.08,7.23,355
OD_000114_A,OD_000114,21,A,traffic_optimal,0,19193.0,1226.0,20.4,602,mapped,good,strict,100.0,99.58,1.0005,70,True,39,1,30,10275.84,8926.09,53.51,7,33,30,17.5,18.17,355
OD_000114_B,OD_000114,21,B,minimum_time,2,19193.0,1226.0,20.4,602,mapped,good,strict,100.0,99.58,1.0005,70,True,39,1,30,10275.84,8926.09,53.51,7,33,30,17.5,18.17,355
OD_000114_C,OD_000114,21,C,shortest,10,15930.0,2199.0,36.6,583,mapped,good,strict,100.0,99.18,0.9977,128,True,60,1,67,7995.06,7898.87,50.3,0,61,67,0.0,0.0,355
OD_000115_A,OD_000115,21,A,traffic_optimal,0,1776.0,363.0,6.0,41,mapped,good,strict,100.0,92.63,0.9148,16,True,16,0,0,1625.0,0.0,100.0,0,16,0,0.0,0.0,355
OD_000115_B,OD_000115,21,B,minimum_time,2,2150.0,493.0,8.2,70,mapped,good,strict,100.0,96.25,0.9863,15,True,15,0,0,2120.12,0.0,100.0,5,10,0,33.33,79.14,355
OD_000115_C,OD_000115,21,C,shortest,10,1767.0,498.0,8.3,51,mapped,good,strict,100.0,92.59,0.9171,23,True,23,0,0,1620.53,0.0,100.0,0,23,0,0.0,0.0,355
OD_000116_A,OD_000116,21,A,traffic_optimal,0,1742.0,296.0,4.9,70,mapped,review,strict,100.0,89.28,1.02,15,True,15,0,0,1776.94,0.0,100.0,1,14,0,6.67,22.47,355
OD_000116_B,OD_000116,21,B,minimum_time,2,1742.0,296.0,4.9,70,mapped,review,strict,100.0,89.28,1.02,15,True,15,0,0,1776.94,0.0,100.0,1,14,0,6.67,22.47,355
OD_000116_C,OD_000116,21,C,shortest,10,1679.0,316.0,5.3,61,mapped,review,strict,100.0,85.87,0.9523,13,True,13,0,0,1598.89,0.0,100.0,0,13,0,0.0,0.0,355
OD_000117_A,OD_000117,20,A,traffic_optimal,0,14972.0,1253.0,20.9,337,mapped,good,strict,100.0,99.3,0.9914,62,True,9,1,52,5768.19,9073.9,38.86,0,10,52,0.0,0.0,355
OD_000117_B,OD_000117,20,B,minimum_time,2,17947.0,1235.0,20.6,300,mapped,good,strict,100.0,99.02,1.0087,73,True,25,0,48,7510.39,10592.63,41.49,4,21,48,16.0,32.71,355
OD_000117_C,OD_000117,20,C,shortest,10,14947.0,1368.0,22.8,338,mapped,good,strict,100.0,98.15,0.9925,66,True,9,1,56,5768.19,9065.78,38.88,0,10,56,0.0,0.0,355
OD_000118_A,OD_000118,20,A,traffic_optimal,0,15219.0,1249.0,20.8,376,mapped,good,strict,100.0,100.0,0.9906,63,True,20,1,42,6872.09,8204.28,45.58,0,21,42,0.0,0.0,355
OD_000118_B,OD_000118,20,B,minimum_time,2,15219.0,1249.0,20.8,376,mapped,good,strict,100.0,100.0,0.9906,63,True,20,1,42,6872.09,8204.28,45.58,0,21,42,0.0,0.0,355
OD_000118_C,OD_000118,20,C,shortest,10,14435.0,1382.0,23.0,390,mapped,good,strict,100.0,100.0,0.9907,66,True,23,1,42,6108.63,8191.59,42.72,6,18,42,25.0,24.21,355
OD_000119_A,OD_000119,20,A,traffic_optimal,0,25405.0,1608.0,26.8,704,mapped,recovered,controlled_recovery,98.84,92.73,0.9983,87,True,31,1,55,8700.96,16659.68,34.31,9,23,55,28.12,45.39,355
OD_000119_B,OD_000119,20,B,minimum_time,2,28077.0,1639.0,27.3,799,mapped,good,strict,100.0,93.42,1.0009,87,True,39,1,47,11679.73,16421.37,41.56,3,37,47,7.5,10.45,355
OD_000119_C,OD_000119,20,C,shortest,10,22795.0,2887.0,48.1,632,mapped,good,strict,100.0,99.25,0.9885,151,True,31,1,119,8700.96,13831.37,38.62,9,23,119,28.12,45.39,355
OD_000120_A,OD_000120,20,A,traffic_optimal,0,23279.0,2035.0,33.9,699,mapped,recovered,controlled_recovery,99.3,99.86,0.9985,143,True,38,1,104,7843.03,15401.01,33.74,1,38,104,2.56,4.95,355
OD_000120_B,OD_000120,20,B,minimum_time,2,28762.0,1741.0,29.0,617,mapped,good,strict,100.0,93.98,1.0041,96,True,19,0,77,8096.96,20783.86,28.04,2,17,77,10.53,7.8,355
OD_000120_C,OD_000120,20,C,shortest,10,22002.0,2887.0,48.1,655,mapped,recovered,controlled_recovery,100.0,88.89,0.9792,185,True,32,1,152,7037.45,14506.23,32.67,12,21,152,36.36,51.38,355
OD_000121_A,OD_000121,20,A,traffic_optimal,0,17381.0,1262.0,21.0,324,mapped,good,strict,100.0,95.27,0.9682,68,True,20,0,48,6235.47,10592.63,37.05,5,15,48,25.0,42.59,355
OD_000121_B,OD_000121,20,B,minimum_time,2,17330.0,1264.0,21.1,312,mapped,good,strict,100.0,95.26,0.968,68,True,20,0,48,6182.95,10592.63,36.86,4,16,48,20.0,36.49,355
OD_000121_C,OD_000121,20,C,shortest,10,15609.0,2516.0,41.9,557,mapped,review,normal,100.0,89.69,0.9718,114,True,49,1,64,6352.83,8816.19,41.88,3,47,64,6.0,10.56,355
OD_000122_A,OD_000122,20,A,traffic_optimal,0,17832.0,1321.0,22.0,490,mapped,recovered,controlled_recovery,98.57,95.89,0.9622,71,True,41,1,29,8061.37,9096.65,46.98,1,41,29,2.38,4.81,355
OD_000122_B,OD_000122,20,B,minimum_time,2,21298.0,1243.0,20.7,420,mapped,good,strict,100.0,96.56,0.9683,55,True,26,0,29,7625.65,12996.74,36.98,6,20,29,23.08,28.34,355
OD_000122_C,OD_000122,20,C,shortest,10,16335.0,2358.0,39.3,455,mapped,review,wide,100.0,85.21,0.9863,126,True,35,1,90,7203.28,8907.65,44.71,11,25,90,30.56,44.65,355
OD_000123_A,OD_000123,20,A,traffic_optimal,0,15514.0,1155.0,19.2,379,mapped,good,strict,100.0,99.13,0.9904,65,True,22,1,42,7160.66,8204.28,46.6,0,23,42,0.0,0.0,355
OD_000123_B,OD_000123,20,B,minimum_time,2,15514.0,1155.0,19.2,379,mapped,good,strict,100.0,99.13,0.9904,65,True,22,1,42,7160.66,8204.28,46.6,0,23,42,0.0,0.0,355
OD_000123_C,OD_000123,20,C,shortest,10,14730.0,1327.0,22.1,393,mapped,good,strict,100.0,99.08,0.9904,68,True,25,1,42,6397.2,8191.59,43.85,6,20,42,23.08,23.12,355
OD_000124_A,OD_000124,20,A,traffic_optimal,0,9840.0,963.0,16.1,252,mapped,good,strict,100.0,94.46,0.9583,58,True,31,1,26,7081.46,2348.23,75.1,12,20,26,37.5,51.06,355
OD_000124_B,OD_000124,20,B,minimum_time,2,9840.0,963.0,16.1,252,mapped,good,strict,100.0,94.46,0.9583,58,True,31,1,26,7081.46,2348.23,75.1,12,20,26,37.5,51.06,355
OD_000124_C,OD_000124,20,C,shortest,10,9840.0,963.0,16.1,252,mapped,good,strict,100.0,94.46,0.9583,58,True,31,1,26,7081.46,2348.23,75.1,12,20,26,37.5,51.06,355
OD_000125_A,OD_000125,20,A,traffic_optimal,0,4839.0,577.0,9.6,147,mapped,good,wide,100.0,90.17,1.0687,38,True,38,0,0,5171.15,0.0,100.0,0,38,0,0.0,0.0,355
OD_000125_B,OD_000125,20,B,minimum_time,2,5146.0,722.0,12.0,164,mapped,review,strict,100.0,89.23,0.8834,36,True,36,0,0,4545.34,0.0,100.0,1,35,0,2.78,8.53,355
OD_000125_C,OD_000125,20,C,shortest,10,4624.0,710.0,11.8,161,mapped,poor,wide,100.0,84.69,1.0694,36,False,36,0,0,4945.28,0.0,100.0,0,36,0,0.0,0.0,355
OD_000126_A,OD_000126,20,A,traffic_optimal,0,4482.0,515.0,8.6,130,mapped,review,wide,100.0,89.58,1.0729,37,True,37,0,0,4809.35,0.0,100.0,0,37,0,0.0,0.0,355
OD_000126_B,OD_000126,20,B,minimum_time,2,4992.0,632.0,10.5,136,mapped,review,strict,100.0,89.07,0.8864,37,True,37,0,0,4424.9,0.0,100.0,1,36,0,2.7,8.77,355
OD_000126_C,OD_000126,20,C,shortest,10,4482.0,515.0,8.6,130,mapped,review,wide,100.0,89.58,1.0729,37,True,37,0,0,4809.35,0.0,100.0,0,37,0,0.0,0.0,355
OD_000127_A,OD_000127,20,A,traffic_optimal,0,10250.0,1019.0,17.0,319,mapped,good,strict,100.0,97.92,0.972,59,True,45,1,13,7542.1,2420.25,75.71,18,28,13,39.13,54.88,355
OD_000127_B,OD_000127,20,B,minimum_time,2,10250.0,1019.0,17.0,319,mapped,good,strict,100.0,97.92,0.972,59,True,45,1,13,7542.1,2420.25,75.71,18,28,13,39.13,54.88,355
OD_000127_C,OD_000127,20,C,shortest,10,10250.0,1019.0,17.0,319,mapped,good,strict,100.0,97.92,0.972,59,True,45,1,13,7542.1,2420.25,75.71,18,28,13,39.13,54.88,355
OD_000128_A,OD_000128,20,A,traffic_optimal,0,17855.0,1137.0,18.9,332,mapped,good,strict,100.0,95.72,0.9658,70,True,16,0,54,6061.13,11182.5,35.15,5,11,54,31.25,43.82,355
OD_000128_B,OD_000128,20,B,minimum_time,2,17855.0,1137.0,18.9,332,mapped,good,strict,100.0,95.72,0.9658,70,True,16,0,54,6061.13,11182.5,35.15,5,11,54,31.25,43.82,355
OD_000128_C,OD_000128,20,C,shortest,10,16211.0,2504.0,41.7,550,mapped,good,strict,100.0,95.4,0.9871,125,True,44,1,80,5997.29,10004.2,37.48,3,42,80,6.67,11.18,355
OD_000129_A,OD_000129,20,A,traffic_optimal,0,4541.0,747.0,12.4,170,mapped,good,strict,100.0,97.02,0.9631,43,True,43,0,0,4373.7,0.0,100.0,1,42,0,2.33,7.17,355
OD_000129_B,OD_000129,20,B,minimum_time,2,6345.0,662.0,11.0,227,mapped,good,strict,100.0,92.69,0.9213,33,True,33,0,0,5844.97,0.0,100.0,6,27,0,18.18,25.31,355
OD_000129_C,OD_000129,20,C,shortest,10,4477.0,898.0,15.0,186,failed,failed,,0.0,0.0,0.0,0,False,0,0,0,0.0,0.0,0.0,0,0,0,0.0,0.0,0
OD_000130_A,OD_000130,20,A,traffic_optimal,0,4556.0,688.0,11.5,177,mapped,good,strict,100.0,99.89,1.017,42,True,42,0,0,4633.5,0.0,100.0,1,41,0,2.38,8.37,355
OD_000130_B,OD_000130,20,B,minimum_time,2,4556.0,688.0,11.5,177,mapped,good,strict,100.0,99.89,1.017,42,True,42,0,0,4633.5,0.0,100.0,1,41,0,2.38,8.37,355
OD_000130_C,OD_000130,20,C,shortest,10,4302.0,681.0,11.3,117,mapped,good,strict,100.0,95.2,1.0358,37,True,37,0,0,4455.72,0.0,100.0,0,37,0,0.0,0.0,355
OD_000131_A,OD_000131,20,A,traffic_optimal,0,16470.0,1194.0,19.9,269,mapped,good,strict,100.0,98.93,1.0003,67,True,19,0,48,5882.41,10592.63,35.7,4,15,48,21.05,38.36,355
OD_000131_B,OD_000131,20,B,minimum_time,2,16470.0,1194.0,19.9,269,mapped,good,strict,100.0,98.93,1.0003,67,True,19,0,48,5882.41,10592.63,35.7,4,15,48,21.05,38.36,355
OD_000131_C,OD_000131,20,C,shortest,10,14882.0,1483.0,24.7,294,mapped,good,normal,100.0,93.11,0.9845,65,True,19,0,46,5882.41,8769.37,40.15,4,15,46,21.05,38.36,355
OD_000132_A,OD_000132,20,A,traffic_optimal,0,957.0,172.0,2.9,34,mapped,good,strict,100.0,100.0,1.0613,11,True,11,0,0,1015.89,0.0,100.0,0,11,0,0.0,0.0,355
OD_000132_B,OD_000132,20,B,minimum_time,2,957.0,172.0,2.9,34,mapped,good,strict,100.0,100.0,1.0613,11,True,11,0,0,1015.89,0.0,100.0,0,11,0,0.0,0.0,355
OD_000132_C,OD_000132,20,C,shortest,10,957.0,172.0,2.9,34,mapped,good,strict,100.0,100.0,1.0613,11,True,11,0,0,1015.89,0.0,100.0,0,11,0,0.0,0.0,355
OD_000133_A,OD_000133,20,A,traffic_optimal,0,4391.0,649.0,10.8,174,mapped,good,strict,100.0,91.55,0.9876,39,True,39,0,0,4336.37,0.0,100.0,0,39,0,0.0,0.0,355
OD_000133_B,OD_000133,20,B,minimum_time,2,4391.0,649.0,10.8,174,mapped,good,strict,100.0,91.55,0.9876,39,True,39,0,0,4336.37,0.0,100.0,0,39,0,0.0,0.0,355
OD_000133_C,OD_000133,20,C,shortest,10,4192.0,606.0,10.1,117,mapped,good,strict,100.0,95.08,1.0243,36,True,36,0,0,4294.31,0.0,100.0,0,36,0,0.0,0.0,355
OD_000134_A,OD_000134,20,A,traffic_optimal,0,9174.0,965.0,16.1,247,mapped,good,strict,100.0,100.0,1.0054,57,True,57,0,0,9222.99,0.0,100.0,5,52,0,8.77,19.84,355
OD_000134_B,OD_000134,20,B,minimum_time,2,9174.0,965.0,16.1,247,mapped,good,strict,100.0,100.0,1.0054,57,True,57,0,0,9222.99,0.0,100.0,5,52,0,8.77,19.84,355
OD_000134_C,OD_000134,20,C,shortest,10,9174.0,965.0,16.1,247,mapped,good,strict,100.0,100.0,1.0054,57,True,57,0,0,9222.99,0.0,100.0,5,52,0,8.77,19.84,355
OD_000135_A,OD_000135,20,A,traffic_optimal,0,10234.0,972.0,16.2,247,mapped,good,strict,100.0,95.06,0.9913,62,True,35,1,26,7796.97,2348.23,76.85,12,24,26,33.33,46.38,355
OD_000135_B,OD_000135,20,B,minimum_time,2,10234.0,972.0,16.2,247,mapped,good,strict,100.0,95.06,0.9913,62,True,35,1,26,7796.97,2348.23,76.85,12,24,26,33.33,46.38,355
OD_000135_C,OD_000135,20,C,shortest,10,10148.0,1057.0,17.6,240,mapped,good,strict,100.0,97.78,0.9945,65,True,38,1,26,7744.23,2348.23,76.73,11,28,26,28.21,41.53,355
OD_000136_A,OD_000136,20,A,traffic_optimal,0,17047.0,1514.0,25.2,490,mapped,good,strict,100.0,100.0,1.0109,98,True,39,0,59,9653.27,7579.48,56.02,17,22,59,43.59,60.91,355
OD_000136_B,OD_000136,20,B,minimum_time,2,20340.0,1294.0,21.6,394,mapped,good,wide,100.0,99.11,1.0098,75,True,34,0,41,8756.93,11782.19,42.64,7,27,41,20.59,29.24,355
OD_000136_C,OD_000136,20,C,shortest,10,15636.0,1734.0,28.9,443,mapped,good,strict,100.0,95.98,0.9893,104,True,26,1,77,7576.94,7890.48,48.99,9,18,77,33.33,39.04,355
OD_000137_A,OD_000137,20,A,traffic_optimal,0,15124.0,1301.0,21.7,341,mapped,good,strict,100.0,98.58,0.9927,59,True,12,1,46,6070.84,8942.54,40.44,0,13,46,0.0,0.0,355
OD_000137_B,OD_000137,20,B,minimum_time,2,15600.0,1181.0,19.7,386,mapped,good,strict,100.0,98.62,0.9901,72,True,12,1,59,6070.84,9374.74,39.3,0,13,59,0.0,0.0,355
OD_000137_C,OD_000137,20,C,shortest,10,15048.0,1535.0,25.6,406,mapped,good,strict,100.0,100.0,1.0093,96,True,44,1,51,7393.95,7793.18,48.69,17,28,51,37.78,52.46,355
OD_000138_A,OD_000138,20,A,traffic_optimal,0,14514.0,1092.0,18.2,335,mapped,good,strict,100.0,98.52,0.9836,55,True,12,1,42,6070.84,8204.28,42.53,0,13,42,0.0,0.0,355
OD_000138_B,OD_000138,20,B,minimum_time,2,14514.0,1092.0,18.2,335,mapped,good,strict,100.0,98.52,0.9836,55,True,12,1,42,6070.84,8204.28,42.53,0,13,42,0.0,0.0,355
OD_000138_C,OD_000138,20,C,shortest,10,14414.0,1384.0,23.1,375,mapped,good,strict,100.0,100.0,1.0018,67,True,24,1,42,6249.05,8191.59,43.27,5,20,42,20.0,19.5,355
OD_000139_A,OD_000139,20,A,traffic_optimal,0,26491.0,2004.0,33.4,620,mapped,good,strict,100.0,99.88,0.9985,133,True,31,0,102,8368.65,18081.42,31.64,8,23,102,25.81,35.23,355
OD_000139_B,OD_000139,20,B,minimum_time,2,29676.0,1916.0,31.9,644,mapped,good,strict,100.0,94.17,1.0039,104,True,27,0,77,9005.78,20783.86,30.23,3,24,77,11.11,11.32,355
OD_000139_C,OD_000139,20,C,shortest,10,22475.0,2450.0,40.8,695,mapped,recovered,controlled_recovery,99.35,99.45,1.0002,156,True,42,1,113,7943.0,14535.64,35.34,0,43,113,0.0,0.0,355
OD_000140_A,OD_000140,20,A,traffic_optimal,0,1066.0,279.0,4.7,56,mapped,poor,strict,100.0,54.65,0.8025,6,False,6,0,0,855.73,0.0,100.0,0,6,0,0.0,0.0,355
OD_000140_B,OD_000140,20,B,minimum_time,2,1563.0,426.0,7.1,51,mapped,poor,strict,100.0,69.06,0.8881,10,False,10,0,0,1387.95,0.0,100.0,0,10,0,0.0,0.0,355
OD_000140_C,OD_000140,20,C,shortest,10,1065.0,339.0,5.7,52,mapped,poor,strict,100.0,47.11,0.8032,6,False,6,0,0,855.73,0.0,100.0,0,6,0,0.0,0.0,355
OD_000141_A,OD_000141,20,A,traffic_optimal,0,9879.0,901.0,15.0,259,mapped,good,strict,100.0,94.08,0.9546,58,True,31,1,26,7081.46,2348.23,75.1,12,20,26,37.5,51.06,355
OD_000141_B,OD_000141,20,B,minimum_time,2,9879.0,901.0,15.0,259,mapped,good,strict,100.0,94.08,0.9546,58,True,31,1,26,7081.46,2348.23,75.1,12,20,26,37.5,51.06,355
OD_000141_C,OD_000141,20,C,shortest,10,9879.0,901.0,15.0,259,mapped,good,strict,100.0,94.08,0.9546,58,True,31,1,26,7081.46,2348.23,75.1,12,20,26,37.5,51.06,355
OD_000142_A,OD_000142,20,A,traffic_optimal,0,8870.0,867.0,14.4,295,mapped,good,strict,100.0,97.96,0.9695,58,True,58,0,0,8599.9,0.0,100.0,5,53,0,8.62,21.28,355
OD_000142_B,OD_000142,20,B,minimum_time,2,8870.0,867.0,14.4,295,mapped,good,strict,100.0,97.96,0.9695,58,True,58,0,0,8599.9,0.0,100.0,5,53,0,8.62,21.28,355
OD_000142_C,OD_000142,20,C,shortest,10,8852.0,1114.0,18.6,305,mapped,good,strict,100.0,97.96,0.9687,63,True,63,0,0,8574.33,0.0,100.0,6,57,0,9.52,25.17,355
OD_000143_A,OD_000143,20,A,traffic_optimal,0,8024.0,881.0,14.7,248,mapped,good,strict,100.0,98.31,0.9766,49,True,49,0,0,7836.31,0.0,100.0,5,44,0,10.2,23.36,355
OD_000143_B,OD_000143,20,B,minimum_time,2,8024.0,881.0,14.7,248,mapped,good,strict,100.0,98.31,0.9766,49,True,49,0,0,7836.31,0.0,100.0,5,44,0,10.2,23.36,355
OD_000143_C,OD_000143,20,C,shortest,10,7997.0,1225.0,20.4,276,mapped,recovered,controlled_recovery,98.53,91.39,1.0027,69,True,69,0,0,8018.9,0.0,100.0,3,66,0,4.35,9.57,355
OD_000144_A,OD_000144,20,A,traffic_optimal,0,16632.0,1092.0,18.2,282,mapped,good,strict,100.0,98.46,0.9987,65,True,17,0,48,6017.12,10592.63,36.23,5,12,48,29.41,44.14,355
OD_000144_B,OD_000144,20,B,minimum_time,2,16632.0,1092.0,18.2,282,mapped,good,strict,100.0,98.46,0.9987,65,True,17,0,48,6017.12,10592.63,36.23,5,12,48,29.41,44.14,355
OD_000144_C,OD_000144,20,C,shortest,10,15006.0,2367.0,39.5,519,mapped,review,normal,100.0,89.73,0.9784,105,True,40,1,64,5865.24,8816.19,39.95,4,37,64,9.76,18.05,355
OD_000145_A,OD_000145,20,A,traffic_optimal,0,4342.0,567.0,9.4,145,mapped,good,strict,100.0,98.14,0.9964,34,True,34,0,0,4326.34,0.0,100.0,6,28,0,17.65,36.62,355
OD_000145_B,OD_000145,20,B,minimum_time,2,4342.0,567.0,9.4,145,mapped,good,strict,100.0,98.14,0.9964,34,True,34,0,0,4326.34,0.0,100.0,6,28,0,17.65,36.62,355
OD_000145_C,OD_000145,20,C,shortest,10,4155.0,746.0,12.4,156,mapped,good,strict,100.0,96.85,0.9545,41,True,41,0,0,3965.46,0.0,100.0,0,41,0,0.0,0.0,355
OD_000146_A,OD_000146,20,A,traffic_optimal,0,8559.0,855.0,14.2,259,mapped,good,strict,100.0,98.53,0.9893,54,True,54,0,0,8467.85,0.0,100.0,6,48,0,11.11,26.19,355
OD_000146_B,OD_000146,20,B,minimum_time,2,8559.0,855.0,14.2,259,mapped,good,strict,100.0,98.53,0.9893,54,True,54,0,0,8467.85,0.0,100.0,6,48,0,11.11,26.19,355
OD_000146_C,OD_000146,20,C,shortest,10,8336.0,1066.0,17.8,261,mapped,good,strict,100.0,97.89,0.9763,59,True,59,0,0,8138.56,0.0,100.0,6,53,0,10.17,26.52,355
OD_000147_A,OD_000147,19,A,traffic_optimal,0,19204.0,1283.0,21.4,437,mapped,good,strict,100.0,91.59,0.956,45,True,9,1,35,5768.19,12590.03,31.42,0,10,35,0.0,0.0,355
OD_000147_B,OD_000147,19,B,minimum_time,2,19204.0,1283.0,21.4,437,mapped,good,strict,100.0,91.59,0.956,45,True,9,1,35,5768.19,12590.03,31.42,0,10,35,0.0,0.0,355
OD_000147_C,OD_000147,19,C,shortest,10,17071.0,2282.0,38.0,602,failed,failed,,0.0,0.0,0.0,0,False,0,0,0,0.0,0.0,0.0,0,0,0,0.0,0.0,0
OD_000148_A,OD_000148,19,A,traffic_optimal,0,2329.0,410.0,6.8,65,mapped,good,strict,100.0,97.62,1.0395,17,True,17,0,0,2421.09,0.0,100.0,0,17,0,0.0,0.0,355
OD_000148_B,OD_000148,19,B,minimum_time,2,2329.0,410.0,6.8,65,mapped,good,strict,100.0,97.62,1.0395,17,True,17,0,0,2421.09,0.0,100.0,0,17,0,0.0,0.0,355
OD_000148_C,OD_000148,19,C,shortest,10,2086.0,426.0,7.1,78,mapped,good,strict,100.0,97.67,0.9587,24,True,24,0,0,2000.01,0.0,100.0,0,24,0,0.0,0.0,355
OD_000149_A,OD_000149,19,A,traffic_optimal,0,1151.0,273.0,4.5,32,mapped,good,strict,100.0,100.0,1.1347,14,True,14,0,0,1306.18,0.0,100.0,0,14,0,0.0,0.0,355
OD_000149_B,OD_000149,19,B,minimum_time,2,1151.0,273.0,4.5,32,mapped,good,strict,100.0,100.0,1.1347,14,True,14,0,0,1306.18,0.0,100.0,0,14,0,0.0,0.0,355
OD_000149_C,OD_000149,19,C,shortest,10,1151.0,273.0,4.5,32,mapped,good,strict,100.0,100.0,1.1347,14,True,14,0,0,1306.18,0.0,100.0,0,14,0,0.0,0.0,355
OD_000150_A,OD_000150,19,A,traffic_optimal,0,4946.0,509.0,8.5,130,mapped,good,strict,100.0,99.83,1.0359,38,True,38,0,0,5123.17,0.0,100.0,0,38,0,0.0,0.0,355
OD_000150_B,OD_000150,19,B,minimum_time,2,4946.0,509.0,8.5,130,mapped,good,strict,100.0,99.83,1.0359,38,True,38,0,0,5123.17,0.0,100.0,0,38,0,0.0,0.0,355
OD_000150_C,OD_000150,19,C,shortest,10,4588.0,678.0,11.3,149,mapped,good,strict,100.0,94.75,0.9917,37,True,37,0,0,4550.11,0.0,100.0,0,37,0,0.0,0.0,355
OD_000151_A,OD_000151,19,A,traffic_optimal,0,8172.0,726.0,12.1,213,mapped,good,strict,100.0,100.0,1.0218,48,True,48,0,0,8350.28,0.0,100.0,5,43,0,10.42,21.92,355
OD_000151_B,OD_000151,19,B,minimum_time,2,8172.0,726.0,12.1,213,mapped,good,strict,100.0,100.0,1.0218,48,True,48,0,0,8350.28,0.0,100.0,5,43,0,10.42,21.92,355
OD_000151_C,OD_000151,19,C,shortest,10,8172.0,726.0,12.1,213,mapped,good,strict,100.0,100.0,1.0218,48,True,48,0,0,8350.28,0.0,100.0,5,43,0,10.42,21.92,355
OD_000152_A,OD_000152,19,A,traffic_optimal,0,15829.0,1383.0,23.1,382,mapped,good,strict,100.0,100.0,0.9991,67,True,20,1,46,6872.09,8942.54,43.45,0,21,46,0.0,0.0,355
OD_000152_B,OD_000152,19,B,minimum_time,2,16464.0,1231.0,20.5,433,mapped,good,strict,100.0,100.0,0.9967,86,True,20,1,65,6872.09,9537.23,41.88,0,21,65,0.0,0.0,355
OD_000152_C,OD_000152,19,C,shortest,10,15069.0,1641.0,27.4,421,mapped,good,strict,100.0,100.0,0.9985,95,True,43,1,51,7253.53,7793.18,48.21,18,26,51,40.91,57.06,355
OD_000153_A,OD_000153,19,A,traffic_optimal,0,15929.0,1095.0,18.2,300,mapped,recovered,controlled_recovery,98.48,94.35,0.9734,67,True,17,0,50,6017.12,9488.36,38.81,5,12,50,29.41,44.14,355
OD_000153_B,OD_000153,19,B,minimum_time,2,17150.0,994.0,16.6,291,mapped,good,strict,100.0,98.98,1.0029,71,True,17,0,54,6017.12,11182.5,34.98,5,12,54,29.41,44.14,355
OD_000153_C,OD_000153,19,C,shortest,10,15863.0,2392.0,39.9,508,mapped,good,strict,100.0,96.15,1.0004,121,True,40,1,80,5865.24,10004.2,36.96,4,37,80,9.76,18.05,355
OD_000154_A,OD_000154,19,A,traffic_optimal,0,1029.0,193.0,3.2,29,mapped,good,strict,100.0,100.0,1.1077,13,True,13,0,0,1140.18,0.0,100.0,0,13,0,0.0,0.0,355
OD_000154_B,OD_000154,19,B,minimum_time,2,1029.0,193.0,3.2,29,mapped,good,strict,100.0,100.0,1.1077,13,True,13,0,0,1140.18,0.0,100.0,0,13,0,0.0,0.0,355
OD_000154_C,OD_000154,19,C,shortest,10,1019.0,344.0,5.7,28,mapped,good,strict,100.0,100.0,1.1177,20,True,20,0,0,1139.0,0.0,100.0,0,20,0,0.0,0.0,355
OD_000155_A,OD_000155,19,A,traffic_optimal,0,4019.0,539.0,9.0,113,mapped,good,strict,100.0,100.0,1.0371,32,True,32,0,0,4168.52,0.0,100.0,1,31,0,3.12,9.3,355
OD_000155_B,OD_000155,19,B,minimum_time,2,4019.0,539.0,9.0,113,mapped,good,strict,100.0,100.0,1.0371,32,True,32,0,0,4168.52,0.0,100.0,1,31,0,3.12,9.3,355
OD_000155_C,OD_000155,19,C,shortest,10,4018.0,584.0,9.7,112,mapped,good,strict,100.0,94.86,1.0375,32,True,32,0,0,4168.52,0.0,100.0,1,31,0,3.12,9.3,355
OD_000156_A,OD_000156,19,A,traffic_optimal,0,20745.0,1388.0,23.1,516,mapped,good,normal,100.0,94.82,0.9756,73,True,29,1,43,8438.14,11799.97,41.69,9,21,43,30.0,46.81,355
OD_000156_B,OD_000156,19,B,minimum_time,2,20407.0,1430.0,23.8,506,mapped,good,strict,100.0,96.99,0.9957,74,True,30,1,43,8519.06,11799.97,41.93,9,22,43,29.03,46.36,355
OD_000156_C,OD_000156,19,C,shortest,10,16201.0,2064.0,34.4,392,mapped,recovered,controlled_recovery,98.8,85.64,0.8874,84,True,30,1,53,8519.06,5857.31,59.26,9,22,53,29.03,46.36,355
OD_000157_A,OD_000157,19,A,traffic_optimal,0,17961.0,1175.0,19.6,340,mapped,good,strict,100.0,95.43,0.9698,74,True,20,0,54,6235.47,11182.5,35.8,5,15,54,25.0,42.59,355
OD_000157_B,OD_000157,19,B,minimum_time,2,17961.0,1175.0,19.6,340,mapped,good,strict,100.0,95.43,0.9698,74,True,20,0,54,6235.47,11182.5,35.8,5,15,54,25.0,42.59,355
OD_000157_C,OD_000157,19,C,shortest,10,16528.0,2605.0,43.4,553,mapped,good,strict,100.0,95.4,0.9897,130,True,49,1,80,6352.83,10004.2,38.84,3,47,80,6.0,10.56,355
OD_000158_A,OD_000158,19,A,traffic_optimal,0,2047.0,360.0,6.0,80,mapped,poor,strict,100.0,68.48,0.723,16,False,16,0,0,1480.2,0.0,100.0,0,16,0,0.0,0.0,355
OD_000158_B,OD_000158,19,B,minimum_time,2,2321.0,404.0,6.7,104,mapped,poor,strict,100.0,48.97,0.6379,16,False,16,0,0,1480.2,0.0,100.0,0,16,0,0.0,0.0,355
OD_000158_C,OD_000158,19,C,shortest,10,1970.0,433.0,7.2,79,mapped,poor,normal,100.0,69.08,0.6849,15,False,15,0,0,1349.31,0.0,100.0,0,15,0,0.0,0.0,355
OD_000159_A,OD_000159,19,A,traffic_optimal,0,7136.0,790.0,13.2,247,mapped,review,normal,100.0,87.43,0.8767,35,True,35,0,0,6256.36,0.0,100.0,6,29,0,17.14,35.49,355
OD_000159_B,OD_000159,19,B,minimum_time,2,9292.0,782.0,13.0,351,mapped,good,strict,100.0,90.08,0.9109,36,True,36,0,0,8464.28,0.0,100.0,4,32,0,11.11,15.77,355
OD_000159_C,OD_000159,19,C,shortest,10,6061.0,1026.0,17.1,229,failed,failed,,0.0,0.0,0.0,0,False,0,0,0,0.0,0.0,0.0,0,0,0,0.0,0.0,0
OD_000160_A,OD_000160,19,A,traffic_optimal,0,17811.0,1152.0,19.2,325,mapped,good,strict,100.0,95.95,0.9681,70,True,16,0,54,6061.13,11182.5,35.15,5,11,54,31.25,43.82,355
OD_000160_B,OD_000160,19,B,minimum_time,2,17811.0,1152.0,19.2,325,mapped,good,strict,100.0,95.95,0.9681,70,True,16,0,54,6061.13,11182.5,35.15,5,11,54,31.25,43.82,355
OD_000160_C,OD_000160,19,C,shortest,10,16167.0,2466.0,41.1,543,mapped,good,strict,100.0,95.39,0.9898,125,True,44,1,80,5997.29,10004.2,37.48,3,42,80,6.67,11.18,355
OD_000161_A,OD_000161,19,A,traffic_optimal,0,2066.0,335.0,5.6,100,mapped,good,strict,100.0,93.45,0.907,15,True,15,0,0,1874.26,0.0,100.0,0,15,0,0.0,0.0,355
OD_000161_B,OD_000161,19,B,minimum_time,2,2070.0,399.0,6.7,78,mapped,poor,strict,100.0,73.65,0.7178,14,False,14,0,0,1486.14,0.0,100.0,0,14,0,0.0,0.0,355
OD_000161_C,OD_000161,19,C,shortest,10,2066.0,390.0,6.5,96,mapped,review,strict,100.0,89.58,0.9074,15,True,15,0,0,1874.26,0.0,100.0,0,15,0,0.0,0.0,355
OD_000162_A,OD_000162,19,A,traffic_optimal,0,15558.0,1263.0,21.1,386,mapped,good,strict,100.0,99.13,0.9876,65,True,22,1,42,7160.66,8204.28,46.6,0,23,42,0.0,0.0,355
OD_000162_B,OD_000162,19,B,minimum_time,2,17885.0,1414.0,23.6,348,mapped,good,strict,100.0,95.72,0.9658,84,True,16,0,68,6061.13,11212.46,35.09,5,11,68,31.25,43.82,355
OD_000162_C,OD_000162,19,C,shortest,10,14773.0,1344.0,22.4,400,mapped,good,strict,100.0,99.08,0.9875,68,True,25,1,42,6397.2,8191.59,43.85,6,20,42,23.08,23.12,355
OD_000163_A,OD_000163,19,A,traffic_optimal,0,2529.0,436.0,7.3,81,mapped,poor,strict,100.0,76.71,0.745,16,False,16,0,0,1884.45,0.0,100.0,0,16,0,0.0,0.0,355
OD_000163_B,OD_000163,19,B,minimum_time,2,2529.0,436.0,7.3,81,mapped,poor,strict,100.0,76.71,0.745,16,False,16,0,0,1884.45,0.0,100.0,0,16,0,0.0,0.0,355
OD_000163_C,OD_000163,19,C,shortest,10,2484.0,558.0,9.3,95,mapped,poor,strict,100.0,76.28,0.7422,17,False,17,0,0,1843.76,0.0,100.0,1,16,0,5.88,21.66,355
OD_000164_A,OD_000164,19,A,traffic_optimal,0,2110.0,362.0,6.0,107,mapped,good,strict,100.0,93.58,0.8882,15,True,15,0,0,1874.26,0.0,100.0,0,15,0,0.0,0.0,355
OD_000164_B,OD_000164,19,B,minimum_time,2,2114.0,426.0,7.1,85,mapped,poor,strict,100.0,72.13,0.703,14,False,14,0,0,1486.14,0.0,100.0,0,14,0,0.0,0.0,355
OD_000164_C,OD_000164,19,C,shortest,10,2109.0,417.0,7.0,103,mapped,review,strict,100.0,89.79,0.8886,15,True,15,0,0,1874.26,0.0,100.0,0,15,0,0.0,0.0,355
OD_000165_A,OD_000165,19,A,traffic_optimal,0,2225.0,391.0,6.5,93,mapped,poor,strict,100.0,73.52,0.7208,15,False,15,0,0,1603.94,0.0,100.0,0,15,0,0.0,0.0,355
OD_000165_B,OD_000165,19,B,minimum_time,2,2225.0,391.0,6.5,93,mapped,poor,strict,100.0,73.52,0.7208,15,False,15,0,0,1603.94,0.0,100.0,0,15,0,0.0,0.0,355
OD_000165_C,OD_000165,19,C,shortest,10,2164.0,456.0,7.6,103,mapped,poor,strict,100.0,81.78,0.8025,14,False,14,0,0,1737.03,0.0,100.0,0,14,0,0.0,0.0,355
OD_000166_A,OD_000166,19,A,traffic_optimal,0,3277.0,577.0,9.6,142,mapped,poor,strict,100.0,82.02,0.8253,18,False,18,0,0,2704.3,0.0,100.0,4,14,0,22.22,40.44,355
OD_000166_B,OD_000166,19,B,minimum_time,2,3530.0,510.0,8.5,154,mapped,poor,wide,100.0,49.69,0.5773,12,False,12,0,0,2038.03,0.0,100.0,4,8,0,33.33,53.66,355
OD_000166_C,OD_000166,19,C,shortest,10,2828.0,605.0,10.1,140,mapped,good,strict,100.0,95.21,0.946,27,True,27,0,0,2674.92,0.0,100.0,0,27,0,0.0,0.0,355
OD_000167_A,OD_000167,19,A,traffic_optimal,0,1855.0,447.0,7.5,82,mapped,poor,strict,100.0,68.23,0.6489,12,False,12,0,0,1203.65,0.0,100.0,1,11,0,8.33,33.18,355
OD_000167_B,OD_000167,19,B,minimum_time,2,1855.0,447.0,7.5,82,mapped,poor,strict,100.0,68.23,0.6489,12,False,12,0,0,1203.65,0.0,100.0,1,11,0,8.33,33.18,355
OD_000167_C,OD_000167,19,C,shortest,10,1855.0,447.0,7.5,82,mapped,poor,strict,100.0,68.23,0.6489,12,False,12,0,0,1203.65,0.0,100.0,1,11,0,8.33,33.18,355
OD_000168_A,OD_000168,19,A,traffic_optimal,0,15287.0,1278.0,21.3,338,mapped,good,strict,100.0,95.62,0.9871,58,True,11,1,46,6146.67,8942.54,40.74,0,12,46,0.0,0.0,355
OD_000168_B,OD_000168,19,B,minimum_time,2,15287.0,1278.0,21.3,338,mapped,good,strict,100.0,95.62,0.9871,58,True,11,1,46,6146.67,8942.54,40.74,0,12,46,0.0,0.0,355
OD_000168_C,OD_000168,19,C,shortest,10,15287.0,1278.0,21.3,338,mapped,good,strict,100.0,95.62,0.9871,58,True,11,1,46,6146.67,8942.54,40.74,0,12,46,0.0,0.0,355
OD_000169_A,OD_000169,19,A,traffic_optimal,0,4903.0,596.0,9.9,120,mapped,good,strict,100.0,99.9,1.0399,42,True,42,0,0,5098.93,0.0,100.0,1,41,0,2.38,7.61,355
OD_000169_B,OD_000169,19,B,minimum_time,2,4866.0,560.0,9.3,132,mapped,good,strict,100.0,96.2,0.9731,39,True,39,0,0,4735.36,0.0,100.0,1,38,0,2.56,8.19,355
OD_000169_C,OD_000169,19,C,shortest,10,4482.0,664.0,11.1,125,mapped,good,strict,100.0,94.81,1.0569,38,True,38,0,0,4737.34,0.0,100.0,0,38,0,0.0,0.0,355
OD_000170_A,OD_000170,19,A,traffic_optimal,0,15880.0,1341.0,22.4,353,mapped,good,strict,100.0,100.0,1.0067,70,True,23,1,46,7044.62,8942.54,44.06,0,24,46,0.0,0.0,355
OD_000170_B,OD_000170,19,B,minimum_time,2,15880.0,1341.0,22.4,353,mapped,good,strict,100.0,100.0,1.0067,70,True,23,1,46,7044.62,8942.54,44.06,0,24,46,0.0,0.0,355
OD_000170_C,OD_000170,19,C,shortest,10,15755.0,1708.0,28.5,416,mapped,good,strict,100.0,100.0,1.0085,99,True,47,1,51,8095.63,7793.18,50.95,20,28,51,41.67,60.87,355
OD_000171_A,OD_000171,19,A,traffic_optimal,0,17049.0,1154.0,19.2,285,mapped,good,strict,100.0,98.97,1.0009,73,True,19,0,54,5882.41,11182.5,34.47,4,15,54,21.05,38.36,355
OD_000171_B,OD_000171,19,B,minimum_time,2,18064.0,1057.0,17.6,309,mapped,good,strict,100.0,99.03,0.9988,73,True,19,0,54,6858.75,11182.5,38.02,4,15,54,21.05,35.82,355
OD_000171_C,OD_000171,19,C,shortest,10,15801.0,1580.0,26.3,290,mapped,good,strict,100.0,98.89,1.0025,81,True,19,0,62,5882.41,9957.38,37.14,4,15,62,21.05,38.36,355
OD_000172_A,OD_000172,19,A,traffic_optimal,0,18309.0,1413.0,23.6,348,mapped,recovered,controlled_recovery,98.78,93.11,0.9693,83,True,19,0,64,5882.41,11864.48,33.15,4,15,64,21.05,38.36,355
OD_000172_B,OD_000172,19,B,minimum_time,2,18583.0,1209.0,20.1,369,mapped,good,strict,100.0,90.93,0.9604,45,True,19,0,26,6858.75,10988.39,38.43,4,15,26,21.05,35.82,355
OD_000172_C,OD_000172,19,C,shortest,10,17230.0,1331.0,22.2,380,mapped,recovered,controlled_recovery,97.73,90.22,0.9594,45,True,19,0,26,5882.41,10647.78,35.59,4,15,26,21.05,38.36,355
OD_000173_A,OD_000173,19,A,traffic_optimal,0,1356.0,210.0,3.5,59,mapped,good,strict,100.0,100.0,1.0212,13,True,13,0,0,1384.23,0.0,100.0,0,13,0,0.0,0.0,355
OD_000173_B,OD_000173,19,B,minimum_time,2,1356.0,210.0,3.5,59,mapped,good,strict,100.0,100.0,1.0212,13,True,13,0,0,1384.23,0.0,100.0,0,13,0,0.0,0.0,355
OD_000173_C,OD_000173,19,C,shortest,10,1263.0,235.0,3.9,37,mapped,good,strict,100.0,100.0,0.9741,13,True,13,0,0,1230.69,0.0,100.0,0,13,0,0.0,0.0,355
OD_000174_A,OD_000174,19,A,traffic_optimal,0,1186.0,183.0,3.0,37,mapped,good,strict,100.0,100.0,0.9576,11,True,11,0,0,1136.06,0.0,100.0,0,11,0,0.0,0.0,355
OD_000174_B,OD_000174,19,B,minimum_time,2,1460.0,227.0,3.8,61,mapped,poor,strict,100.0,63.08,0.7783,11,False,11,0,0,1136.06,0.0,100.0,0,11,0,0.0,0.0,355
OD_000174_C,OD_000174,19,C,shortest,10,1186.0,183.0,3.0,37,mapped,good,strict,100.0,100.0,0.9576,11,True,11,0,0,1136.06,0.0,100.0,0,11,0,0.0,0.0,355
OD_000175_A,OD_000175,19,A,traffic_optimal,0,1524.0,297.0,5.0,49,mapped,poor,strict,100.0,71.49,0.9775,15,False,15,0,0,1490.12,0.0,100.0,0,15,0,0.0,0.0,355
OD_000175_B,OD_000175,19,B,minimum_time,2,1524.0,297.0,5.0,49,mapped,poor,strict,100.0,71.49,0.9775,15,False,15,0,0,1490.12,0.0,100.0,0,15,0,0.0,0.0,355
OD_000175_C,OD_000175,19,C,shortest,10,1524.0,297.0,5.0,49,mapped,poor,strict,100.0,71.49,0.9775,15,False,15,0,0,1490.12,0.0,100.0,0,15,0,0.0,0.0,355
OD_000176_A,OD_000176,19,A,traffic_optimal,0,5319.0,631.0,10.5,162,mapped,good,strict,100.0,100.0,1.0044,32,True,32,0,0,5341.95,0.0,100.0,5,27,0,15.62,22.18,355
OD_000176_B,OD_000176,19,B,minimum_time,2,5332.0,617.0,10.3,133,mapped,good,strict,100.0,100.0,1.0024,45,True,45,0,0,5344.24,0.0,100.0,1,44,0,2.22,7.26,355
OD_000176_C,OD_000176,19,C,shortest,10,4587.0,651.0,10.8,150,mapped,good,strict,100.0,100.0,1.0086,36,True,36,0,0,4626.45,0.0,100.0,3,33,0,8.33,15.0,355
OD_000177_A,OD_000177,19,A,traffic_optimal,0,1378.0,287.0,4.8,38,mapped,good,strict,100.0,100.0,0.995,18,True,18,0,0,1371.16,0.0,100.0,0,18,0,0.0,0.0,355
OD_000177_B,OD_000177,19,B,minimum_time,2,1378.0,287.0,4.8,38,mapped,good,strict,100.0,100.0,0.995,18,True,18,0,0,1371.16,0.0,100.0,0,18,0,0.0,0.0,355
OD_000177_C,OD_000177,19,C,shortest,10,1368.0,442.0,7.4,37,mapped,good,strict,100.0,100.0,1.0016,25,True,25,0,0,1369.98,0.0,100.0,0,25,0,0.0,0.0,355
OD_000178_A,OD_000178,19,A,traffic_optimal,0,9863.0,1102.0,18.4,286,mapped,good,strict,100.0,99.21,0.9953,59,True,45,1,13,7396.28,2420.25,75.35,18,28,13,39.13,55.96,355
OD_000178_B,OD_000178,19,B,minimum_time,2,9863.0,1102.0,18.4,286,mapped,good,strict,100.0,99.21,0.9953,59,True,45,1,13,7396.28,2420.25,75.35,18,28,13,39.13,55.96,355
OD_000178_C,OD_000178,19,C,shortest,10,9863.0,1102.0,18.4,286,mapped,good,strict,100.0,99.21,0.9953,59,True,45,1,13,7396.28,2420.25,75.35,18,28,13,39.13,55.96,355
OD_000179_A,OD_000179,19,A,traffic_optimal,0,23683.0,2147.0,35.8,720,mapped,recovered,controlled_recovery,99.24,95.54,0.9532,132,True,32,1,99,7056.44,15517.72,31.26,0,33,99,0.0,0.0,355
OD_000179_B,OD_000179,19,B,minimum_time,2,30629.0,2033.0,33.9,731,mapped,good,strict,100.0,93.87,0.9958,105,True,20,0,85,8573.65,21924.75,28.11,3,17,85,15.0,11.89,355
OD_000179_C,OD_000179,19,C,shortest,10,22216.0,2381.0,39.7,689,mapped,recovered,controlled_recovery,99.31,97.02,0.9719,146,True,32,1,113,7056.44,14535.64,32.68,0,33,113,0.0,0.0,355
OD_000180_A,OD_000180,19,A,traffic_optimal,0,1723.0,512.0,8.5,74,mapped,good,strict,100.0,100.0,1.0032,15,True,15,0,0,1728.44,0.0,100.0,0,15,0,0.0,0.0,355
OD_000180_B,OD_000180,19,B,minimum_time,2,1723.0,512.0,8.5,74,mapped,good,strict,100.0,100.0,1.0032,15,True,15,0,0,1728.44,0.0,100.0,0,15,0,0.0,0.0,355
OD_000180_C,OD_000180,19,C,shortest,10,1722.0,567.0,9.4,70,mapped,good,strict,100.0,95.36,1.0037,15,True,15,0,0,1728.44,0.0,100.0,0,15,0,0.0,0.0,355
OD_000181_A,OD_000181,19,A,traffic_optimal,0,3870.0,573.0,9.6,117,mapped,review,strict,100.0,86.07,0.8739,26,True,26,0,0,3381.93,0.0,100.0,0,26,0,0.0,0.0,355
OD_000181_B,OD_000181,19,B,minimum_time,2,3870.0,573.0,9.6,117,mapped,review,strict,100.0,86.07,0.8739,26,True,26,0,0,3381.93,0.0,100.0,0,26,0,0.0,0.0,355
OD_000181_C,OD_000181,19,C,shortest,10,3868.0,630.0,10.5,116,mapped,poor,strict,100.0,80.73,0.8743,26,False,26,0,0,3381.93,0.0,100.0,0,26,0,0.0,0.0,355
OD_000182_A,OD_000182,19,A,traffic_optimal,0,6834.0,833.0,13.9,200,mapped,good,strict,100.0,96.18,0.9645,39,True,39,0,0,6591.42,0.0,100.0,5,34,0,12.82,27.77,355
OD_000182_B,OD_000182,19,B,minimum_time,2,7086.0,964.0,16.1,224,mapped,good,strict,100.0,95.93,0.9755,40,True,40,0,0,6912.54,0.0,100.0,7,33,0,17.5,23.48,355
OD_000182_C,OD_000182,19,C,shortest,10,6154.0,1158.0,19.3,210,mapped,recovered,controlled_recovery,97.92,86.33,1.0048,49,True,49,0,0,6183.75,0.0,100.0,2,47,0,4.08,7.4,355
OD_000183_A,OD_000183,19,A,traffic_optimal,0,15679.0,1301.0,21.7,362,mapped,good,strict,100.0,98.52,0.9843,67,True,14,1,52,6358.72,9073.9,41.2,0,15,52,0.0,0.0,355
OD_000183_B,OD_000183,19,B,minimum_time,2,17576.0,1231.0,20.5,292,mapped,good,strict,100.0,97.16,0.9853,71,True,23,0,48,6723.9,10592.63,38.83,4,19,48,17.39,33.56,355
OD_000183_C,OD_000183,19,C,shortest,10,15284.0,2353.0,39.2,524,mapped,review,normal,100.0,87.29,0.9503,105,True,40,1,64,5708.78,8816.19,39.3,3,38,64,7.32,11.75,355
OD_000184_A,OD_000184,19,A,traffic_optimal,0,19416.0,1457.0,24.3,371,mapped,recovered,controlled_recovery,98.84,91.84,0.9574,87,True,23,0,64,6723.9,11864.48,36.17,4,19,64,17.39,33.56,355
OD_000184_B,OD_000184,19,B,minimum_time,2,19911.0,1481.0,24.7,462,mapped,good,strict,100.0,91.25,0.9517,50,True,14,1,35,6358.72,12590.03,33.56,0,15,35,0.0,0.0,355
OD_000184_C,OD_000184,19,C,shortest,10,17374.0,2252.0,37.5,589,failed,failed,,0.0,0.0,0.0,0,False,0,0,0,0.0,0.0,0.0,0,0,0,0.0,0.0,0
OD_000185_A,OD_000185,19,A,traffic_optimal,0,1805.0,393.0,6.5,49,mapped,poor,strict,100.0,82.08,0.8532,16,False,16,0,0,1539.63,0.0,100.0,0,16,0,0.0,0.0,355
OD_000185_B,OD_000185,19,B,minimum_time,2,1805.0,393.0,6.5,49,mapped,poor,strict,100.0,82.08,0.8532,16,False,16,0,0,1539.63,0.0,100.0,0,16,0,0.0,0.0,355
OD_000185_C,OD_000185,19,C,shortest,10,1758.0,562.0,9.4,53,mapped,review,strict,100.0,87.18,0.8749,23,True,23,0,0,1538.45,0.0,100.0,0,23,0,0.0,0.0,355
OD_000186_A,OD_000186,19,A,traffic_optimal,0,2194.0,426.0,7.1,69,mapped,poor,strict,100.0,80.42,0.9107,16,False,16,0,0,1998.34,0.0,100.0,0,16,0,0.0,0.0,355
OD_000186_B,OD_000186,19,B,minimum_time,2,2194.0,426.0,7.1,69,mapped,poor,strict,100.0,80.42,0.9107,16,False,16,0,0,1998.34,0.0,100.0,0,16,0,0.0,0.0,355
OD_000186_C,OD_000186,19,C,shortest,10,2158.0,370.0,6.2,74,mapped,poor,strict,100.0,84.63,0.9258,16,False,16,0,0,1998.34,0.0,100.0,0,16,0,0.0,0.0,355
OD_000187_A,OD_000187,19,A,traffic_optimal,0,15942.0,1308.0,21.8,385,mapped,good,strict,100.0,100.0,1.0016,87,True,18,1,68,5624.52,10342.59,35.23,5,14,68,26.32,21.67,355
OD_000187_B,OD_000187,19,B,minimum_time,2,18479.0,1327.0,22.1,336,mapped,good,strict,100.0,98.07,1.001,82,True,28,0,54,7314.22,11182.5,39.54,5,23,54,17.86,36.31,355
OD_000187_C,OD_000187,19,C,shortest,10,15233.0,2240.0,37.3,491,mapped,good,strict,100.0,95.99,0.9998,118,True,37,1,80,5224.61,10004.2,34.31,2,36,80,5.26,7.85,355
OD_000188_A,OD_000188,19,A,traffic_optimal,0,2078.0,364.0,6.1,65,mapped,good,strict,100.0,100.0,0.9998,24,True,24,0,0,2077.21,0.0,100.0,0,24,0,0.0,0.0,355
OD_000188_B,OD_000188,19,B,minimum_time,2,2078.0,364.0,6.1,65,mapped,good,strict,100.0,100.0,0.9998,24,True,24,0,0,2077.21,0.0,100.0,0,24,0,0.0,0.0,355
OD_000188_C,OD_000188,19,C,shortest,10,2063.0,435.0,7.2,69,mapped,good,strict,100.0,100.0,1.0059,21,True,21,0,0,2075.19,0.0,100.0,0,21,0,0.0,0.0,355
OD_000189_A,OD_000189,19,A,traffic_optimal,0,2865.0,578.0,9.6,104,mapped,poor,strict,100.0,79.61,0.7852,15,False,15,0,0,2249.88,0.0,100.0,5,10,0,33.33,74.58,355
OD_000189_B,OD_000189,19,B,minimum_time,2,2689.0,476.0,7.9,112,mapped,poor,strict,100.0,78.27,0.7926,21,False,21,0,0,2131.3,0.0,100.0,0,21,0,0.0,0.0,355
OD_000189_C,OD_000189,19,C,shortest,10,2556.0,522.0,8.7,95,mapped,poor,strict,100.0,77.14,0.7583,19,False,19,0,0,1938.39,0.0,100.0,1,18,0,5.26,20.6,355
OD_000190_A,OD_000190,19,A,traffic_optimal,0,18472.0,1329.0,22.1,361,mapped,recovered,controlled_recovery,98.75,92.73,0.9681,81,True,17,0,64,6017.12,11864.48,33.65,5,12,64,29.41,44.14,355
OD_000190_B,OD_000190,19,B,minimum_time,2,17392.0,1230.0,20.5,393,mapped,recovered,controlled_recovery,97.62,89.84,0.9582,43,True,17,0,26,6017.12,10647.78,36.11,5,12,26,29.41,44.14,355
OD_000190_C,OD_000190,19,C,shortest,10,17096.0,2086.0,34.8,584,failed,failed,,0.0,0.0,0.0,0,False,0,0,0,0.0,0.0,0.0,0,0,0,0.0,0.0,0
OD_000191_A,OD_000191,19,A,traffic_optimal,0,26935.0,1597.0,26.6,705,mapped,good,strict,100.0,92.2,0.9951,76,True,31,1,44,11146.11,15656.7,41.59,3,29,44,9.38,10.95,355
OD_000191_B,OD_000191,19,B,minimum_time,2,31805.0,1629.0,27.1,795,mapped,good,strict,100.0,93.87,1.005,89,True,31,1,57,11146.11,20818.06,34.87,3,29,57,9.38,10.95,355
OD_000191_C,OD_000191,19,C,shortest,10,22613.0,3201.0,53.4,598,mapped,good,strict,100.0,98.66,0.9899,149,True,29,1,119,8553.76,13831.37,38.21,9,21,119,30.0,46.17,355
OD_000192_A,OD_000192,19,A,traffic_optimal,0,1946.0,351.0,5.8,74,mapped,good,strict,100.0,93.27,0.9606,18,True,18,0,0,1869.88,0.0,100.0,0,18,0,0.0,0.0,355
OD_000192_B,OD_000192,19,B,minimum_time,2,1946.0,351.0,5.8,74,mapped,good,strict,100.0,93.27,0.9606,18,True,18,0,0,1869.88,0.0,100.0,0,18,0,0.0,0.0,355
OD_000192_C,OD_000192,19,C,shortest,10,1844.0,602.0,10.0,51,mapped,good,strict,100.0,92.9,0.9301,25,True,25,0,0,1715.15,0.0,100.0,0,25,0,0.0,0.0,355
OD_000193_A,OD_000193,19,A,traffic_optimal,0,1548.0,304.0,5.1,49,mapped,good,strict,100.0,91.54,0.9699,16,True,16,0,0,1501.54,0.0,100.0,0,16,0,0.0,0.0,355
OD_000193_B,OD_000193,19,B,minimum_time,2,1548.0,304.0,5.1,49,mapped,good,strict,100.0,91.54,0.9699,16,True,16,0,0,1501.54,0.0,100.0,0,16,0,0.0,0.0,355
OD_000193_C,OD_000193,19,C,shortest,10,1538.0,530.0,8.8,48,mapped,good,strict,100.0,91.49,0.9756,23,True,23,0,0,1500.36,0.0,100.0,0,23,0,0.0,0.0,355
OD_000194_A,OD_000194,19,A,traffic_optimal,0,7187.0,749.0,12.5,222,mapped,good,strict,100.0,94.87,0.9637,36,True,36,0,0,6926.31,0.0,100.0,8,28,0,22.22,29.03,355
OD_000194_B,OD_000194,19,B,minimum_time,2,8543.0,735.0,12.2,309,mapped,good,strict,100.0,95.82,0.9652,33,True,33,0,0,8245.94,0.0,100.0,4,29,0,12.12,16.19,355
OD_000194_C,OD_000194,19,C,shortest,10,6021.0,1090.0,18.2,199,failed,failed,,0.0,0.0,0.0,0,False,0,0,0,0.0,0.0,0.0,0,0,0,0.0,0.0,0
OD_000195_A,OD_000195,18,A,traffic_optimal,0,15136.0,1490.0,24.8,415,mapped,good,strict,100.0,100.0,1.0173,87,True,55,0,32,8327.26,7070.55,54.08,0,55,32,0.0,0.0,355
OD_000195_B,OD_000195,18,B,minimum_time,2,18823.0,1234.0,20.6,558,mapped,good,strict,100.0,99.44,0.9942,63,True,32,1,30,9786.73,8926.09,52.3,0,33,30,0.0,0.0,355
OD_000195_C,OD_000195,18,C,shortest,10,15062.0,2100.0,35.0,560,mapped,good,strict,100.0,100.0,1.0166,123,True,55,1,67,7412.3,7898.87,48.41,0,56,67,0.0,0.0,355
OD_000196_A,OD_000196,18,A,traffic_optimal,0,1579.0,281.0,4.7,39,mapped,good,strict,100.0,100.0,1.0883,18,True,18,0,0,1718.69,0.0,100.0,0,18,0,0.0,0.0,355
OD_000196_B,OD_000196,18,B,minimum_time,2,1579.0,281.0,4.7,39,mapped,good,strict,100.0,100.0,1.0883,18,True,18,0,0,1718.69,0.0,100.0,0,18,0,0.0,0.0,355
OD_000196_C,OD_000196,18,C,shortest,10,1409.0,418.0,7.0,49,mapped,good,strict,100.0,100.0,0.9692,20,True,20,0,0,1365.8,0.0,100.0,0,20,0,0.0,0.0,355
OD_000197_A,OD_000197,18,A,traffic_optimal,0,3271.0,661.0,11.0,103,mapped,good,strict,100.0,100.0,1.0594,35,True,35,0,0,3465.41,0.0,100.0,0,35,0,0.0,0.0,355
OD_000197_B,OD_000197,18,B,minimum_time,2,3256.0,689.0,11.5,104,mapped,good,strict,100.0,100.0,1.062,35,True,35,0,0,3458.08,0.0,100.0,0,35,0,0.0,0.0,355
OD_000197_C,OD_000197,18,C,shortest,10,3088.0,617.0,10.3,119,failed,failed,,0.0,0.0,0.0,0,False,0,0,0,0.0,0.0,0.0,0,0,0,0.0,0.0,0
OD_000198_A,OD_000198,18,A,traffic_optimal,0,16679.0,1180.0,19.7,350,mapped,recovered,controlled_recovery,98.53,94.6,0.9637,69,True,19,0,50,6584.89,9488.36,40.97,6,13,50,31.58,46.21,355
OD_000198_B,OD_000198,18,B,minimum_time,2,18494.0,1159.0,19.3,354,mapped,good,strict,100.0,99.05,0.9955,80,True,19,0,61,6584.89,11825.32,35.77,6,13,61,31.58,46.21,355
OD_000198_C,OD_000198,18,C,shortest,10,15873.0,2412.0,40.2,540,mapped,good,strict,100.0,96.16,0.99,123,True,42,1,80,5708.72,10004.2,36.33,3,40,80,6.98,11.75,355
OD_000199_A,OD_000199,18,A,traffic_optimal,0,23832.0,1981.0,33.0,662,mapped,recovered,controlled_recovery,99.18,95.39,0.9519,123,True,33,1,89,7063.39,15622.2,31.14,0,34,89,0.0,0.0,355
OD_000199_B,OD_000199,18,B,minimum_time,2,29524.0,1852.0,30.9,680,mapped,good,strict,100.0,94.14,0.9975,98,True,21,0,77,8664.73,20783.86,29.42,3,18,77,14.29,11.76,355
OD_000199_C,OD_000199,18,C,shortest,10,22265.0,2212.0,36.9,712,mapped,recovered,controlled_recovery,99.32,96.84,0.9701,147,True,33,1,113,7063.39,14535.64,32.7,0,34,113,0.0,0.0,355
OD_000200_A,OD_000200,18,A,traffic_optimal,0,2077.0,408.0,6.8,87,mapped,good,strict,100.0,100.0,0.9268,19,True,19,0,0,1925.37,0.0,100.0,1,18,0,5.26,20.12,355
OD_000200_B,OD_000200,18,B,minimum_time,2,2020.0,438.0,7.3,73,mapped,good,strict,100.0,100.0,0.9364,25,True,25,0,0,1891.21,0.0,100.0,0,25,0,0.0,0.0,355
OD_000200_C,OD_000200,18,C,shortest,10,1979.0,517.0,8.6,78,mapped,good,strict,100.0,100.0,0.9358,23,True,23,0,0,1851.84,0.0,100.0,1,22,0,4.35,21.57,355
OD_000201_A,OD_000201,18,A,traffic_optimal,0,7651.0,857.0,14.3,229,mapped,good,strict,100.0,100.0,0.9846,43,True,43,0,0,7533.15,0.0,100.0,5,38,0,11.63,24.3,355
OD_000201_B,OD_000201,18,B,minimum_time,2,8357.0,866.0,14.4,295,mapped,good,strict,100.0,100.0,0.9918,52,True,52,0,0,8288.38,0.0,100.0,6,46,0,11.54,17.85,355
OD_000201_C,OD_000201,18,C,shortest,10,7595.0,1286.0,21.4,262,mapped,recovered,controlled_recovery,98.46,92.72,1.0115,66,True,66,0,0,7682.49,0.0,100.0,3,63,0,4.55,9.99,355
OD_000202_A,OD_000202,18,A,traffic_optimal,0,20107.0,1372.0,22.9,464,mapped,good,strict,100.0,97.69,1.0123,73,True,29,1,43,8553.76,11799.97,42.03,9,21,43,30.0,46.17,355
OD_000202_B,OD_000202,18,B,minimum_time,2,26470.0,1347.0,22.4,568,mapped,good,strict,100.0,99.34,1.0062,86,True,17,0,69,6017.12,20615.86,22.59,5,12,69,29.41,44.14,355
OD_000202_C,OD_000202,18,C,shortest,10,15900.0,1938.0,32.3,350,mapped,recovered,controlled_recovery,98.78,86.3,0.9064,83,True,29,1,53,8553.76,5857.31,59.36,9,21,53,30.0,46.17,355
OD_000203_A,OD_000203,18,A,traffic_optimal,0,9179.0,920.0,15.3,218,mapped,good,strict,100.0,100.0,1.0226,59,True,32,1,26,7037.45,2348.23,74.98,12,21,26,36.36,51.38,355
OD_000203_B,OD_000203,18,B,minimum_time,2,9179.0,920.0,15.3,218,mapped,good,strict,100.0,100.0,1.0226,59,True,32,1,26,7037.45,2348.23,74.98,12,21,26,36.36,51.38,355
OD_000203_C,OD_000203,18,C,shortest,10,9179.0,920.0,15.3,218,mapped,good,strict,100.0,100.0,1.0226,59,True,32,1,26,7037.45,2348.23,74.98,12,21,26,36.36,51.38,355
OD_000204_A,OD_000204,18,A,traffic_optimal,0,2572.0,423.0,7.0,101,mapped,good,strict,100.0,100.0,1.0344,19,True,19,0,0,2660.3,0.0,100.0,4,15,0,21.05,41.11,355
OD_000204_B,OD_000204,18,B,minimum_time,2,2572.0,423.0,7.0,101,mapped,good,strict,100.0,100.0,1.0344,19,True,19,0,0,2660.3,0.0,100.0,4,15,0,21.05,41.11,355
OD_000204_C,OD_000204,18,C,shortest,10,2572.0,423.0,7.0,101,mapped,good,strict,100.0,100.0,1.0344,19,True,19,0,0,2660.3,0.0,100.0,4,15,0,21.05,41.11,355
OD_000205_A,OD_000205,18,A,traffic_optimal,0,19821.0,1243.0,20.7,398,mapped,good,wide,100.0,96.74,0.9818,67,True,26,0,41,7678.18,11782.19,39.46,7,19,41,26.92,33.35,355
OD_000205_B,OD_000205,18,B,minimum_time,2,19821.0,1243.0,20.7,398,mapped,good,wide,100.0,96.74,0.9818,67,True,26,0,41,7678.18,11782.19,39.46,7,19,41,26.92,33.35,355
OD_000205_C,OD_000205,18,C,shortest,10,15420.0,2156.0,35.9,435,mapped,good,normal,100.0,95.97,0.9713,128,True,61,0,67,7653.88,7323.37,51.1,1,60,67,1.64,5.35,355
OD_000206_A,OD_000206,18,A,traffic_optimal,0,5391.0,588.0,9.8,162,mapped,review,strict,100.0,88.02,0.8982,38,True,38,0,0,4842.45,0.0,100.0,1,37,0,2.63,8.01,355
OD_000206_B,OD_000206,18,B,minimum_time,2,5391.0,588.0,9.8,162,mapped,review,strict,100.0,88.02,0.8982,38,True,38,0,0,4842.45,0.0,100.0,1,37,0,2.63,8.01,355
OD_000206_C,OD_000206,18,C,shortest,10,5266.0,665.0,11.1,158,mapped,good,strict,100.0,97.17,0.9707,44,True,44,0,0,5111.69,0.0,100.0,0,44,0,0.0,0.0,355
OD_000207_A,OD_000207,18,A,traffic_optimal,0,4830.0,628.0,10.5,162,mapped,review,strict,100.0,86.63,0.9083,35,True,35,0,0,4386.86,0.0,100.0,1,34,0,2.86,8.84,355
OD_000207_B,OD_000207,18,B,minimum_time,2,4830.0,628.0,10.5,162,mapped,review,strict,100.0,86.63,0.9083,35,True,35,0,0,4386.86,0.0,100.0,1,34,0,2.86,8.84,355
OD_000207_C,OD_000207,18,C,shortest,10,4703.0,760.0,12.7,157,mapped,good,strict,100.0,92.44,0.9901,41,True,41,0,0,4656.11,0.0,100.0,0,41,0,0.0,0.0,355
OD_000208_A,OD_000208,18,A,traffic_optimal,0,9355.0,1247.0,20.8,281,mapped,good,strict,100.0,98.4,0.9819,63,True,63,0,0,9185.33,0.0,100.0,5,58,0,7.94,19.93,355
OD_000208_B,OD_000208,18,B,minimum_time,2,9355.0,1247.0,20.8,281,mapped,good,strict,100.0,98.4,0.9819,63,True,63,0,0,9185.33,0.0,100.0,5,58,0,7.94,19.93,355
OD_000208_C,OD_000208,18,C,shortest,10,9081.0,1143.0,19.1,266,mapped,good,strict,100.0,98.36,0.9799,54,True,54,0,0,8898.33,0.0,100.0,5,49,0,9.26,20.57,355
OD_000209_A,OD_000209,18,A,traffic_optimal,0,2342.0,293.0,4.9,93,mapped,poor,strict,100.0,76.71,0.8752,10,False,10,0,0,2049.97,0.0,100.0,4,6,0,40.0,65.85,355
OD_000209_B,OD_000209,18,B,minimum_time,2,2342.0,293.0,4.9,93,mapped,poor,strict,100.0,76.71,0.8752,10,False,10,0,0,2049.97,0.0,100.0,4,6,0,40.0,65.85,355
OD_000209_C,OD_000209,18,C,shortest,10,2342.0,293.0,4.9,93,mapped,poor,strict,100.0,76.71,0.8752,10,False,10,0,0,2049.97,0.0,100.0,4,6,0,40.0,65.85,355
OD_000210_A,OD_000210,18,A,traffic_optimal,0,7945.0,748.0,12.5,232,mapped,good,strict,100.0,98.3,0.9845,45,True,45,0,0,7821.72,0.0,100.0,5,40,0,11.11,23.4,355
OD_000210_B,OD_000210,18,B,minimum_time,2,7945.0,748.0,12.5,232,mapped,good,strict,100.0,98.3,0.9845,45,True,45,0,0,7821.72,0.0,100.0,5,40,0,11.11,23.4,355
OD_000210_C,OD_000210,18,C,shortest,10,7890.0,1203.0,20.1,265,mapped,recovered,controlled_recovery,98.51,91.28,1.0103,68,True,68,0,0,7971.06,0.0,100.0,3,65,0,4.41,9.62,355
OD_000211_A,OD_000211,18,A,traffic_optimal,0,2255.0,443.0,7.4,92,mapped,poor,strict,100.0,73.87,0.7644,17,False,17,0,0,1723.59,0.0,100.0,1,16,0,5.88,23.17,355
OD_000211_B,OD_000211,18,B,minimum_time,2,2255.0,443.0,7.4,92,mapped,poor,strict,100.0,73.87,0.7644,17,False,17,0,0,1723.59,0.0,100.0,1,16,0,5.88,23.17,355
OD_000211_C,OD_000211,18,C,shortest,10,2255.0,443.0,7.4,92,mapped,poor,strict,100.0,73.87,0.7644,17,False,17,0,0,1723.59,0.0,100.0,1,16,0,5.88,23.17,355
OD_000212_A,OD_000212,18,A,traffic_optimal,0,4818.0,534.0,8.9,150,mapped,good,wide,100.0,90.31,1.0624,38,True,38,0,0,5119.24,0.0,100.0,0,38,0,0.0,0.0,355
OD_000212_B,OD_000212,18,B,minimum_time,2,4818.0,534.0,8.9,150,mapped,good,wide,100.0,90.31,1.0624,38,True,38,0,0,5119.24,0.0,100.0,0,38,0,0.0,0.0,355
OD_000212_C,OD_000212,18,C,shortest,10,4818.0,534.0,8.9,150,mapped,good,wide,100.0,90.31,1.0624,38,True,38,0,0,5119.24,0.0,100.0,0,38,0,0.0,0.0,355
OD_000213_A,OD_000213,18,A,traffic_optimal,0,8058.0,884.0,14.7,243,mapped,good,strict,100.0,98.32,0.9767,46,True,46,0,0,7869.56,0.0,100.0,5,41,0,10.87,23.26,355
OD_000213_B,OD_000213,18,B,minimum_time,2,8058.0,884.0,14.7,243,mapped,good,strict,100.0,98.32,0.9767,46,True,46,0,0,7869.56,0.0,100.0,5,41,0,10.87,23.26,355
OD_000213_C,OD_000213,18,C,shortest,10,8002.0,1286.0,21.4,276,mapped,recovered,controlled_recovery,98.53,91.4,1.0021,69,True,69,0,0,8018.9,0.0,100.0,3,66,0,4.35,9.57,355
OD_000214_A,OD_000214,18,A,traffic_optimal,0,9669.0,914.0,15.2,232,mapped,good,strict,100.0,99.95,1.0144,66,True,39,1,26,7460.38,2348.23,76.06,12,28,26,30.0,48.47,355
OD_000214_B,OD_000214,18,B,minimum_time,2,9669.0,914.0,15.2,232,mapped,good,strict,100.0,99.95,1.0144,66,True,39,1,26,7460.38,2348.23,76.06,12,28,26,30.0,48.47,355
OD_000214_C,OD_000214,18,C,shortest,10,9619.0,1029.0,17.1,220,mapped,good,strict,100.0,99.95,1.0143,66,True,39,1,26,7407.86,2348.23,75.93,11,29,26,27.5,43.42,355
OD_000215_A,OD_000215,18,A,traffic_optimal,0,4105.0,922.0,15.4,149,mapped,good,strict,100.0,99.88,0.9814,45,True,45,0,0,4028.54,0.0,100.0,0,45,0,0.0,0.0,355
OD_000215_B,OD_000215,18,B,minimum_time,2,4586.0,793.0,13.2,170,mapped,good,strict,100.0,99.89,0.9885,43,True,43,0,0,4533.56,0.0,100.0,4,39,0,9.3,29.77,355
OD_000215_C,OD_000215,18,C,shortest,10,4040.0,868.0,14.5,144,mapped,review,strict,100.0,86.84,0.9389,38,True,38,0,0,3792.78,0.0,100.0,0,38,0,0.0,0.0,355
OD_000216_A,OD_000216,18,A,traffic_optimal,0,7637.0,778.0,13.0,206,mapped,good,strict,100.0,91.22,0.9733,36,True,36,0,0,7432.97,0.0,100.0,5,31,0,13.89,24.62,355
OD_000216_B,OD_000216,18,B,minimum_time,2,7637.0,778.0,13.0,206,mapped,good,strict,100.0,91.22,0.9733,36,True,36,0,0,7432.97,0.0,100.0,5,31,0,13.89,24.62,355
OD_000216_C,OD_000216,18,C,shortest,10,7637.0,778.0,13.0,206,mapped,good,strict,100.0,91.22,0.9733,36,True,36,0,0,7432.97,0.0,100.0,5,31,0,13.89,24.62,355
OD_000217_A,OD_000217,18,A,traffic_optimal,0,698.0,159.0,2.6,26,mapped,good,strict,100.0,100.0,0.9374,8,True,8,0,0,654.54,0.0,100.0,0,8,0,0.0,0.0,355
OD_000217_B,OD_000217,18,B,minimum_time,2,698.0,159.0,2.6,26,mapped,good,strict,100.0,100.0,0.9374,8,True,8,0,0,654.54,0.0,100.0,0,8,0,0.0,0.0,355
OD_000217_C,OD_000217,18,C,shortest,10,698.0,159.0,2.6,26,mapped,good,strict,100.0,100.0,0.9374,8,True,8,0,0,654.54,0.0,100.0,0,8,0,0.0,0.0,355
OD_000218_A,OD_000218,18,A,traffic_optimal,0,2471.0,464.0,7.7,95,mapped,good,strict,100.0,100.0,1.0222,21,True,21,0,0,2525.59,0.0,100.0,3,18,0,14.29,27.49,355
OD_000218_B,OD_000218,18,B,minimum_time,2,2471.0,464.0,7.7,95,mapped,good,strict,100.0,100.0,1.0222,21,True,21,0,0,2525.59,0.0,100.0,3,18,0,14.29,27.49,355
OD_000218_C,OD_000218,18,C,shortest,10,2471.0,464.0,7.7,95,mapped,good,strict,100.0,100.0,1.0222,21,True,21,0,0,2525.59,0.0,100.0,3,18,0,14.29,27.49,355
OD_000219_A,OD_000219,18,A,traffic_optimal,0,1071.0,205.0,3.4,36,mapped,poor,strict,100.0,24.39,0.176,4,False,4,0,0,188.57,0.0,100.0,0,4,0,0.0,0.0,355
OD_000219_B,OD_000219,18,B,minimum_time,2,492.0,101.0,1.7,22,mapped,poor,strict,100.0,53.13,0.3834,4,False,4,0,0,188.57,0.0,100.0,0,4,0,0.0,0.0,355
OD_000219_C,OD_000219,18,C,shortest,10,492.0,101.0,1.7,22,mapped,poor,strict,100.0,53.13,0.3834,4,False,4,0,0,188.57,0.0,100.0,0,4,0,0.0,0.0,355
OD_000220_A,OD_000220,18,A,traffic_optimal,0,9139.0,1102.0,18.4,261,mapped,good,strict,100.0,99.5,0.9917,55,True,55,0,0,9062.49,0.0,100.0,5,50,0,9.09,20.2,355
OD_000220_B,OD_000220,18,B,minimum_time,2,10468.0,982.0,16.4,280,mapped,good,strict,100.0,99.57,0.9951,55,True,55,0,0,10416.5,0.0,100.0,11,44,0,20.0,38.52,355
OD_000220_C,OD_000220,18,C,shortest,10,8498.0,1269.0,21.1,266,mapped,good,strict,100.0,99.47,0.989,63,True,63,0,0,8403.96,0.0,100.0,6,57,0,9.52,25.68,355
OD_000221_A,OD_000221,18,A,traffic_optimal,0,10053.0,988.0,16.5,256,mapped,good,strict,100.0,99.23,0.9849,53,True,39,1,13,7481.14,2420.25,75.56,12,28,13,30.0,35.56,355
OD_000221_B,OD_000221,18,B,minimum_time,2,10107.0,1074.0,17.9,295,mapped,good,strict,100.0,99.23,0.9899,62,True,48,1,13,7585.21,2420.25,75.81,17,32,13,34.69,51.14,355
OD_000221_C,OD_000221,18,C,shortest,10,10056.0,951.0,15.8,282,mapped,good,strict,100.0,99.23,0.99,59,True,45,1,13,7535.84,2420.25,75.69,18,28,13,39.13,54.93,355
OD_000222_A,OD_000222,18,A,traffic_optimal,0,15177.0,1248.0,20.8,338,mapped,good,strict,100.0,100.0,1.0062,61,True,14,1,46,6328.39,8942.54,41.44,0,15,46,0.0,0.0,355
OD_000222_B,OD_000222,18,B,minimum_time,2,15177.0,1248.0,20.8,338,mapped,good,strict,100.0,100.0,1.0062,61,True,14,1,46,6328.39,8942.54,41.44,0,15,46,0.0,0.0,355
OD_000222_C,OD_000222,18,C,shortest,10,15177.0,1248.0,20.8,338,mapped,good,strict,100.0,100.0,1.0062,61,True,14,1,46,6328.39,8942.54,41.44,0,15,46,0.0,0.0,355
OD_000223_A,OD_000223,18,A,traffic_optimal,0,24258.0,2285.0,38.1,646,mapped,recovered,controlled_recovery,99.24,96.34,0.9725,132,True,42,1,89,7968.82,15622.2,33.78,0,43,89,0.0,0.0,355
OD_000223_B,OD_000223,18,B,minimum_time,2,31948.0,1991.0,33.2,763,mapped,good,strict,100.0,92.75,0.9899,103,True,24,0,79,8688.01,22936.28,27.47,2,22,79,8.33,7.27,355
OD_000223_C,OD_000223,18,C,shortest,10,22581.0,3175.0,52.9,661,mapped,recovered,controlled_recovery,100.0,89.18,0.9779,193,True,40,1,152,7575.76,14506.23,34.31,11,30,152,26.83,42.46,355
OD_000224_A,OD_000224,18,A,traffic_optimal,0,15535.0,1466.0,24.4,428,mapped,good,strict,100.0,100.0,1.0032,88,True,56,0,32,8513.52,7070.55,54.63,0,56,32,0.0,0.0,355
OD_000224_B,OD_000224,18,B,minimum_time,2,19958.0,1367.0,22.8,532,mapped,good,strict,100.0,99.09,1.0053,80,True,48,0,32,12993.68,7070.55,64.76,4,44,32,8.33,10.27,355
OD_000224_C,OD_000224,18,C,shortest,10,15460.0,2170.0,36.2,573,mapped,good,strict,100.0,100.0,1.0024,124,True,56,1,67,7598.56,7898.87,49.03,0,57,67,0.0,0.0,355
OD_000225_A,OD_000225,18,A,traffic_optimal,0,25436.0,2004.0,33.4,639,mapped,recovered,controlled_recovery,98.84,92.06,0.996,87,True,33,1,53,8843.71,16490.12,34.91,9,25,53,26.47,44.66,355
OD_000225_B,OD_000225,18,B,minimum_time,2,28097.0,1686.0,28.1,797,mapped,good,strict,100.0,91.92,0.9981,80,True,32,1,47,11622.81,16421.37,41.44,4,29,47,12.12,13.83,355
OD_000225_C,OD_000225,18,C,shortest,10,22746.0,2841.0,47.4,609,mapped,good,strict,100.0,99.25,0.9969,153,True,33,1,119,8843.71,13831.37,39.0,9,25,119,26.47,44.66,355
OD_000226_A,OD_000226,18,A,traffic_optimal,0,1778.0,377.0,6.3,74,mapped,review,strict,100.0,89.94,0.8949,14,True,14,0,0,1591.21,0.0,100.0,0,14,0,0.0,0.0,355
OD_000226_B,OD_000226,18,B,minimum_time,2,2114.0,425.0,7.1,100,mapped,poor,strict,100.0,75.22,0.7526,14,False,14,0,0,1591.21,0.0,100.0,0,14,0,0.0,0.0,355
OD_000226_C,OD_000226,18,C,shortest,10,1777.0,435.0,7.2,70,mapped,review,strict,100.0,85.43,0.8953,14,True,14,0,0,1591.21,0.0,100.0,0,14,0,0.0,0.0,355
OD_000227_A,OD_000227,18,A,traffic_optimal,0,4139.0,576.0,9.6,104,mapped,review,strict,100.0,86.98,0.8523,28,True,28,0,0,3527.62,0.0,100.0,0,28,0,0.0,0.0,355
OD_000227_B,OD_000227,18,B,minimum_time,2,4139.0,576.0,9.6,104,mapped,review,strict,100.0,86.98,0.8523,28,True,28,0,0,3527.62,0.0,100.0,0,28,0,0.0,0.0,355
OD_000227_C,OD_000227,18,C,shortest,10,4139.0,576.0,9.6,104,mapped,review,strict,100.0,86.98,0.8523,28,True,28,0,0,3527.62,0.0,100.0,0,28,0,0.0,0.0,355
OD_000228_A,OD_000228,18,A,traffic_optimal,0,7602.0,816.0,13.6,206,mapped,good,strict,100.0,100.0,1.0098,45,True,45,0,0,7675.9,0.0,100.0,5,40,0,11.11,23.84,355
OD_000228_B,OD_000228,18,B,minimum_time,2,7574.0,870.0,14.5,211,mapped,good,strict,100.0,100.0,1.0091,48,True,48,0,0,7642.66,0.0,100.0,5,43,0,10.42,23.95,355
OD_000228_C,OD_000228,18,C,shortest,10,7546.0,1297.0,21.6,239,mapped,recovered,controlled_recovery,98.51,92.67,1.037,68,True,68,0,0,7825.24,0.0,100.0,3,65,0,4.41,9.8,355
OD_000229_A,OD_000229,18,A,traffic_optimal,0,16935.0,1538.0,25.6,390,mapped,good,strict,100.0,98.63,0.9862,83,True,14,1,68,6358.72,10342.59,38.07,0,15,68,0.0,0.0,355
OD_000229_B,OD_000229,18,B,minimum_time,2,18206.0,1346.0,22.4,320,mapped,good,strict,100.0,96.26,0.9865,74,True,20,0,54,6776.64,11182.5,37.73,5,15,54,25.0,39.19,355
OD_000229_C,OD_000229,18,C,shortest,10,16203.0,2224.0,37.1,520,mapped,good,strict,100.0,93.26,0.9698,121,True,40,1,80,5708.78,10004.2,36.33,3,38,80,7.32,11.75,355
OD_000230_A,OD_000230,18,A,traffic_optimal,0,16775.0,1395.0,23.2,474,mapped,good,strict,100.0,98.62,0.9944,92,True,33,0,59,9100.84,7579.48,54.56,17,16,59,51.52,64.61,355
OD_000230_B,OD_000230,18,B,minimum_time,2,20067.0,1399.0,23.3,378,mapped,good,wide,100.0,97.48,0.9968,67,True,26,0,41,8219.35,11782.19,41.09,7,19,41,26.92,31.15,355
OD_000230_C,OD_000230,18,C,shortest,10,15695.0,2139.0,35.6,425,mapped,good,strict,100.0,98.48,0.9971,134,True,67,0,67,8325.92,7323.37,53.2,1,66,67,1.49,4.92,355
OD_000231_A,OD_000231,18,A,traffic_optimal,0,13823.0,1202.0,20.0,336,mapped,good,strict,100.0,100.0,1.0005,61,True,18,1,42,5624.52,8204.28,40.67,5,14,42,26.32,21.67,355
OD_000231_B,OD_000231,18,B,minimum_time,2,13823.0,1202.0,20.0,336,mapped,good,strict,100.0,100.0,1.0005,61,True,18,1,42,5624.52,8204.28,40.67,5,14,42,26.32,21.67,355
OD_000231_C,OD_000231,18,C,shortest,10,13795.0,1323.0,22.1,341,mapped,good,strict,100.0,100.0,1.0015,61,True,18,1,42,5624.52,8191.59,40.71,5,14,42,26.32,21.67,355
OD_000232_A,OD_000232,18,A,traffic_optimal,0,8182.0,820.0,13.7,224,mapped,good,strict,100.0,100.0,1.0032,45,True,45,0,0,8208.07,0.0,100.0,5,40,0,11.11,22.3,355
OD_000232_B,OD_000232,18,B,minimum_time,2,8182.0,820.0,13.7,224,mapped,good,strict,100.0,100.0,1.0032,45,True,45,0,0,8208.07,0.0,100.0,5,40,0,11.11,22.3,355
OD_000232_C,OD_000232,18,C,shortest,10,7534.0,1354.0,22.6,247,mapped,recovered,controlled_recovery,98.48,92.66,1.0313,67,True,67,0,0,7769.38,0.0,100.0,3,64,0,4.48,9.87,355
OD_000233_A,OD_000233,18,A,traffic_optimal,0,10003.0,936.0,15.6,285,mapped,good,strict,100.0,99.22,0.9932,59,True,45,1,13,7515.44,2420.25,75.64,18,28,13,39.13,55.08,355
OD_000233_B,OD_000233,18,B,minimum_time,2,10003.0,936.0,15.6,285,mapped,good,strict,100.0,99.22,0.9932,59,True,45,1,13,7515.44,2420.25,75.64,18,28,13,39.13,55.08,355
OD_000233_C,OD_000233,18,C,shortest,10,9891.0,968.0,16.1,294,mapped,good,strict,100.0,99.22,0.9923,58,True,44,1,13,7393.95,2420.25,75.34,17,28,13,37.78,52.46,355
OD_000234_A,OD_000234,18,A,traffic_optimal,0,9881.0,1135.0,18.9,229,mapped,good,strict,100.0,100.0,1.0198,71,True,44,1,26,7728.98,2348.23,76.7,11,34,26,24.44,41.62,355
OD_000234_B,OD_000234,18,B,minimum_time,2,11322.0,1050.0,17.5,324,mapped,good,strict,100.0,90.1,0.937,48,True,36,0,12,9380.35,1227.52,88.43,19,17,12,52.78,67.16,355
OD_000234_C,OD_000234,18,C,shortest,10,9881.0,1135.0,18.9,229,mapped,good,strict,100.0,100.0,1.0198,71,True,44,1,26,7728.98,2348.23,76.7,11,34,26,24.44,41.62,355
OD_000235_A,OD_000235,18,A,traffic_optimal,0,2072.0,451.0,7.5,45,mapped,good,strict,100.0,100.0,1.0146,24,True,24,0,0,2101.85,0.0,100.0,0,24,0,0.0,0.0,355
OD_000235_B,OD_000235,18,B,minimum_time,2,2151.0,523.0,8.7,68,mapped,poor,strict,100.0,77.51,0.9469,17,False,17,0,0,2036.4,0.0,100.0,0,17,0,0.0,0.0,355
OD_000235_C,OD_000235,18,C,shortest,10,2053.0,558.0,9.3,58,mapped,poor,strict,100.0,76.44,0.9171,19,False,19,0,0,1882.33,0.0,100.0,0,19,0,0.0,0.0,355
OD_000236_A,OD_000236,18,A,traffic_optimal,0,1995.0,391.0,6.5,45,mapped,good,strict,100.0,100.0,1.0063,22,True,22,0,0,2007.23,0.0,100.0,0,22,0,0.0,0.0,355
OD_000236_B,OD_000236,18,B,minimum_time,2,2070.0,410.0,6.8,48,mapped,good,strict,100.0,100.0,1.0064,26,True,26,0,0,2082.88,0.0,100.0,0,26,0,0.0,0.0,355
OD_000236_C,OD_000236,18,C,shortest,10,1976.0,498.0,8.3,58,mapped,poor,strict,100.0,75.52,0.9049,17,False,17,0,0,1787.71,0.0,100.0,0,17,0,0.0,0.0,355
OD_000237_A,OD_000237,18,A,traffic_optimal,0,1951.0,475.0,7.9,61,mapped,poor,strict,100.0,75.21,1.039,15,False,15,0,0,2026.6,0.0,100.0,0,15,0,0.0,0.0,355
OD_000237_B,OD_000237,18,B,minimum_time,2,1951.0,475.0,7.9,61,mapped,poor,strict,100.0,75.21,1.039,15,False,15,0,0,2026.6,0.0,100.0,0,15,0,0.0,0.0,355
OD_000237_C,OD_000237,18,C,shortest,10,1951.0,475.0,7.9,61,mapped,poor,strict,100.0,75.21,1.039,15,False,15,0,0,2026.6,0.0,100.0,0,15,0,0.0,0.0,355
OD_000238_A,OD_000238,18,A,traffic_optimal,0,1502.0,349.0,5.8,43,mapped,good,strict,100.0,100.0,1.015,22,True,22,0,0,1524.38,0.0,100.0,0,22,0,0.0,0.0,355
OD_000238_B,OD_000238,18,B,minimum_time,2,1502.0,349.0,5.8,43,mapped,good,strict,100.0,100.0,1.015,22,True,22,0,0,1524.38,0.0,100.0,0,22,0,0.0,0.0,355
OD_000238_C,OD_000238,18,C,shortest,10,1487.0,438.0,7.3,47,mapped,poor,strict,100.0,67.49,0.8782,14,False,14,0,0,1306.18,0.0,100.0,0,14,0,0.0,0.0,355
OD_000239_A,OD_000239,18,A,traffic_optimal,0,9240.0,994.0,16.6,225,mapped,good,strict,100.0,99.13,1.0158,59,True,32,1,26,7037.45,2348.23,74.98,12,21,26,36.36,51.38,355
OD_000239_B,OD_000239,18,B,minimum_time,2,9240.0,994.0,16.6,225,mapped,good,strict,100.0,99.13,1.0158,59,True,32,1,26,7037.45,2348.23,74.98,12,21,26,36.36,51.38,355
OD_000239_C,OD_000239,18,C,shortest,10,9240.0,994.0,16.6,225,mapped,good,strict,100.0,99.13,1.0158,59,True,32,1,26,7037.45,2348.23,74.98,12,21,26,36.36,51.38,355
OD_000240_A,OD_000240,17,A,traffic_optimal,0,14719.0,1254.0,20.9,322,mapped,good,strict,100.0,99.29,0.9995,56,True,9,1,46,5768.19,8942.54,39.21,0,10,46,0.0,0.0,355
OD_000240_B,OD_000240,17,B,minimum_time,2,14719.0,1254.0,20.9,322,mapped,good,strict,100.0,99.29,0.9995,56,True,9,1,46,5768.19,8942.54,39.21,0,10,46,0.0,0.0,355
OD_000240_C,OD_000240,17,C,shortest,10,14719.0,1254.0,20.9,322,mapped,good,strict,100.0,99.29,0.9995,56,True,9,1,46,5768.19,8942.54,39.21,0,10,46,0.0,0.0,355
OD_000241_A,OD_000241,17,A,traffic_optimal,0,4713.0,572.0,9.5,119,mapped,good,strict,100.0,100.0,1.087,38,True,38,0,0,5123.17,0.0,100.0,0,38,0,0.0,0.0,355
OD_000241_B,OD_000241,17,B,minimum_time,2,4676.0,502.0,8.4,131,mapped,good,strict,100.0,96.15,1.0178,35,True,35,0,0,4759.6,0.0,100.0,0,35,0,0.0,0.0,355
OD_000241_C,OD_000241,17,C,shortest,10,4356.0,700.0,11.7,138,mapped,good,strict,100.0,94.66,1.0446,37,True,37,0,0,4550.11,0.0,100.0,0,37,0,0.0,0.0,355
OD_000242_A,OD_000242,17,A,traffic_optimal,0,20549.0,1363.0,22.7,510,mapped,good,strict,100.0,97.74,0.9977,75,True,31,1,43,8700.96,11799.97,42.44,9,23,43,28.12,45.39,355
OD_000242_B,OD_000242,17,B,minimum_time,2,20549.0,1363.0,22.7,510,mapped,good,strict,100.0,97.74,0.9977,75,True,31,1,43,8700.96,11799.97,42.44,9,23,43,28.12,45.39,355
OD_000242_C,OD_000242,17,C,shortest,10,16136.0,1756.0,29.3,471,mapped,recovered,controlled_recovery,98.91,86.5,0.8913,93,True,43,1,49,7253.53,7129.01,50.43,18,26,49,40.91,57.06,355
OD_000243_A,OD_000243,17,A,traffic_optimal,0,9928.0,942.0,15.7,268,mapped,good,strict,100.0,100.0,1.0026,61,True,34,1,26,7605.22,2348.23,76.41,13,22,26,37.14,52.64,355
OD_000243_B,OD_000243,17,B,minimum_time,2,9928.0,942.0,15.7,268,mapped,good,strict,100.0,100.0,1.0026,61,True,34,1,26,7605.22,2348.23,76.41,13,22,26,37.14,52.64,355
OD_000243_C,OD_000243,17,C,shortest,10,9867.0,1016.0,16.9,253,mapped,good,strict,100.0,100.0,1.0054,67,True,40,1,26,7571.06,2348.23,76.33,12,29,26,29.27,47.76,355
OD_000244_A,OD_000244,17,A,traffic_optimal,0,9903.0,867.0,14.4,277,mapped,good,strict,100.0,99.22,0.9926,55,True,41,1,13,7410.05,2420.25,75.38,19,23,13,45.24,61.09,355
OD_000244_B,OD_000244,17,B,minimum_time,2,9903.0,867.0,14.4,277,mapped,good,strict,100.0,99.22,0.9926,55,True,41,1,13,7410.05,2420.25,75.38,19,23,13,45.24,61.09,355
OD_000244_C,OD_000244,17,C,shortest,10,9903.0,864.0,14.4,277,mapped,good,strict,100.0,99.22,0.9927,55,True,41,1,13,7410.05,2420.25,75.38,19,23,13,45.24,61.09,355
OD_000245_A,OD_000245,17,A,traffic_optimal,0,7737.0,830.0,13.8,204,mapped,good,strict,100.0,100.0,1.0354,43,True,43,0,0,8011.19,0.0,100.0,5,38,0,11.63,22.85,355
OD_000245_B,OD_000245,17,B,minimum_time,2,7916.0,775.0,12.9,218,mapped,good,strict,100.0,100.0,1.0322,46,True,46,0,0,8170.74,0.0,100.0,5,41,0,10.87,22.4,355
OD_000245_C,OD_000245,17,C,shortest,10,7737.0,830.0,13.8,204,mapped,good,strict,100.0,100.0,1.0354,43,True,43,0,0,8011.19,0.0,100.0,5,38,0,11.63,22.85,355
OD_000246_A,OD_000246,17,A,traffic_optimal,0,24743.0,2270.0,37.8,684,mapped,recovered,controlled_recovery,99.23,95.3,0.9572,131,True,41,1,89,8061.37,15622.2,34.04,1,41,89,2.38,4.81,355
OD_000246_B,OD_000246,17,B,minimum_time,2,29572.0,1951.0,32.5,666,mapped,good,strict,100.0,91.96,0.984,99,True,22,0,77,8315.3,20783.86,28.58,2,20,77,9.09,7.6,355
OD_000246_C,OD_000246,17,C,shortest,10,22762.0,3409.0,56.8,692,mapped,recovered,controlled_recovery,100.0,86.43,0.9538,188,True,35,1,152,7203.28,14506.23,33.18,11,25,152,30.56,44.65,355
OD_000247_A,OD_000247,17,A,traffic_optimal,0,9989.0,1088.0,18.1,267,mapped,good,strict,100.0,93.53,0.9615,62,True,35,1,26,7255.8,2348.23,75.55,12,24,26,33.33,49.83,355
OD_000247_B,OD_000247,17,B,minimum_time,2,9989.0,1088.0,18.1,267,mapped,good,strict,100.0,93.53,0.9615,62,True,35,1,26,7255.8,2348.23,75.55,12,24,26,33.33,49.83,355
OD_000247_C,OD_000247,17,C,shortest,10,9939.0,1138.0,19.0,255,mapped,good,strict,100.0,93.51,0.9611,62,True,35,1,26,7203.28,2348.23,75.42,11,25,26,30.56,44.65,355
OD_000248_A,OD_000248,17,A,traffic_optimal,0,1559.0,399.0,6.7,69,mapped,poor,strict,100.0,58.61,0.6405,13,False,13,0,0,998.68,0.0,100.0,0,13,0,0.0,0.0,355
OD_000248_B,OD_000248,17,B,minimum_time,2,1559.0,399.0,6.7,69,mapped,poor,strict,100.0,58.61,0.6405,13,False,13,0,0,998.68,0.0,100.0,0,13,0,0.0,0.0,355
OD_000248_C,OD_000248,17,C,shortest,10,1482.0,320.0,5.3,68,mapped,poor,normal,100.0,58.9,0.5856,12,False,12,0,0,867.78,0.0,100.0,0,12,0,0.0,0.0,355
OD_000249_A,OD_000249,17,A,traffic_optimal,0,4442.0,657.0,10.9,160,mapped,review,wide,100.0,89.48,1.1134,36,True,36,0,0,4945.28,0.0,100.0,0,36,0,0.0,0.0,355
OD_000249_B,OD_000249,17,B,minimum_time,2,4613.0,597.0,9.9,155,mapped,review,wide,100.0,85.97,1.0422,35,True,35,0,0,4807.58,0.0,100.0,0,35,0,0.0,0.0,355
OD_000249_C,OD_000249,17,C,shortest,10,4436.0,713.0,11.9,157,mapped,poor,wide,100.0,84.22,1.1149,36,False,36,0,0,4945.28,0.0,100.0,0,36,0,0.0,0.0,355
OD_000250_A,OD_000250,17,A,traffic_optimal,0,4257.0,638.0,10.6,150,mapped,review,wide,100.0,89.03,1.0955,35,True,35,0,0,4663.66,0.0,100.0,0,35,0,0.0,0.0,355
OD_000250_B,OD_000250,17,B,minimum_time,2,4257.0,638.0,10.6,150,mapped,review,wide,100.0,89.03,1.0955,35,True,35,0,0,4663.66,0.0,100.0,0,35,0,0.0,0.0,355
OD_000250_C,OD_000250,17,C,shortest,10,4255.0,683.0,11.4,149,mapped,poor,wide,100.0,84.17,1.0959,35,False,35,0,0,4663.66,0.0,100.0,0,35,0,0.0,0.0,355
OD_000251_A,OD_000251,17,A,traffic_optimal,0,4230.0,618.0,10.3,149,mapped,review,wide,100.0,88.0,1.0559,32,True,32,0,0,4466.56,0.0,100.0,0,32,0,0.0,0.0,355
OD_000251_B,OD_000251,17,B,minimum_time,2,4230.0,618.0,10.3,149,mapped,review,wide,100.0,88.0,1.0559,32,True,32,0,0,4466.56,0.0,100.0,0,32,0,0.0,0.0,355
OD_000251_C,OD_000251,17,C,shortest,10,4228.0,663.0,11.1,148,mapped,poor,wide,100.0,83.12,1.0563,32,False,32,0,0,4466.56,0.0,100.0,0,32,0,0.0,0.0,355
OD_000252_A,OD_000252,17,A,traffic_optimal,0,1897.0,456.0,7.6,67,mapped,good,strict,100.0,99.74,1.019,22,True,22,0,0,1932.95,0.0,100.0,0,22,0,0.0,0.0,355
OD_000252_B,OD_000252,17,B,minimum_time,2,1973.0,407.0,6.8,72,mapped,poor,strict,100.0,59.34,0.7136,16,False,16,0,0,1407.69,0.0,100.0,0,16,0,0.0,0.0,355
OD_000252_C,OD_000252,17,C,shortest,10,1727.0,403.0,6.7,44,mapped,poor,strict,100.0,69.22,0.8937,17,False,17,0,0,1543.84,0.0,100.0,0,17,0,0.0,0.0,355
OD_000253_A,OD_000253,17,A,traffic_optimal,0,8680.0,973.0,16.2,226,mapped,good,strict,100.0,92.27,0.9625,46,True,46,0,0,8354.81,0.0,100.0,5,41,0,10.87,21.91,355
OD_000253_B,OD_000253,17,B,minimum_time,2,8680.0,973.0,16.2,226,mapped,good,strict,100.0,92.27,0.9625,46,True,46,0,0,8354.81,0.0,100.0,5,41,0,10.87,21.91,355
OD_000253_C,OD_000253,17,C,shortest,10,8680.0,973.0,16.2,226,mapped,good,strict,100.0,92.27,0.9625,46,True,46,0,0,8354.81,0.0,100.0,5,41,0,10.87,21.91,355
OD_000254_A,OD_000254,17,A,traffic_optimal,0,5026.0,634.0,10.6,149,mapped,good,strict,100.0,100.0,1.0011,31,True,31,0,0,5032.06,0.0,100.0,5,26,0,16.13,23.55,355
OD_000254_B,OD_000254,17,B,minimum_time,2,5158.0,582.0,9.7,117,mapped,good,strict,100.0,100.0,0.998,48,True,48,0,0,5148.05,0.0,100.0,0,48,0,0.0,0.0,355
OD_000254_C,OD_000254,17,C,shortest,10,4295.0,710.0,11.8,137,mapped,good,strict,100.0,100.0,1.005,35,True,35,0,0,4316.56,0.0,100.0,3,32,0,8.57,16.08,355
OD_000255_A,OD_000255,17,A,traffic_optimal,0,7846.0,914.0,15.2,220,mapped,good,strict,100.0,94.46,0.9974,52,True,52,0,0,7825.49,0.0,100.0,5,47,0,9.62,23.39,355
OD_000255_B,OD_000255,17,B,minimum_time,2,9063.0,946.0,15.8,225,mapped,good,strict,100.0,100.0,1.0004,51,True,51,0,0,9066.1,0.0,100.0,11,40,0,21.57,44.26,355
OD_000255_C,OD_000255,17,C,shortest,10,7643.0,1449.0,24.1,237,mapped,recovered,controlled_recovery,98.53,92.77,1.0269,69,True,69,0,0,7848.53,0.0,100.0,3,66,0,4.35,9.77,355
OD_000256_A,OD_000256,17,A,traffic_optimal,0,7777.0,834.0,13.9,216,mapped,good,strict,100.0,94.41,1.0001,51,True,51,0,0,7777.66,0.0,100.0,5,46,0,9.8,23.53,355
OD_000256_B,OD_000256,17,B,minimum_time,2,8994.0,860.0,14.3,221,mapped,good,strict,100.0,100.0,1.0027,50,True,50,0,0,9018.27,0.0,100.0,11,39,0,22.0,44.49,355
OD_000256_C,OD_000256,17,C,shortest,10,7575.0,1399.0,23.3,233,mapped,recovered,controlled_recovery,98.51,92.7,1.0299,68,True,68,0,0,7800.7,0.0,100.0,3,65,0,4.41,9.83,355
OD_000257_A,OD_000257,17,A,traffic_optimal,0,18989.0,1427.0,23.8,360,mapped,recovered,controlled_recovery,98.86,93.36,0.97,89,True,25,0,64,6555.43,11864.48,35.59,4,21,64,16.0,34.42,355
OD_000257_B,OD_000257,17,B,minimum_time,2,17910.0,1328.0,22.1,392,mapped,recovered,controlled_recovery,98.0,90.59,0.9606,51,True,25,0,26,6555.43,10647.78,38.11,4,21,26,16.0,34.42,355
OD_000257_C,OD_000257,17,C,shortest,10,17188.0,2189.0,36.5,582,failed,failed,,0.0,0.0,0.0,0,False,0,0,0,0.0,0.0,0.0,0,0,0,0.0,0.0,0
OD_000258_A,OD_000258,17,A,traffic_optimal,0,4906.0,682.0,11.4,124,mapped,good,strict,100.0,92.44,0.9682,39,True,39,0,0,4749.9,0.0,100.0,0,39,0,0.0,0.0,355
OD_000258_B,OD_000258,17,B,minimum_time,2,4906.0,682.0,11.4,124,mapped,good,strict,100.0,92.44,0.9682,39,True,39,0,0,4749.9,0.0,100.0,0,39,0,0.0,0.0,355
OD_000258_C,OD_000258,17,C,shortest,10,4755.0,559.0,9.3,118,mapped,good,strict,100.0,100.0,0.9988,39,True,39,0,0,4749.9,0.0,100.0,0,39,0,0.0,0.0,355
OD_000259_A,OD_000259,17,A,traffic_optimal,0,19111.0,1469.0,24.5,381,mapped,recovered,controlled_recovery,98.77,92.63,0.9606,82,True,18,0,64,6493.82,11864.48,35.37,6,12,64,33.33,46.86,355
OD_000259_B,OD_000259,17,B,minimum_time,2,18031.0,1325.0,22.1,413,mapped,recovered,controlled_recovery,97.67,89.84,0.9507,44,True,18,0,26,6493.82,10647.78,37.88,6,12,26,33.33,46.86,355
OD_000259_C,OD_000259,17,C,shortest,10,16995.0,2197.0,36.6,586,failed,failed,,0.0,0.0,0.0,0,False,0,0,0,0.0,0.0,0.0,0,0,0,0.0,0.0,0
OD_000260_A,OD_000260,17,A,traffic_optimal,0,2548.0,431.0,7.2,81,mapped,poor,strict,100.0,83.14,1.0369,23,False,23,0,0,2642.46,0.0,100.0,0,23,0,0.0,0.0,355
OD_000260_B,OD_000260,17,B,minimum_time,2,2548.0,431.0,7.2,81,mapped,poor,strict,100.0,83.14,1.0369,23,False,23,0,0,2642.46,0.0,100.0,0,23,0,0.0,0.0,355
OD_000260_C,OD_000260,17,C,shortest,10,2312.0,496.0,8.3,76,mapped,good,strict,100.0,95.4,1.082,25,True,25,0,0,2501.88,0.0,100.0,1,24,0,4.0,15.96,355
OD_000261_A,OD_000261,17,A,traffic_optimal,0,2144.0,421.0,7.0,65,mapped,good,strict,100.0,100.0,1.0162,23,True,23,0,0,2178.89,0.0,100.0,0,23,0,0.0,0.0,355
OD_000261_B,OD_000261,17,B,minimum_time,2,2144.0,421.0,7.0,65,mapped,good,strict,100.0,100.0,1.0162,23,True,23,0,0,2178.89,0.0,100.0,0,23,0,0.0,0.0,355
OD_000261_C,OD_000261,17,C,shortest,10,1923.0,507.0,8.4,56,mapped,good,strict,100.0,100.0,1.0628,25,True,25,0,0,2043.17,0.0,100.0,1,24,0,4.0,19.55,355
OD_000262_A,OD_000262,17,A,traffic_optimal,0,4054.0,630.0,10.5,127,mapped,review,strict,100.0,86.7,0.9036,27,True,27,0,0,3663.55,0.0,100.0,0,27,0,0.0,0.0,355
OD_000262_B,OD_000262,17,B,minimum_time,2,4054.0,630.0,10.5,127,mapped,review,strict,100.0,86.7,0.9036,27,True,27,0,0,3663.55,0.0,100.0,0,27,0,0.0,0.0,355
OD_000262_C,OD_000262,17,C,shortest,10,4049.0,686.0,11.4,124,mapped,poor,strict,100.0,80.94,0.9049,27,False,27,0,0,3663.55,0.0,100.0,0,27,0,0.0,0.0,355
OD_000263_A,OD_000263,17,A,traffic_optimal,0,1435.0,253.0,4.2,52,mapped,good,strict,100.0,100.0,1.0212,11,True,11,0,0,1465.43,0.0,100.0,2,9,0,18.18,53.69,355
OD_000263_B,OD_000263,17,B,minimum_time,2,1435.0,253.0,4.2,52,mapped,good,strict,100.0,100.0,1.0212,11,True,11,0,0,1465.43,0.0,100.0,2,9,0,18.18,53.69,355
OD_000263_C,OD_000263,17,C,shortest,10,1366.0,298.0,5.0,38,mapped,good,strict,100.0,100.0,1.0834,17,True,17,0,0,1479.85,0.0,100.0,1,16,0,5.88,26.99,355
OD_000264_A,OD_000264,17,A,traffic_optimal,0,15426.0,1303.0,21.7,347,mapped,good,strict,100.0,98.5,0.9919,61,True,14,1,46,6358.72,8942.54,41.56,0,15,46,0.0,0.0,355
OD_000264_B,OD_000264,17,B,minimum_time,2,16098.0,1339.0,22.3,382,mapped,good,strict,100.0,98.56,0.9893,74,True,14,1,59,6358.72,9566.5,39.93,0,15,59,0.0,0.0,355
OD_000264_C,OD_000264,17,C,shortest,10,15400.0,1443.0,24.1,401,mapped,good,strict,100.0,96.87,0.9771,93,True,41,1,51,7253.59,7793.18,48.21,18,24,51,42.86,57.06,355
OD_000265_A,OD_000265,17,A,traffic_optimal,0,17382.0,1269.0,21.1,453,mapped,recovered,controlled_recovery,98.51,96.73,0.9656,68,True,38,1,29,7686.56,9096.65,45.8,0,39,29,0.0,0.0,355
OD_000265_B,OD_000265,17,B,minimum_time,2,17382.0,1269.0,21.1,453,mapped,recovered,controlled_recovery,98.51,96.73,0.9656,68,True,38,1,29,7686.56,9096.65,45.8,0,39,29,0.0,0.0,355
OD_000265_C,OD_000265,17,C,shortest,10,16544.0,2415.0,40.2,440,mapped,review,wide,100.0,87.93,1.0065,129,True,38,1,90,7744.23,8907.65,46.51,11,28,90,28.21,41.53,355
OD_000266_A,OD_000266,17,A,traffic_optimal,0,4649.0,575.0,9.6,112,mapped,review,strict,100.0,89.64,0.8943,34,True,34,0,0,4157.75,0.0,100.0,0,34,0,0.0,0.0,355
OD_000266_B,OD_000266,17,B,minimum_time,2,4649.0,575.0,9.6,112,mapped,review,strict,100.0,89.64,0.8943,34,True,34,0,0,4157.75,0.0,100.0,0,34,0,0.0,0.0,355
OD_000266_C,OD_000266,17,C,shortest,10,4649.0,575.0,9.6,112,mapped,review,strict,100.0,89.64,0.8943,34,True,34,0,0,4157.75,0.0,100.0,0,34,0,0.0,0.0,355
OD_000267_A,OD_000267,17,A,traffic_optimal,0,1642.0,322.0,5.4,78,mapped,good,strict,100.0,100.0,0.9895,13,True,13,0,0,1624.74,0.0,100.0,0,13,0,0.0,0.0,355
OD_000267_B,OD_000267,17,B,minimum_time,2,1642.0,322.0,5.4,78,mapped,good,strict,100.0,100.0,0.9895,13,True,13,0,0,1624.74,0.0,100.0,0,13,0,0.0,0.0,355
OD_000267_C,OD_000267,17,C,shortest,10,1641.0,378.0,6.3,74,mapped,good,strict,100.0,95.13,0.9901,13,True,13,0,0,1624.74,0.0,100.0,0,13,0,0.0,0.0,355
OD_000268_A,OD_000268,17,A,traffic_optimal,0,2530.0,398.0,6.6,78,mapped,good,strict,100.0,100.0,1.1056,25,True,25,0,0,2797.63,0.0,100.0,0,25,0,0.0,0.0,355
OD_000268_B,OD_000268,17,B,minimum_time,2,2530.0,398.0,6.6,78,mapped,good,strict,100.0,100.0,1.1056,25,True,25,0,0,2797.63,0.0,100.0,0,25,0,0.0,0.0,355
OD_000268_C,OD_000268,17,C,shortest,10,2526.0,419.0,7.0,83,mapped,good,strict,100.0,100.0,1.1066,22,True,22,0,0,2795.61,0.0,100.0,0,22,0,0.0,0.0,355
OD_000269_A,OD_000269,17,A,traffic_optimal,0,4325.0,623.0,10.4,147,mapped,good,strict,100.0,100.0,1.0492,35,True,35,0,0,4537.77,0.0,100.0,0,35,0,0.0,0.0,355
OD_000269_B,OD_000269,17,B,minimum_time,2,4325.0,623.0,10.4,147,mapped,good,strict,100.0,100.0,1.0492,35,True,35,0,0,4537.77,0.0,100.0,0,35,0,0.0,0.0,355
OD_000269_C,OD_000269,17,C,shortest,10,4319.0,667.0,11.1,144,mapped,good,strict,100.0,94.61,1.0506,35,True,35,0,0,4537.77,0.0,100.0,0,35,0,0.0,0.0,355
OD_000270_A,OD_000270,17,A,traffic_optimal,0,9289.0,934.0,15.6,287,mapped,good,strict,100.0,100.0,1.0067,59,True,59,0,0,9351.36,0.0,100.0,5,54,0,8.47,13.03,355
OD_000270_B,OD_000270,17,B,minimum_time,2,9289.0,934.0,15.6,287,mapped,good,strict,100.0,100.0,1.0067,59,True,59,0,0,9351.36,0.0,100.0,5,54,0,8.47,13.03,355
OD_000270_C,OD_000270,17,C,shortest,10,9093.0,954.0,15.9,251,mapped,good,strict,100.0,100.0,1.0029,55,True,55,0,0,9119.29,0.0,100.0,5,50,0,9.09,20.07,355
OD_000271_A,OD_000271,17,A,traffic_optimal,0,19843.0,1376.0,22.9,469,mapped,good,strict,100.0,95.22,0.9964,68,True,24,1,43,7971.0,11799.97,40.32,9,16,43,36.0,49.55,355
OD_000271_B,OD_000271,17,B,minimum_time,2,19843.0,1376.0,22.9,469,mapped,good,strict,100.0,95.22,0.9964,68,True,24,1,43,7971.0,11799.97,40.32,9,16,43,36.0,49.55,355
OD_000271_C,OD_000271,17,C,shortest,10,15636.0,2247.0,37.5,355,failed,failed,,0.0,0.0,0.0,0,False,0,0,0,0.0,0.0,0.0,0,0,0,0.0,0.0,0
OD_000272_A,OD_000272,17,A,traffic_optimal,0,17142.0,1362.0,22.7,449,mapped,recovered,controlled_recovery,98.59,99.5,0.9943,72,True,42,1,29,7948.41,9096.65,46.63,0,43,29,0.0,0.0,355
OD_000272_B,OD_000272,17,B,minimum_time,2,17142.0,1362.0,22.7,449,mapped,recovered,controlled_recovery,98.59,99.5,0.9943,72,True,42,1,29,7948.41,9096.65,46.63,0,43,29,0.0,0.0,355
OD_000272_C,OD_000272,17,C,shortest,10,16277.0,2488.0,41.5,429,mapped,review,wide,100.0,89.12,1.0221,135,True,44,1,90,7728.98,8907.65,46.46,11,34,90,24.44,41.62,355
OD_000273_A,OD_000273,17,A,traffic_optimal,0,1892.0,351.0,5.8,63,mapped,good,strict,100.0,94.38,1.0483,22,True,22,0,0,1983.09,0.0,100.0,0,22,0,0.0,0.0,355
OD_000273_B,OD_000273,17,B,minimum_time,2,1892.0,351.0,5.8,63,mapped,good,strict,100.0,94.38,1.0483,22,True,22,0,0,1983.09,0.0,100.0,0,22,0,0.0,0.0,355
OD_000273_C,OD_000273,17,C,shortest,10,1892.0,351.0,5.8,63,mapped,good,strict,100.0,94.38,1.0483,22,True,22,0,0,1983.09,0.0,100.0,0,22,0,0.0,0.0,355
OD_000274_A,OD_000274,17,A,traffic_optimal,0,4702.0,558.0,9.3,121,mapped,good,strict,100.0,100.0,1.0059,39,True,39,0,0,4729.49,0.0,100.0,0,39,0,0.0,0.0,355
OD_000274_B,OD_000274,17,B,minimum_time,2,4702.0,558.0,9.3,121,mapped,good,strict,100.0,100.0,1.0059,39,True,39,0,0,4729.49,0.0,100.0,0,39,0,0.0,0.0,355
OD_000274_C,OD_000274,17,C,shortest,10,4690.0,587.0,9.8,123,mapped,good,strict,100.0,100.0,1.0072,39,True,39,0,0,4724.08,0.0,100.0,0,39,0,0.0,0.0,355
OD_000275_A,OD_000275,17,A,traffic_optimal,0,6945.0,809.0,13.5,188,mapped,good,strict,100.0,93.04,0.9796,36,True,36,0,0,6803.19,0.0,100.0,5,31,0,13.89,26.9,355
OD_000275_B,OD_000275,17,B,minimum_time,2,6945.0,809.0,13.5,188,mapped,good,strict,100.0,93.04,0.9796,36,True,36,0,0,6803.19,0.0,100.0,5,31,0,13.89,26.9,355
OD_000275_C,OD_000275,17,C,shortest,10,6889.0,1345.0,22.4,221,failed,failed,,0.0,0.0,0.0,0,False,0,0,0,0.0,0.0,0.0,0,0,0,0.0,0.0,0
OD_000276_A,OD_000276,17,A,traffic_optimal,0,14796.0,1211.0,20.2,395,mapped,good,strict,100.0,99.08,0.9869,68,True,25,1,42,6397.2,8204.28,43.81,6,20,42,23.08,23.12,355
OD_000276_B,OD_000276,17,B,minimum_time,2,15553.0,1210.0,20.2,386,mapped,good,strict,100.0,99.13,0.9879,65,True,22,1,42,7160.66,8204.28,46.6,0,23,42,0.0,0.0,355
OD_000276_C,OD_000276,17,C,shortest,10,14769.0,1297.0,21.6,400,mapped,good,strict,100.0,99.08,0.9878,68,True,25,1,42,6397.2,8191.59,43.85,6,20,42,23.08,23.12,355
OD_000277_A,OD_000277,17,A,traffic_optimal,0,2160.0,422.0,7.0,107,mapped,review,strict,100.0,85.45,0.804,14,True,14,0,0,1737.03,0.0,100.0,0,14,0,0.0,0.0,355
OD_000277_B,OD_000277,17,B,minimum_time,2,3050.0,460.0,7.7,117,mapped,poor,strict,100.0,47.97,0.5694,14,False,14,0,0,1737.03,0.0,100.0,0,14,0,0.0,0.0,355
OD_000277_C,OD_000277,17,C,shortest,10,2160.0,473.0,7.9,103,mapped,poor,strict,100.0,81.74,0.8043,14,False,14,0,0,1737.03,0.0,100.0,0,14,0,0.0,0.0,355
OD_000278_A,OD_000278,17,A,traffic_optimal,0,2527.0,339.0,5.7,111,mapped,poor,strict,100.0,74.95,0.7273,16,False,16,0,0,1837.86,0.0,100.0,1,15,0,6.25,21.73,355
OD_000278_B,OD_000278,17,B,minimum_time,2,2527.0,339.0,5.7,111,mapped,poor,strict,100.0,74.95,0.7273,16,False,16,0,0,1837.86,0.0,100.0,1,15,0,6.25,21.73,355
OD_000278_C,OD_000278,17,C,shortest,10,2527.0,339.0,5.7,111,mapped,poor,strict,100.0,74.95,0.7273,16,False,16,0,0,1837.86,0.0,100.0,1,15,0,6.25,21.73,355
OD_000279_A,OD_000279,17,A,traffic_optimal,0,9556.0,995.0,16.6,280,mapped,good,strict,100.0,98.58,0.9804,57,True,57,0,0,9368.81,0.0,100.0,5,52,0,8.77,19.54,355
OD_000279_B,OD_000279,17,B,minimum_time,2,9556.0,931.0,15.5,280,mapped,good,strict,100.0,98.58,0.9804,57,True,57,0,0,9368.81,0.0,100.0,5,52,0,8.77,19.54,355
OD_000279_C,OD_000279,17,C,shortest,10,9556.0,931.0,15.5,280,mapped,good,strict,100.0,98.58,0.9804,57,True,57,0,0,9368.81,0.0,100.0,5,52,0,8.77,19.54,355
OD_000280_A,OD_000280,16,A,traffic_optimal,0,1536.0,289.0,4.8,56,mapped,review,strict,100.0,88.16,0.9761,16,True,16,0,0,1499.18,0.0,100.0,1,15,0,6.25,26.64,355
OD_000280_B,OD_000280,16,B,minimum_time,2,1536.0,289.0,4.8,56,mapped,review,strict,100.0,88.16,0.9761,16,True,16,0,0,1499.18,0.0,100.0,1,15,0,6.25,26.64,355
OD_000280_C,OD_000280,16,C,shortest,10,1391.0,362.0,6.0,41,mapped,good,strict,100.0,92.08,0.9071,15,True,15,0,0,1261.81,0.0,100.0,0,15,0,0.0,0.0,355
OD_000281_A,OD_000281,16,A,traffic_optimal,0,7129.0,748.0,12.5,193,mapped,good,strict,100.0,100.0,1.042,38,True,38,0,0,7428.43,0.0,100.0,5,33,0,13.16,24.64,355
OD_000281_B,OD_000281,16,B,minimum_time,2,7129.0,748.0,12.5,193,mapped,good,strict,100.0,100.0,1.042,38,True,38,0,0,7428.43,0.0,100.0,5,33,0,13.16,24.64,355
OD_000281_C,OD_000281,16,C,shortest,10,7129.0,748.0,12.5,193,mapped,good,strict,100.0,100.0,1.042,38,True,38,0,0,7428.43,0.0,100.0,5,33,0,13.16,24.64,355
OD_000282_A,OD_000282,16,A,traffic_optimal,0,6669.0,852.0,14.2,176,mapped,good,strict,100.0,100.0,1.0274,37,True,37,0,0,6851.03,0.0,100.0,5,32,0,13.51,26.71,355
OD_000282_B,OD_000282,16,B,minimum_time,2,6669.0,852.0,14.2,176,mapped,good,strict,100.0,100.0,1.0274,37,True,37,0,0,6851.03,0.0,100.0,5,32,0,13.51,26.71,355
OD_000282_C,OD_000282,16,C,shortest,10,6613.0,1347.0,22.4,209,mapped,recovered,controlled_recovery,98.31,91.64,1.0586,60,True,60,0,0,7000.37,0.0,100.0,3,57,0,5.0,10.96,355
OD_000283_A,OD_000283,16,A,traffic_optimal,0,6600.0,831.0,13.8,172,mapped,good,strict,100.0,100.0,1.0308,36,True,36,0,0,6803.19,0.0,100.0,5,31,0,13.89,26.9,355
OD_000283_B,OD_000283,16,B,minimum_time,2,6600.0,831.0,13.8,172,mapped,good,strict,100.0,100.0,1.0308,36,True,36,0,0,6803.19,0.0,100.0,5,31,0,13.89,26.9,355
OD_000283_C,OD_000283,16,C,shortest,10,6544.0,1290.0,21.5,205,mapped,recovered,controlled_recovery,98.28,91.55,1.0624,59,True,59,0,0,6952.53,0.0,100.0,3,56,0,5.08,11.03,355
OD_000284_A,OD_000284,16,A,traffic_optimal,0,16068.0,1199.0,20.0,317,mapped,good,strict,100.0,100.0,0.9936,77,True,29,0,48,5372.66,10592.63,33.65,9,20,48,31.03,48.78,355
OD_000284_B,OD_000284,16,B,minimum_time,2,16068.0,1199.0,20.0,317,mapped,good,strict,100.0,100.0,0.9936,77,True,29,0,48,5372.66,10592.63,33.65,9,20,48,31.03,48.78,355
OD_000284_C,OD_000284,16,C,shortest,10,14481.0,1472.0,24.5,342,mapped,good,normal,100.0,94.13,0.9766,75,True,29,0,46,5372.66,8769.37,37.99,9,20,46,31.03,48.78,355
OD_000285_A,OD_000285,16,A,traffic_optimal,0,2865.0,550.0,9.2,117,mapped,review,strict,100.0,88.71,0.9671,26,True,26,0,0,2770.7,0.0,100.0,0,26,0,0.0,0.0,355
OD_000285_B,OD_000285,16,B,minimum_time,2,2865.0,550.0,9.2,117,mapped,review,strict,100.0,88.71,0.9671,26,True,26,0,0,2770.7,0.0,100.0,0,26,0,0.0,0.0,355
OD_000285_C,OD_000285,16,C,shortest,10,2544.0,642.0,10.7,89,mapped,good,strict,100.0,100.0,0.9544,28,True,28,0,0,2427.99,0.0,100.0,1,27,0,3.57,16.45,355
OD_000286_A,OD_000286,16,A,traffic_optimal,0,2369.0,338.0,5.6,94,mapped,good,strict,100.0,100.0,1.072,19,True,19,0,0,2539.58,0.0,100.0,4,15,0,21.05,53.15,355
OD_000286_B,OD_000286,16,B,minimum_time,2,2369.0,338.0,5.6,94,mapped,good,strict,100.0,100.0,1.072,19,True,19,0,0,2539.58,0.0,100.0,4,15,0,21.05,53.15,355
OD_000286_C,OD_000286,16,C,shortest,10,2369.0,338.0,5.6,94,mapped,good,strict,100.0,100.0,1.072,19,True,19,0,0,2539.58,0.0,100.0,4,15,0,21.05,53.15,355
OD_000287_A,OD_000287,16,A,traffic_optimal,0,3919.0,533.0,8.9,140,mapped,review,strict,100.0,85.17,0.8648,27,True,27,0,0,3388.88,0.0,100.0,0,27,0,0.0,0.0,355
OD_000287_B,OD_000287,16,B,minimum_time,2,3919.0,533.0,8.9,140,mapped,review,strict,100.0,85.17,0.8648,27,True,27,0,0,3388.88,0.0,100.0,0,27,0,0.0,0.0,355
OD_000287_C,OD_000287,16,C,shortest,10,3917.0,612.0,10.2,139,mapped,poor,strict,100.0,79.9,0.8651,27,False,27,0,0,3388.88,0.0,100.0,0,27,0,0.0,0.0,355
OD_000288_A,OD_000288,16,A,traffic_optimal,0,2067.0,328.0,5.5,82,mapped,poor,strict,100.0,84.35,0.9109,19,False,19,0,0,1882.41,0.0,100.0,0,19,0,0.0,0.0,355
OD_000288_B,OD_000288,16,B,minimum_time,2,2067.0,328.0,5.5,82,mapped,poor,strict,100.0,84.35,0.9109,19,False,19,0,0,1882.41,0.0,100.0,0,19,0,0.0,0.0,355
OD_000288_C,OD_000288,16,C,shortest,10,1838.0,350.0,5.8,76,mapped,good,strict,100.0,100.0,0.9213,21,True,21,0,0,1693.26,0.0,100.0,1,20,0,4.76,23.59,355
OD_000289_A,OD_000289,16,A,traffic_optimal,0,9223.0,1007.0,16.8,270,mapped,good,strict,100.0,100.0,0.9845,55,True,55,0,0,9080.23,0.0,100.0,5,50,0,9.09,20.16,355
OD_000289_B,OD_000289,16,B,minimum_time,2,9223.0,1007.0,16.8,270,mapped,good,strict,100.0,100.0,0.9845,55,True,55,0,0,9080.23,0.0,100.0,5,50,0,9.09,20.16,355
OD_000289_C,OD_000289,16,C,shortest,10,9223.0,1007.0,16.8,270,mapped,good,strict,100.0,100.0,0.9845,55,True,55,0,0,9080.23,0.0,100.0,5,50,0,9.09,20.16,355
OD_000290_A,OD_000290,16,A,traffic_optimal,0,7135.0,816.0,13.6,247,mapped,good,strict,100.0,95.96,0.9488,38,True,38,0,0,6769.79,0.0,100.0,7,31,0,18.42,23.97,355
OD_000290_B,OD_000290,16,B,minimum_time,2,9170.0,757.0,12.6,337,mapped,good,strict,100.0,96.99,0.9575,41,True,41,0,0,8779.55,0.0,100.0,4,37,0,9.76,15.2,355
OD_000290_C,OD_000290,16,C,shortest,10,6203.0,1139.0,19.0,233,mapped,recovered,controlled_recovery,97.83,86.44,0.9739,47,True,47,0,0,6040.99,0.0,100.0,2,45,0,4.26,7.57,355
OD_000291_A,OD_000291,16,A,traffic_optimal,0,8537.0,903.0,15.1,285,mapped,good,strict,100.0,99.47,0.9736,56,True,56,0,0,8311.33,0.0,100.0,5,51,0,8.93,22.02,355
OD_000291_B,OD_000291,16,B,minimum_time,2,9096.0,926.0,15.4,293,mapped,good,strict,100.0,99.5,0.9783,51,True,51,0,0,8898.14,0.0,100.0,5,46,0,9.8,20.57,355
OD_000291_C,OD_000291,16,C,shortest,10,8519.0,1018.0,17.0,295,mapped,good,strict,100.0,99.47,0.9727,61,True,61,0,0,8285.76,0.0,100.0,6,55,0,9.84,26.05,355
OD_000292_A,OD_000292,16,A,traffic_optimal,0,17021.0,1103.0,18.4,441,mapped,recovered,controlled_recovery,98.51,99.49,0.9952,68,True,38,1,29,7843.03,9096.65,46.3,1,38,29,2.56,4.95,355
OD_000292_B,OD_000292,16,B,minimum_time,2,20538.0,1063.0,17.7,383,mapped,good,strict,100.0,99.58,0.996,52,True,23,0,29,7459.83,12996.74,36.47,7,16,29,30.43,34.33,355
OD_000292_C,OD_000292,16,C,shortest,10,15575.0,2347.0,39.1,418,mapped,review,wide,100.0,88.63,1.0238,123,True,32,1,90,7037.45,8907.65,44.14,12,21,90,36.36,51.38,355
OD_000293_A,OD_000293,16,A,traffic_optimal,0,15093.0,1305.0,21.8,445,mapped,good,strict,100.0,100.0,1.0148,95,True,36,0,59,7736.92,7579.48,50.51,15,21,59,41.67,65.29,355
OD_000293_B,OD_000293,16,B,minimum_time,2,19011.0,1019.0,17.0,349,mapped,good,wide,100.0,100.0,1.0122,64,True,23,0,41,7459.83,11782.19,38.77,7,16,41,30.43,34.33,355
OD_000293_C,OD_000293,16,C,shortest,10,14722.0,1613.0,26.9,400,mapped,good,strict,100.0,100.0,1.014,110,True,32,1,77,7037.45,7890.48,47.14,12,21,77,36.36,51.38,355
OD_000294_A,OD_000294,16,A,traffic_optimal,0,1218.0,263.0,4.4,43,mapped,good,strict,100.0,100.0,1.1023,12,True,12,0,0,1342.52,0.0,100.0,0,12,0,0.0,0.0,355
OD_000294_B,OD_000294,16,B,minimum_time,2,1218.0,263.0,4.4,43,mapped,good,strict,100.0,100.0,1.1023,12,True,12,0,0,1342.52,0.0,100.0,0,12,0,0.0,0.0,355
OD_000294_C,OD_000294,16,C,shortest,10,1218.0,263.0,4.4,43,mapped,good,strict,100.0,100.0,1.1023,12,True,12,0,0,1342.52,0.0,100.0,0,12,0,0.0,0.0,355
OD_000295_A,OD_000295,16,A,traffic_optimal,0,4289.0,435.0,7.2,100,mapped,good,strict,100.0,100.0,1.006,34,True,34,0,0,4314.21,0.0,100.0,1,33,0,2.94,8.99,355
OD_000295_B,OD_000295,16,B,minimum_time,2,4289.0,435.0,7.2,100,mapped,good,strict,100.0,100.0,1.006,34,True,34,0,0,4314.21,0.0,100.0,1,33,0,2.94,8.99,355
OD_000295_C,OD_000295,16,C,shortest,10,4289.0,435.0,7.2,100,mapped,good,strict,100.0,100.0,1.006,34,True,34,0,0,4314.21,0.0,100.0,1,33,0,2.94,8.99,355
OD_000296_A,OD_000296,16,A,traffic_optimal,0,7126.0,773.0,12.9,215,mapped,good,strict,100.0,95.96,0.972,36,True,36,0,0,6926.31,0.0,100.0,8,28,0,22.22,29.03,355
OD_000296_B,OD_000296,16,B,minimum_time,2,8482.0,661.0,11.0,302,mapped,good,strict,100.0,96.74,0.9722,33,True,33,0,0,8245.94,0.0,100.0,4,29,0,12.12,16.19,355
OD_000296_C,OD_000296,16,C,shortest,10,5761.0,946.0,15.8,187,mapped,recovered,controlled_recovery,97.73,85.4,1.0231,45,True,45,0,0,5893.8,0.0,100.0,2,43,0,4.44,7.76,355
OD_000297_A,OD_000297,16,A,traffic_optimal,0,1677.0,394.0,6.6,81,mapped,poor,normal,100.0,63.69,0.6363,9,False,9,0,0,1067.36,0.0,100.0,0,9,0,0.0,0.0,355
OD_000297_B,OD_000297,16,B,minimum_time,2,2157.0,472.0,7.9,94,mapped,poor,strict,100.0,70.08,0.7472,20,False,20,0,0,1611.58,0.0,100.0,0,20,0,0.0,0.0,355
OD_000297_C,OD_000297,16,C,shortest,10,1677.0,394.0,6.6,81,mapped,poor,normal,100.0,63.69,0.6363,9,False,9,0,0,1067.36,0.0,100.0,0,9,0,0.0,0.0,355
OD_000298_A,OD_000298,16,A,traffic_optimal,0,1747.0,430.0,7.2,64,mapped,poor,normal,100.0,65.13,0.704,13,False,13,0,0,1229.66,0.0,100.0,0,13,0,0.0,0.0,355
OD_000298_B,OD_000298,16,B,minimum_time,2,1898.0,412.0,6.9,71,mapped,poor,strict,100.0,66.0,0.7572,17,False,17,0,0,1437.0,0.0,100.0,0,17,0,0.0,0.0,355
OD_000298_C,OD_000298,16,C,shortest,10,1741.0,466.0,7.8,76,mapped,poor,normal,100.0,65.01,0.7061,15,False,15,0,0,1229.14,0.0,100.0,0,15,0,0.0,0.0,355
OD_000299_A,OD_000299,16,A,traffic_optimal,0,5091.0,691.0,11.5,187,mapped,review,strict,100.0,87.31,0.8927,37,True,37,0,0,4544.69,0.0,100.0,6,31,0,16.22,34.86,355
OD_000299_B,OD_000299,16,B,minimum_time,2,5091.0,691.0,11.5,187,mapped,review,strict,100.0,87.31,0.8927,37,True,37,0,0,4544.69,0.0,100.0,6,31,0,16.22,34.86,355
OD_000299_C,OD_000299,16,C,shortest,10,4359.0,698.0,11.6,179,mapped,review,normal,100.0,86.03,0.8471,38,True,38,0,0,3692.87,0.0,100.0,0,38,0,0.0,0.0,355
OD_000300_A,OD_000300,16,A,traffic_optimal,0,24127.0,1891.0,31.5,665,mapped,recovered,controlled_recovery,98.41,96.07,0.9591,127,True,37,1,89,7517.6,15622.2,32.49,0,38,89,0.0,0.0,355
OD_000300_B,OD_000300,16,B,minimum_time,2,29423.0,1904.0,31.7,651,mapped,good,strict,100.0,92.26,0.9831,95,True,18,0,77,8140.96,20783.86,28.15,2,16,77,11.11,7.76,355
OD_000300_C,OD_000300,16,C,shortest,10,22663.0,3155.0,52.6,689,mapped,recovered,controlled_recovery,100.0,86.81,0.9525,184,True,31,1,152,7081.46,14506.23,32.8,12,20,152,37.5,51.06,355
OD_000301_A,OD_000301,16,A,traffic_optimal,0,19435.0,1288.0,21.5,630,mapped,good,strict,100.0,99.3,0.9948,74,True,43,1,30,10407.89,8926.09,53.83,6,38,30,13.64,14.21,355
OD_000301_B,OD_000301,16,B,minimum_time,2,19990.0,1316.0,21.9,548,mapped,good,strict,100.0,97.27,0.9763,74,True,42,0,32,12446.63,7070.55,63.77,4,38,32,9.52,10.72,355
OD_000301_C,OD_000301,16,C,shortest,10,16407.0,2263.0,37.7,620,mapped,good,strict,100.0,99.17,0.9953,132,True,64,1,67,8430.82,7898.87,51.63,0,65,67,0.0,0.0,355
OD_000302_A,OD_000302,16,A,traffic_optimal,0,2251.0,488.0,8.1,69,mapped,poor,strict,100.0,75.76,0.7847,19,False,19,0,0,1766.25,0.0,100.0,0,19,0,0.0,0.0,355
OD_000302_B,OD_000302,16,B,minimum_time,2,2251.0,488.0,8.1,69,mapped,poor,strict,100.0,75.76,0.7847,19,False,19,0,0,1766.25,0.0,100.0,0,19,0,0.0,0.0,355
OD_000302_C,OD_000302,16,C,shortest,10,2211.0,564.0,9.4,85,mapped,poor,strict,100.0,75.33,0.7795,17,False,17,0,0,1723.59,0.0,100.0,1,16,0,5.88,23.17,355
OD_000303_A,OD_000303,16,A,traffic_optimal,0,2529.0,402.0,6.7,99,mapped,poor,strict,100.0,76.51,0.7423,18,False,18,0,0,1877.23,0.0,100.0,0,18,0,0.0,0.0,355
OD_000303_B,OD_000303,16,B,minimum_time,2,2488.0,407.0,6.8,104,mapped,poor,strict,100.0,76.12,0.7386,16,False,16,0,0,1837.86,0.0,100.0,1,15,0,6.25,21.73,355
OD_000303_C,OD_000303,16,C,shortest,10,2488.0,407.0,6.8,104,mapped,poor,strict,100.0,76.12,0.7386,16,False,16,0,0,1837.86,0.0,100.0,1,15,0,6.25,21.73,355
OD_000304_A,OD_000304,16,A,traffic_optimal,0,15411.0,1315.0,21.9,401,mapped,good,strict,100.0,99.12,0.9954,72,True,25,1,46,6397.2,8942.54,41.7,6,20,46,23.08,23.12,355
OD_000304_B,OD_000304,16,B,minimum_time,2,15411.0,1315.0,21.9,401,mapped,good,strict,100.0,99.12,0.9954,72,True,25,1,46,6397.2,8942.54,41.7,6,20,46,23.08,23.12,355
OD_000304_C,OD_000304,16,C,shortest,10,15407.0,1466.0,24.4,431,mapped,good,strict,100.0,99.12,0.9953,97,True,45,1,51,7542.1,7793.18,49.18,18,28,51,39.13,54.88,355
OD_000305_A,OD_000305,16,A,traffic_optimal,0,17259.0,1232.0,20.5,478,mapped,recovered,controlled_recovery,96.97,97.0,0.9626,67,True,37,1,29,7517.6,9096.65,45.25,0,38,29,0.0,0.0,355
OD_000305_B,OD_000305,16,B,minimum_time,2,21243.0,1189.0,19.8,424,mapped,good,strict,100.0,96.82,0.9651,51,True,22,0,29,7503.84,12996.74,36.6,7,15,29,31.82,34.13,355
OD_000305_C,OD_000305,16,C,shortest,10,16280.0,2464.0,41.1,459,mapped,review,wide,100.0,85.5,0.9822,122,True,31,1,90,7081.46,8907.65,44.29,12,20,90,37.5,51.06,355
OD_000306_A,OD_000306,16,A,traffic_optimal,0,2870.0,462.0,7.7,104,mapped,poor,strict,100.0,79.47,0.7839,15,False,15,0,0,2249.88,0.0,100.0,5,10,0,33.33,74.58,355
OD_000306_B,OD_000306,16,B,minimum_time,2,2870.0,462.0,7.7,104,mapped,poor,strict,100.0,79.47,0.7839,15,False,15,0,0,2249.88,0.0,100.0,5,10,0,33.33,74.58,355
OD_000306_C,OD_000306,16,C,shortest,10,2561.0,651.0,10.8,95,mapped,poor,strict,100.0,76.99,0.7569,19,False,19,0,0,1938.39,0.0,100.0,1,18,0,5.26,20.6,355
OD_000307_A,OD_000307,16,A,traffic_optimal,0,1996.0,587.0,9.8,84,mapped,poor,strict,100.0,70.48,0.6825,14,False,14,0,0,1362.24,0.0,100.0,1,13,0,7.14,29.32,355
OD_000307_B,OD_000307,16,B,minimum_time,2,2097.0,429.0,7.2,86,mapped,poor,strict,100.0,54.17,0.5925,14,False,14,0,0,1242.37,0.0,100.0,0,14,0,0.0,0.0,355
OD_000307_C,OD_000307,16,C,shortest,10,1996.0,587.0,9.8,84,mapped,poor,strict,100.0,70.48,0.6825,14,False,14,0,0,1362.24,0.0,100.0,1,13,0,7.14,29.32,355
OD_000308_A,OD_000308,16,A,traffic_optimal,0,7473.0,784.0,13.1,257,mapped,good,strict,100.0,94.33,0.9445,40,True,40,0,0,7058.36,0.0,100.0,7,33,0,17.5,22.99,355
OD_000308_B,OD_000308,16,B,minimum_time,2,9187.0,758.0,12.6,343,mapped,good,strict,100.0,90.58,0.9024,32,True,32,0,0,8289.94,0.0,100.0,4,28,0,12.5,16.1,355
OD_000308_C,OD_000308,16,C,shortest,10,6541.0,965.0,16.1,243,mapped,recovered,controlled_recovery,97.92,85.07,0.9677,49,True,49,0,0,6329.57,0.0,100.0,2,47,0,4.08,7.23,355
OD_000309_A,OD_000309,16,A,traffic_optimal,0,20006.0,1308.0,21.8,466,mapped,good,strict,100.0,94.33,0.9885,66,True,22,1,43,7975.54,11799.97,40.33,9,14,43,39.13,49.52,355
OD_000309_B,OD_000309,16,B,minimum_time,2,20006.0,1308.0,21.8,466,mapped,good,strict,100.0,94.33,0.9885,66,True,22,1,43,7975.54,11799.97,40.33,9,14,43,39.13,49.52,355
OD_000309_C,OD_000309,16,C,shortest,10,15800.0,1976.0,32.9,352,failed,failed,,0.0,0.0,0.0,0,False,0,0,0,0.0,0.0,0.0,0,0,0,0.0,0.0,0
OD_000310_A,OD_000310,16,A,traffic_optimal,0,1662.0,313.0,5.2,34,mapped,poor,strict,100.0,68.01,0.871,10,False,10,0,0,1447.77,0.0,100.0,0,10,0,0.0,0.0,355
OD_000310_B,OD_000310,16,B,minimum_time,2,1733.0,348.0,5.8,38,mapped,poor,strict,100.0,65.22,0.8353,10,False,10,0,0,1447.77,0.0,100.0,0,10,0,0.0,0.0,355
OD_000310_C,OD_000310,16,C,shortest,10,1651.0,430.0,7.2,44,mapped,poor,strict,100.0,67.78,0.8781,15,False,15,0,0,1449.21,0.0,100.0,0,15,0,0.0,0.0,355
OD_000311_A,OD_000311,16,A,traffic_optimal,0,3063.0,559.0,9.3,115,mapped,good,strict,100.0,99.84,1.0067,26,True,26,0,0,3083.22,0.0,100.0,4,22,0,15.38,35.47,355
OD_000311_B,OD_000311,16,B,minimum_time,2,3316.0,479.0,8.0,127,mapped,poor,wide,100.0,64.06,0.7288,20,False,20,0,0,2416.95,0.0,100.0,4,16,0,20.0,45.24,355
OD_000311_C,OD_000311,16,C,shortest,10,3012.0,528.0,8.8,103,mapped,good,strict,100.0,99.84,1.0061,26,True,26,0,0,3030.7,0.0,100.0,3,23,0,11.54,22.9,355
OD_000312_A,OD_000312,16,A,traffic_optimal,0,1776.0,297.0,5.0,61,mapped,good,strict,100.0,96.99,0.9456,19,True,19,0,0,1678.88,0.0,100.0,0,19,0,0.0,0.0,355
OD_000312_B,OD_000312,16,B,minimum_time,2,1776.0,297.0,5.0,61,mapped,good,strict,100.0,96.99,0.9456,19,True,19,0,0,1678.88,0.0,100.0,0,19,0,0.0,0.0,355
OD_000312_C,OD_000312,16,C,shortest,10,1776.0,297.0,5.0,61,mapped,good,strict,100.0,96.99,0.9456,19,True,19,0,0,1678.88,0.0,100.0,0,19,0,0.0,0.0,355
OD_000313_A,OD_000313,16,A,traffic_optimal,0,4927.0,646.0,10.8,148,mapped,good,strict,100.0,99.73,0.9891,40,True,40,0,0,4873.06,0.0,100.0,1,39,0,2.5,7.96,355
OD_000313_B,OD_000313,16,B,minimum_time,2,4871.0,670.0,11.2,145,mapped,good,strict,100.0,92.21,0.9726,38,True,38,0,0,4737.34,0.0,100.0,0,38,0,0.0,0.0,355
OD_000313_C,OD_000313,16,C,shortest,10,4714.0,597.0,9.9,136,mapped,good,strict,100.0,94.89,1.0049,38,True,38,0,0,4737.34,0.0,100.0,0,38,0,0.0,0.0,355
OD_000314_A,OD_000314,16,A,traffic_optimal,0,3779.0,662.0,11.0,116,mapped,poor,strict,100.0,82.25,0.9182,33,False,33,0,0,3469.95,0.0,100.0,0,33,0,0.0,0.0,355
OD_000314_B,OD_000314,16,B,minimum_time,2,3779.0,662.0,11.0,116,mapped,poor,strict,100.0,82.25,0.9182,33,False,33,0,0,3469.95,0.0,100.0,0,33,0,0.0,0.0,355
OD_000314_C,OD_000314,16,C,shortest,10,3597.0,695.0,11.6,132,failed,failed,,0.0,0.0,0.0,0,False,0,0,0,0.0,0.0,0.0,0,0,0,0.0,0.0,0
OD_000315_A,OD_000315,16,A,traffic_optimal,0,4052.0,596.0,9.9,150,mapped,good,strict,100.0,100.0,1.0293,33,True,33,0,0,4170.87,0.0,100.0,3,30,0,9.09,16.64,355
OD_000315_B,OD_000315,16,B,minimum_time,2,4052.0,596.0,9.9,150,mapped,good,strict,100.0,100.0,1.0293,33,True,33,0,0,4170.87,0.0,100.0,3,30,0,9.09,16.64,355
OD_000315_C,OD_000315,16,C,shortest,10,4050.0,644.0,10.7,149,mapped,good,strict,100.0,94.9,1.0297,33,True,33,0,0,4170.87,0.0,100.0,3,30,0,9.09,16.64,355
OD_000316_A,OD_000316,16,A,traffic_optimal,0,17347.0,1325.0,22.1,452,mapped,recovered,controlled_recovery,98.59,97.36,0.9838,72,True,42,1,29,7968.82,9096.65,46.7,0,43,29,0.0,0.0,355
OD_000316_B,OD_000316,16,B,minimum_time,2,21117.0,1173.0,19.6,389,mapped,good,strict,100.0,99.59,0.9942,60,True,31,0,29,7998.14,12996.74,38.1,6,25,29,19.35,27.02,355
OD_000316_C,OD_000316,16,C,shortest,10,16154.0,2448.0,40.8,424,mapped,review,wide,100.0,89.04,1.0204,131,True,40,1,90,7575.76,8907.65,45.96,11,30,90,26.83,42.46,355
OD_000317_A,OD_000317,16,A,traffic_optimal,0,1378.0,342.0,5.7,38,mapped,good,strict,100.0,100.0,0.995,18,True,18,0,0,1371.16,0.0,100.0,0,18,0,0.0,0.0,355
OD_000317_B,OD_000317,16,B,minimum_time,2,1378.0,342.0,5.7,38,mapped,good,strict,100.0,100.0,0.995,18,True,18,0,0,1371.16,0.0,100.0,0,18,0,0.0,0.0,355
OD_000317_C,OD_000317,16,C,shortest,10,1368.0,517.0,8.6,37,mapped,good,strict,100.0,100.0,1.0016,25,True,25,0,0,1369.98,0.0,100.0,0,25,0,0.0,0.0,355
OD_000318_A,OD_000318,16,A,traffic_optimal,0,1637.0,435.0,7.2,46,mapped,good,strict,100.0,100.0,1.0583,21,True,21,0,0,1732.52,0.0,100.0,0,21,0,0.0,0.0,355
OD_000318_B,OD_000318,16,B,minimum_time,2,1637.0,435.0,7.2,46,mapped,good,strict,100.0,100.0,1.0583,21,True,21,0,0,1732.52,0.0,100.0,0,21,0,0.0,0.0,355
OD_000318_C,OD_000318,16,C,shortest,10,1627.0,611.0,10.2,45,mapped,good,strict,100.0,100.0,1.0643,28,True,28,0,0,1731.34,0.0,100.0,0,28,0,0.0,0.0,355
OD_000319_A,OD_000319,16,A,traffic_optimal,0,1914.0,404.0,6.7,65,mapped,good,strict,100.0,97.46,0.9649,20,True,20,0,0,1846.79,0.0,100.0,0,20,0,0.0,0.0,355
OD_000319_B,OD_000319,16,B,minimum_time,2,1914.0,404.0,6.7,65,mapped,good,strict,100.0,97.46,0.9649,20,True,20,0,0,1846.79,0.0,100.0,0,20,0,0.0,0.0,355
OD_000319_C,OD_000319,16,C,shortest,10,1914.0,404.0,6.7,65,mapped,good,strict,100.0,97.46,0.9649,20,True,20,0,0,1846.79,0.0,100.0,0,20,0,0.0,0.0,355
OD_000320_A,OD_000320,16,A,traffic_optimal,0,1219.0,336.0,5.6,28,mapped,good,strict,100.0,90.96,0.9095,11,True,11,0,0,1108.6,0.0,100.0,0,11,0,0.0,0.0,355
OD_000320_B,OD_000320,16,B,minimum_time,2,1364.0,321.0,5.3,43,mapped,review,strict,100.0,86.67,0.9869,12,True,12,0,0,1345.96,0.0,100.0,1,11,0,8.33,29.67,355
OD_000320_C,OD_000320,16,C,shortest,10,1219.0,336.0,5.6,28,mapped,good,strict,100.0,90.96,0.9095,11,True,11,0,0,1108.6,0.0,100.0,0,11,0,0.0,0.0,355
OD_000321_A,OD_000321,16,A,traffic_optimal,0,8571.0,973.0,16.2,226,mapped,good,strict,100.0,100.0,0.996,49,True,49,0,0,8536.54,0.0,100.0,5,44,0,10.2,21.44,355
OD_000321_B,OD_000321,16,B,minimum_time,2,8571.0,973.0,16.2,226,mapped,good,strict,100.0,100.0,0.996,49,True,49,0,0,8536.54,0.0,100.0,5,44,0,10.2,21.44,355
OD_000321_C,OD_000321,16,C,shortest,10,8571.0,973.0,16.2,226,mapped,good,strict,100.0,100.0,0.996,49,True,49,0,0,8536.54,0.0,100.0,5,44,0,10.2,21.44,355
OD_000322_A,OD_000322,16,A,traffic_optimal,0,8444.0,1022.0,17.0,249,mapped,good,strict,100.0,99.46,0.9894,45,True,45,0,0,8354.44,0.0,100.0,5,40,0,11.11,21.91,355
OD_000322_B,OD_000322,16,B,minimum_time,2,8444.0,1022.0,17.0,249,mapped,good,strict,100.0,99.46,0.9894,45,True,45,0,0,8354.44,0.0,100.0,5,40,0,11.11,21.91,355
OD_000322_C,OD_000322,16,C,shortest,10,7867.0,1086.0,18.1,251,mapped,good,strict,100.0,99.42,0.9842,55,True,55,0,0,7742.06,0.0,100.0,6,49,0,10.91,27.88,355
OD_000323_A,OD_000323,16,A,traffic_optimal,0,9047.0,1146.0,19.1,270,mapped,good,strict,100.0,99.5,0.9994,53,True,53,0,0,9040.89,0.0,100.0,5,48,0,9.43,20.24,355
OD_000323_B,OD_000323,16,B,minimum_time,2,9047.0,1146.0,19.1,270,mapped,good,strict,100.0,99.5,0.9994,53,True,53,0,0,9040.89,0.0,100.0,5,48,0,9.43,20.24,355
OD_000323_C,OD_000323,16,C,shortest,10,8470.0,1222.0,20.4,272,mapped,good,strict,100.0,99.47,0.9952,63,True,63,0,0,8428.51,0.0,100.0,6,57,0,9.52,25.61,355
OD_000324_A,OD_000324,16,A,traffic_optimal,0,2358.0,457.0,7.6,53,mapped,good,strict,100.0,90.16,0.8895,15,True,15,0,0,2097.47,0.0,100.0,0,15,0,0.0,0.0,355
OD_000324_B,OD_000324,16,B,minimum_time,2,2358.0,457.0,7.6,53,mapped,good,strict,100.0,90.16,0.8895,15,True,15,0,0,2097.47,0.0,100.0,0,15,0,0.0,0.0,355
OD_000324_C,OD_000324,16,C,shortest,10,2324.0,748.0,12.5,64,mapped,good,strict,100.0,90.3,0.9101,28,True,28,0,0,2114.6,0.0,100.0,0,28,0,0.0,0.0,355
OD_000422_A,OD_000422,14,A,traffic_optimal,0,20577.0,1548.0,25.8,475,mapped,good,strict,100.0,97.74,1.0047,76,True,32,1,43,8872.82,11799.97,42.92,9,24,43,27.27,44.51,355
OD_000422_B,OD_000422,14,B,minimum_time,2,21920.0,1434.0,23.9,497,mapped,good,strict,100.0,97.88,1.0045,79,True,35,1,43,10219.31,11799.97,46.41,15,21,43,41.67,60.0,355
OD_000422_C,OD_000422,14,C,shortest,10,16322.0,2283.0,38.0,367,mapped,recovered,controlled_recovery,98.84,86.66,0.8992,87,True,33,1,53,8819.16,5857.31,60.09,9,25,53,26.47,44.78,355
