{
"type": "FeatureCollection",
"name": "seongnam_boundary",
"crs": { "type": "name", "properties": { "name": "urn:ogc:def:crs:OGC:1.3:CRS84" } },
"features": [
{ "type": "Feature", "properties": { "name": "성남시", "district_count": 3 }, "geometry": { "type": "Polygon", "coordinates": [ [ [ 127.17417946793617, 37.405704624194009 ], [ 127.174158779195778, 37.405685796900741 ], [ 127.174149757216767, 37.405677079154906 ], [ 127.174074722471985, 37.405628009580411 ], [ 127.174056968574078, 37.405616396870357 ], [ 127.17394557648953, 37.40555219110675 ], [ 127.173892265478301, 37.405521462152997 ], [ 127.173874575478322, 37.405499811854533 ], [ 127.173995773299708, 37.405172738817868 ], [ 127.1739812429485, 37.405146574134719 ], [ 127.173658360165518, 37.404792830218852 ], [ 127.173658505652327, 37.404783253485959 ], [ 127.173662168424372, 37.404421732842771 ], [ 127.173662973838958, 37.404342319207963 ], [ 127.173653880947938, 37.404302065636188 ], [ 127.173541129798807, 37.40414744667121 ], [ 127.173346022969511, 37.403879883747088 ], [ 127.173345319874457, 37.403877349835284 ], [ 127.173181614424379, 37.403133128475183 ], [ 127.173190923064169, 37.403114249612123 ], [ 127.173237857492794, 37.403065046932674 ], [ 127.173394265001747, 37.402901088528324 ], [ 127.173380115692069, 37.402889847121962 ], [ 127.173123430508696, 37.402689744930569 ], [ 127.173114818052383, 37.402684141592907 ], [ 127.173070753060955, 37.402655465919707 ], [ 127.172520223985828, 37.402369912911489 ], [ 127.172295174119924, 37.402268026814838 ], [ 127.171868589212011, 37.402092665121174 ], [ 127.171857608128434, 37.402075794206397 ], [ 127.17166154236223, 37.401758182177787 ], [ 127.171459627852101, 37.401430729442318 ], [ 127.171467186518413, 37.401418329458146 ], [ 127.171659482860562, 37.401092346687015 ], [ 127.171693433005046, 37.401034793335654 ], [ 127.17170063473371, 37.401018727342034 ], [ 127.171642931964939, 37.400898314288696 ], [ 127.171230071913143, 37.400036740487032 ], [ 127.171219952793308, 37.400011976734547 ], [ 127.17094404958047, 37.39934139789839 ], [ 127.170652081416492, 37.398671687604313 ], [ 127.170649901636637, 37.398647758954851 ], [ 127.170761409831911, 37.39840403845988 ], [ 127.170767721533466, 37.398383766009374 ], [ 127.17038428859307, 37.397841731077719 ], [ 127.169662991850146, 37.397404922121176 ], [ 127.169425356922787, 37.39718901695651 ], [ 127.169409242908159, 37.397164261517752 ], [ 127.169096562229896, 37.396693087291311 ], [ 127.169094361608771, 37.396651409504123 ], [ 127.169173202607354, 37.396242751293045 ], [ 127.169166339888847, 37.396172932942228 ], [ 127.168677177475018, 37.39568679290786 ], [ 127.168648361034869, 37.395658402562837 ], [ 127.1683528393351, 37.39557713234467 ], [ 127.168338660924022, 37.395573233775501 ], [ 127.168210834654289, 37.395538221673334 ], [ 127.168215304883134, 37.395480616290698 ], [ 127.168269512121213, 37.394782134983458 ], [ 127.168274870073532, 37.394734823122789 ], [ 127.168395991476842, 37.39397216911032 ], [ 127.168417075075553, 37.393931593171786 ], [ 127.168443111879242, 37.39389297449047 ], [ 127.168490770985557, 37.393822521130765 ], [ 127.168512682812462, 37.39375829351038 ], [ 127.168542483663714, 37.39367096131965 ], [ 127.168620656658589, 37.393195853541371 ], [ 127.168616543039207, 37.393167424237376 ], [ 127.168463900229909, 37.392947768371933 ], [ 127.168330771554437, 37.392756190913609 ], [ 127.16829974257503, 37.392711537894762 ], [ 127.168245339782942, 37.392633250133827 ], [ 127.168260774755765, 37.392591834505289 ], [ 127.168308508596397, 37.392556573956 ], [ 127.168388646831019, 37.392500941155781 ], [ 127.168411580361521, 37.392485019508278 ], [ 127.168513753303586, 37.392414090711057 ], [ 127.168549532732641, 37.392394610346301 ], [ 127.168996482037571, 37.392202483106608 ], [ 127.169566839700394, 37.39195730227447 ], [ 127.169634320957357, 37.391910751604783 ], [ 127.16970031994471, 37.391845919488972 ], [ 127.169830099406809, 37.391718439301357 ], [ 127.16987061726968, 37.391693044293383 ], [ 127.169921203284161, 37.391681781256885 ], [ 127.170410279037711, 37.391572890514354 ], [ 127.170435479372557, 37.391561314028358 ], [ 127.170677574529478, 37.391405309844615 ], [ 127.170844073702114, 37.391298018926506 ], [ 127.170855170115217, 37.391290688248084 ], [ 127.170862762118077, 37.391292930378413 ], [ 127.17111208036394, 37.391375775775643 ], [ 127.171296439030627, 37.391437034139585 ], [ 127.171321663474046, 37.391436713054922 ], [ 127.171869881782342, 37.391380376916374 ], [ 127.171923157890518, 37.3913749010323 ], [ 127.172083032491116, 37.391358472462883 ], [ 127.172092865109789, 37.391336771077768 ], [ 127.172106972166873, 37.391332533150319 ], [ 127.172124626032698, 37.391207011840137 ], [ 127.172180253292495, 37.390811525397041 ], [ 127.172190734947932, 37.390767872704153 ], [ 127.172203664984124, 37.390713505789556 ], [ 127.172332396792129, 37.39036952838709 ], [ 127.172355655513115, 37.390278545387723 ], [ 127.172374593576947, 37.390069600389033 ], [ 127.172376152178458, 37.390054109992356 ], [ 127.172381924654118, 37.390034954542919 ], [ 127.17269689895933, 37.389969735803987 ], [ 127.172708138308224, 37.389946070543814 ], [ 127.172820788287794, 37.389359685981859 ], [ 127.172850260887799, 37.389206469875923 ], [ 127.172853758960201, 37.389194634522489 ], [ 127.172863213970118, 37.38916196493269 ], [ 127.172966112513066, 37.388895199572602 ], [ 127.17299231316268, 37.38882727914941 ], [ 127.173017301456099, 37.388797114166415 ], [ 127.173388460488184, 37.388612992854831 ], [ 127.173403970871718, 37.38860621224746 ], [ 127.174373864256921, 37.388533843458312 ], [ 127.174383393333883, 37.388532981838139 ], [ 127.174691863246608, 37.388250683960273 ], [ 127.174714068655547, 37.388237695766477 ], [ 127.175087515498447, 37.388082806234131 ], [ 127.175430776610099, 37.387940434863012 ], [ 127.17548644774655, 37.387902061766709 ], [ 127.175911841371871, 37.387525275214031 ], [ 127.175961849639037, 37.387480982331148 ], [ 127.175968553356228, 37.387479846933722 ], [ 127.175991342232706, 37.387476335403377 ], [ 127.176736130347194, 37.387361580087656 ], [ 127.176782137127603, 37.387344053215372 ], [ 127.177160288168992, 37.387139635510486 ], [ 127.177235354605529, 37.387098976350444 ], [ 127.177246095569316, 37.387085731040763 ], [ 127.177132989226308, 37.386815064124931 ], [ 127.177127568360731, 37.386802090181718 ], [ 127.177020581627346, 37.386546018778766 ], [ 127.176979313259721, 37.386477666169171 ], [ 127.176897701922385, 37.386361493269682 ], [ 127.176742288203897, 37.386140416065608 ], [ 127.176720486804641, 37.38609820792729 ], [ 127.176627676848597, 37.385719071583452 ], [ 127.176566939156459, 37.385470823975695 ], [ 127.176571154863268, 37.385311725642921 ], [ 127.176571809059283, 37.385287496524256 ], [ 127.176572942578304, 37.385245561999746 ], [ 127.176570823634506, 37.385241040288712 ], [ 127.176569996422259, 37.385239276729017 ], [ 127.176567799087948, 37.385234596160579 ], [ 127.176557861082813, 37.385209264527766 ], [ 127.176556620510823, 37.385206167597154 ], [ 127.176391249122958, 37.385032687996812 ], [ 127.176259673704095, 37.38489716226988 ], [ 127.176154799444362, 37.384789194410494 ], [ 127.176137306441447, 37.384776553318915 ], [ 127.17593097325819, 37.384662824263202 ], [ 127.175923375572324, 37.384658610220697 ], [ 127.175868266544427, 37.384630254089998 ], [ 127.175676059485866, 37.3845221284285 ], [ 127.175474495723947, 37.384412338969049 ], [ 127.175260922871388, 37.384294106308573 ], [ 127.175056707651066, 37.384178119975537 ], [ 127.175010948454783, 37.384151724398734 ], [ 127.174999992289429, 37.38414469597101 ], [ 127.17483757764154, 37.384021890707963 ], [ 127.174672141576465, 37.383892612207163 ], [ 127.174660832309101, 37.383884185636568 ], [ 127.174472628257945, 37.383752403277882 ], [ 127.174433711661095, 37.383711073309286 ], [ 127.174430002070523, 37.383707416110937 ], [ 127.174406086471876, 37.383662963584079 ], [ 127.174265473174572, 37.383401121901692 ], [ 127.174245027387315, 37.383363047151725 ], [ 127.174152555384239, 37.383197905537436 ], [ 127.174149889915299, 37.383193124481132 ], [ 127.173998842678259, 37.383101547961921 ], [ 127.173991588786791, 37.383097041793718 ], [ 127.17372623277295, 37.382932158651506 ], [ 127.173399214585871, 37.382733573272503 ], [ 127.173364932860125, 37.382712504363731 ], [ 127.173243061343797, 37.382651862618602 ], [ 127.173216410063063, 37.38264457522763 ], [ 127.173005673242031, 37.382611372655205 ], [ 127.172888501231469, 37.382594935531522 ], [ 127.17270125101436, 37.382571834253234 ], [ 127.172616900987492, 37.382560135213197 ], [ 127.17258318002132, 37.382552012358715 ], [ 127.172379405456752, 37.382471783984869 ], [ 127.172111255356484, 37.382370111416172 ], [ 127.17207905353645, 37.382357900361349 ], [ 127.172030879861225, 37.382355992855544 ], [ 127.172015695498587, 37.382358730602519 ], [ 127.171253167115424, 37.38249620928277 ], [ 127.171247510625122, 37.382491712795023 ], [ 127.171230805424827, 37.382478494479038 ], [ 127.17115266931097, 37.382416663354299 ], [ 127.171100111109581, 37.382375071709433 ], [ 127.170418357331457, 37.381835725429944 ], [ 127.170119218550681, 37.381599069439595 ], [ 127.170113559944284, 37.381594571088527 ], [ 127.169924052164163, 37.381424207744921 ], [ 127.169783463506036, 37.381274333878068 ], [ 127.169736443179588, 37.381231886351252 ], [ 127.169645998187818, 37.381179922418355 ], [ 127.169477658844727, 37.381088655063749 ], [ 127.169275592430893, 37.380979414265298 ], [ 127.16912880780022, 37.3808982408612 ], [ 127.169107083234394, 37.38088870386165 ], [ 127.169052369543323, 37.380877240235463 ], [ 127.168815357167333, 37.380840688259696 ], [ 127.168710692247203, 37.380820562925834 ], [ 127.168707343979207, 37.380818315417535 ], [ 127.168475359741805, 37.380665748392275 ], [ 127.168304859443978, 37.380549704261298 ], [ 127.168095313680297, 37.380409283331304 ], [ 127.16809018149614, 37.380405845482969 ], [ 127.167963676308915, 37.380317615647172 ], [ 127.16792111446027, 37.380298807811478 ], [ 127.167707961205679, 37.380311481026212 ], [ 127.167081996983327, 37.380348694465894 ], [ 127.167058162068017, 37.380338311963506 ], [ 127.166935315318256, 37.380295367692945 ], [ 127.166738067901107, 37.380226412531876 ], [ 127.166722706202165, 37.380223333391193 ], [ 127.166269236594886, 37.38027183787019 ], [ 127.166217713320918, 37.380266557296835 ], [ 127.165825520455954, 37.380147650967366 ], [ 127.16572959452408, 37.380118568132765 ], [ 127.16562121136073, 37.380091687226859 ], [ 127.165322717618309, 37.380013235792596 ], [ 127.165222633174764, 37.379986929651132 ], [ 127.164775361820418, 37.379846887876248 ], [ 127.164432968779067, 37.379739681894932 ], [ 127.164425917567044, 37.379741096885787 ], [ 127.163513628386667, 37.379912810180734 ], [ 127.163095480849591, 37.379991514515737 ], [ 127.163010906606402, 37.38000743170749 ], [ 127.162986721651095, 37.380000706994203 ], [ 127.162963914130543, 37.379994622576383 ], [ 127.161822220650535, 37.379690034463863 ], [ 127.161791078204274, 37.379645026893073 ], [ 127.161620092360451, 37.379045799101149 ], [ 127.161567296905531, 37.378860876642996 ], [ 127.161563410337251, 37.378853561630542 ], [ 127.161554023713421, 37.378835280000239 ], [ 127.161429820575123, 37.378667913012478 ], [ 127.161367675196146, 37.378565505855612 ], [ 127.161355460316273, 37.378544969868969 ], [ 127.161321618954247, 37.378474619321523 ], [ 127.161168687826063, 37.378156091095569 ], [ 127.161026551988684, 37.37784599627448 ], [ 127.161012994838458, 37.37781204745702 ], [ 127.160984521288611, 37.37774074591082 ], [ 127.160950969280833, 37.377641400448695 ], [ 127.160891261060399, 37.377443307581871 ], [ 127.160875464888761, 37.377390902855744 ], [ 127.160878232197177, 37.377367815601126 ], [ 127.16087829276124, 37.377365903945197 ], [ 127.160879226839157, 37.377336556749405 ], [ 127.160865628649873, 37.377329818691486 ], [ 127.161061843889883, 37.376934510756612 ], [ 127.161105176732278, 37.376821826163159 ], [ 127.161237900962632, 37.376430551707571 ], [ 127.161246325828358, 37.376328328543039 ], [ 127.161201095936917, 37.375982993334908 ], [ 127.161188767451279, 37.375888881736422 ], [ 127.161174334086908, 37.375823298236845 ], [ 127.161063200104053, 37.375448867717999 ], [ 127.160982446584214, 37.375176789507336 ], [ 127.160975168430255, 37.375157940586206 ], [ 127.160855908436773, 37.374900742767501 ], [ 127.160770664284357, 37.374716717399664 ], [ 127.160770126062559, 37.374713339280312 ], [ 127.160761386805376, 37.374664073537602 ], [ 127.160821445627946, 37.374166437931876 ], [ 127.160825894484631, 37.374129575164375 ], [ 127.160835581749836, 37.374049309663754 ], [ 127.160833265823115, 37.374038897471607 ], [ 127.16083059295012, 37.374023979149875 ], [ 127.160829875728481, 37.374021726342846 ], [ 127.160824668931497, 37.373978088140333 ], [ 127.160826848477882, 37.373923467952871 ], [ 127.160828688014078, 37.373790843916083 ], [ 127.160828780249219, 37.373783904442341 ], [ 127.160829745206811, 37.373708056834452 ], [ 127.160827977590372, 37.373705807324718 ], [ 127.160814688295048, 37.373688305842741 ], [ 127.160788886668485, 37.373654330875048 ], [ 127.16075686108303, 37.373608484878602 ], [ 127.160705190272651, 37.373534499065165 ], [ 127.160703123144316, 37.373531545616459 ], [ 127.160619024619152, 37.373411283532285 ], [ 127.160478701182953, 37.373206212127037 ], [ 127.16047000944414, 37.373187077880061 ], [ 127.160506783959036, 37.373139445361197 ], [ 127.160534047178515, 37.373101649352918 ], [ 127.160663320967558, 37.372922422691694 ], [ 127.160693937050226, 37.372884935523452 ], [ 127.160684531111428, 37.372857360504781 ], [ 127.16063707120405, 37.372772386269268 ], [ 127.16059243422643, 37.37268206320195 ], [ 127.160583418451139, 37.37267419170044 ], [ 127.160569102491095, 37.372659001990797 ], [ 127.160533951905336, 37.37263906619657 ], [ 127.160315621933677, 37.372498854937646 ], [ 127.160190661760822, 37.372423098081633 ], [ 127.160135812175739, 37.372389847142202 ], [ 127.160078939534486, 37.372354161138475 ], [ 127.159980369800834, 37.372288691660536 ], [ 127.159962530744124, 37.372276892662541 ], [ 127.159872628602386, 37.372222383579988 ], [ 127.159782375156155, 37.372168165466086 ], [ 127.159764887010709, 37.372157204831417 ], [ 127.15959920512239, 37.37205381010304 ], [ 127.159597741021187, 37.372052643106421 ], [ 127.15959390913703, 37.372049591716227 ], [ 127.159485122574026, 37.371910367481256 ], [ 127.159411723120044, 37.371816136582545 ], [ 127.159274519869456, 37.371633003316944 ], [ 127.15925046291359, 37.371600894384819 ], [ 127.159178223707713, 37.371504471814859 ], [ 127.159171510921468, 37.371501380560616 ], [ 127.159108757367534, 37.371492166956656 ], [ 127.158989060645268, 37.371474593785827 ], [ 127.15884736567908, 37.371453950032524 ], [ 127.158835359850102, 37.371445514520758 ], [ 127.158784097536341, 37.371398280243845 ], [ 127.158427754005189, 37.371076490335255 ], [ 127.158371251997821, 37.371025468461028 ], [ 127.158351784407699, 37.370990864053645 ], [ 127.158337528800942, 37.370935889040588 ], [ 127.158223035177755, 37.370494347893114 ], [ 127.158215256717114, 37.370481969268127 ], [ 127.15810502308581, 37.370406087796397 ], [ 127.158081861038212, 37.370378808110459 ], [ 127.15795473359583, 37.370135900203699 ], [ 127.157855524829401, 37.369946339203054 ], [ 127.157848267228829, 37.369935928875904 ], [ 127.157782836768121, 37.369855487709131 ], [ 127.157717309267682, 37.369775057942526 ], [ 127.15745744239544, 37.369456089710695 ], [ 127.157455677233486, 37.369453841057862 ], [ 127.157246096821808, 37.369357814459448 ], [ 127.157100145177978, 37.369290269974371 ], [ 127.156903922719721, 37.369199470753244 ], [ 127.156899847814941, 37.369195528004084 ], [ 127.156570059267906, 37.368889158185844 ], [ 127.156284836827822, 37.368624188555025 ], [ 127.156257600801723, 37.368593536313199 ], [ 127.156173208871493, 37.368470035980685 ], [ 127.155222101566011, 37.368107951919555 ], [ 127.154973826774807, 37.368013430073027 ], [ 127.154828768608525, 37.367958204580539 ], [ 127.154809647087021, 37.367921062294045 ], [ 127.154805989405119, 37.367859123034556 ], [ 127.154805868414343, 37.367799501635567 ], [ 127.154805529527181, 37.367633867998443 ], [ 127.15480540726405, 37.367574031163031 ], [ 127.154805363468313, 37.367552777335661 ], [ 127.154802676502825, 37.36753335551586 ], [ 127.15478854998824, 37.367470874613744 ], [ 127.154775217383744, 37.367467067019128 ], [ 127.154782848203098, 37.367445666131637 ], [ 127.154751946307343, 37.367309011964061 ], [ 127.15471431427477, 37.367135495025025 ], [ 127.154705121405087, 37.367093107711277 ], [ 127.154689434299058, 37.367012883928005 ], [ 127.154665009760336, 37.366886772281433 ], [ 127.154657213228631, 37.366868195456924 ], [ 127.154667017548022, 37.366831862305666 ], [ 127.154702674411681, 37.366669912221177 ], [ 127.154740727500993, 37.366472486184705 ], [ 127.154744356185134, 37.36643671999478 ], [ 127.154744860176848, 37.366424329256041 ], [ 127.154612073819067, 37.366269922308184 ], [ 127.154550763438067, 37.366197513655202 ], [ 127.154175532895621, 37.36575436640792 ], [ 127.154166685935508, 37.365740304207527 ], [ 127.15412909950777, 37.365644898307679 ], [ 127.154098130673134, 37.365505280890567 ], [ 127.153982325275052, 37.365241712226684 ], [ 127.153949634436657, 37.365167311088186 ], [ 127.153941327396268, 37.36515718408441 ], [ 127.153925051632115, 37.365135806139079 ], [ 127.153916231810172, 37.365133564733689 ], [ 127.153788534473534, 37.36504925965729 ], [ 127.1535757050939, 37.364908749084741 ], [ 127.153543895473149, 37.364880074864793 ], [ 127.153441709603939, 37.364763464656619 ], [ 127.153265635197158, 37.364562534241742 ], [ 127.153260855113416, 37.364554376233784 ], [ 127.153254832492578, 37.364544811129747 ], [ 127.153233714837953, 37.364480924093591 ], [ 127.153111606743536, 37.364111648000346 ], [ 127.153077549201143, 37.364008648026363 ], [ 127.153075534384101, 37.364004265000659 ], [ 127.153039466197214, 37.363925920957747 ], [ 127.153032028566599, 37.363912693878262 ], [ 127.152816152531742, 37.363516753459969 ], [ 127.152783657391609, 37.363457150563022 ], [ 127.152774110994244, 37.36344843771262 ], [ 127.15274601416229, 37.363420031066291 ], [ 127.152202311303569, 37.363108467768548 ], [ 127.152179360429585, 37.363097792804211 ], [ 127.151940191702806, 37.363009968776311 ], [ 127.151915692256964, 37.363002312443136 ], [ 127.151813649588618, 37.36297043124415 ], [ 127.151764718102569, 37.362932479578504 ], [ 127.151474076728164, 37.362682257683161 ], [ 127.151498731606281, 37.362667015826325 ], [ 127.151366824409322, 37.362532183996954 ], [ 127.151362824218552, 37.362528097954254 ], [ 127.151256812628702, 37.362437003526438 ], [ 127.151179606924217, 37.362371499496618 ], [ 127.151164774816124, 37.362360814024512 ], [ 127.150731650516121, 37.362213250390546 ], [ 127.150730413081988, 37.362211004095023 ], [ 127.150707092977484, 37.362195551324177 ], [ 127.150696460627813, 37.361989735021012 ], [ 127.150685035587699, 37.361921325948266 ], [ 127.150681641725143, 37.361900219950158 ], [ 127.150651847380871, 37.361818318800353 ], [ 127.150647315704674, 37.361806855143534 ], [ 127.150629831901938, 37.361762633015701 ], [ 127.150527237839967, 37.361503119129829 ], [ 127.150488687808306, 37.361456710176071 ], [ 127.150197528517722, 37.361293198459364 ], [ 127.150179871634649, 37.361285616084338 ], [ 127.149717398716987, 37.361147171360571 ], [ 127.149687456393607, 37.361138207665753 ], [ 127.149661909790126, 37.361130561284597 ], [ 127.14965767635681, 37.36113028734465 ], [ 127.149559236777577, 37.361128376854658 ], [ 127.149453074921993, 37.361126317203599 ], [ 127.149419209495989, 37.361126359254051 ], [ 127.149382697969543, 37.361124999912533 ], [ 127.14928251511553, 37.361123999830383 ], [ 127.14894423856002, 37.361130611232298 ], [ 127.148898537476313, 37.361119973569558 ], [ 127.148498834065293, 37.360918580194983 ], [ 127.148206801065371, 37.360772094423162 ], [ 127.148029044450112, 37.360682932587189 ], [ 127.147985975905783, 37.360669181815837 ], [ 127.147850721705765, 37.360678286115537 ], [ 127.147725868882972, 37.360686686610656 ], [ 127.14769958528386, 37.3606886923289 ], [ 127.147520066544246, 37.360704113802768 ], [ 127.147102814008846, 37.360455161406549 ], [ 127.146412490512432, 37.360178659235991 ], [ 127.146083484610216, 37.360050107895105 ], [ 127.146068491669666, 37.360048432431817 ], [ 127.145725889957077, 37.360004645178648 ], [ 127.145499694379779, 37.359775162106224 ], [ 127.145209917618033, 37.359623414315259 ], [ 127.14505338441694, 37.359541438899264 ], [ 127.145042802358475, 37.359539767528105 ], [ 127.144864240952003, 37.359514492187806 ], [ 127.144737069396712, 37.359496491864377 ], [ 127.144192320998386, 37.359431128490939 ], [ 127.144081868154188, 37.359417874862068 ], [ 127.144042728646639, 37.359426093081538 ], [ 127.143844141264807, 37.35949203994727 ], [ 127.143557662952418, 37.359587168958576 ], [ 127.143540919074411, 37.359592820653525 ], [ 127.143303282231344, 37.3595601646661 ], [ 127.14308372014797, 37.359528922027884 ], [ 127.142953970897622, 37.359510459515782 ], [ 127.142920990899725, 37.359505149964782 ], [ 127.142817963335531, 37.359495132805961 ], [ 127.142744684091198, 37.359488006007332 ], [ 127.142643509919608, 37.359478168261383 ], [ 127.142352816112052, 37.359420946005855 ], [ 127.142325029156822, 37.359415475319018 ], [ 127.142313747981675, 37.359414084624262 ], [ 127.142067527142189, 37.359409872198128 ], [ 127.142057222919348, 37.359416769050725 ], [ 127.142048145562313, 37.359422842145037 ], [ 127.141819330225289, 37.35957910739689 ], [ 127.141780437927395, 37.359625052118062 ], [ 127.141610999205895, 37.359934409244453 ], [ 127.141594472859239, 37.359964559119831 ], [ 127.1409567604111, 37.359895205262333 ], [ 127.140939643721168, 37.359893251386389 ], [ 127.14047589972607, 37.360050069798667 ], [ 127.140229277513242, 37.360117936848503 ], [ 127.140203879440236, 37.360118245388477 ], [ 127.140060178310591, 37.360109441556951 ], [ 127.139983886639783, 37.360104765559015 ], [ 127.139802587254977, 37.360093658415238 ], [ 127.139769742349173, 37.360069765478869 ], [ 127.139741550084253, 37.360035208916983 ], [ 127.139660498605082, 37.359935856739078 ], [ 127.139631355732817, 37.359913085545806 ], [ 127.139377752646013, 37.359913613344553 ], [ 127.139315649664084, 37.359913742180858 ], [ 127.139255300015932, 37.359897198036052 ], [ 127.138222699566967, 37.35944168690547 ], [ 127.138195873995329, 37.359432428773935 ], [ 127.137318423358991, 37.359454709064721 ], [ 127.137313176311167, 37.359454843507486 ], [ 127.137303472543095, 37.359455140054372 ], [ 127.137269777500151, 37.359447858114791 ], [ 127.136584622126662, 37.359135891922485 ], [ 127.136245823442138, 37.358981624375176 ], [ 127.136225156246368, 37.358969258737268 ], [ 127.136143071439221, 37.358884689062322 ], [ 127.13581593744648, 37.358547650193593 ], [ 127.13580709399848, 37.358538651496502 ], [ 127.135231774629034, 37.358428927271234 ], [ 127.135219768364053, 37.358426689067983 ], [ 127.135121317867046, 37.358303754905535 ], [ 127.134840774424546, 37.357939153908831 ], [ 127.134836155033938, 37.357920001473694 ], [ 127.134833849213067, 37.357910441492919 ], [ 127.134827109744435, 37.357891871115896 ], [ 127.134827278900246, 37.357885391591957 ], [ 127.134831819048557, 37.357765438671052 ], [ 127.134808235812059, 37.357693383177548 ], [ 127.134798133634206, 37.357659890828359 ], [ 127.134722804114318, 37.357553258917164 ], [ 127.134664641040061, 37.357470826239982 ], [ 127.134634960656882, 37.357441576611883 ], [ 127.134602789997302, 37.357404726028385 ], [ 127.134273466303213, 37.3565761569687 ], [ 127.134271871522969, 37.356573905789759 ], [ 127.134243052360674, 37.356526913181625 ], [ 127.134216067743935, 37.356496294466062 ], [ 127.133856779875401, 37.356088625485626 ], [ 127.133750713680868, 37.355968274275867 ], [ 127.133735666750667, 37.355937034399325 ], [ 127.133725760639706, 37.355918179227345 ], [ 127.133632676468864, 37.355433425100713 ], [ 127.133637800617862, 37.355340498378737 ], [ 127.133841408902285, 37.354786989516541 ], [ 127.133869531614891, 37.354732617648637 ], [ 127.134260388615772, 37.35415665254358 ], [ 127.134274044227197, 37.354098070545952 ], [ 127.13426707715665, 37.353982213938622 ], [ 127.134258417510239, 37.35383819826388 ], [ 127.134257690304224, 37.353827500191471 ], [ 127.134369750014116, 37.353267620123454 ], [ 127.134385718826948, 37.353220010592437 ], [ 127.13454052551694, 37.352905603893134 ], [ 127.134543663208603, 37.352878852389068 ], [ 127.134549250861184, 37.352847028251801 ], [ 127.134440470812024, 37.35236820309489 ], [ 127.134307887713888, 37.351784941030289 ], [ 127.134288448830063, 37.351766096985763 ], [ 127.133759805458823, 37.351500887663867 ], [ 127.133755751081722, 37.351499207550233 ], [ 127.133204963883131, 37.351375363424204 ], [ 127.133193313983739, 37.351369744125662 ], [ 127.132943468818908, 37.351178305599802 ], [ 127.132934255802653, 37.351171248917687 ], [ 127.13291323279293, 37.351149027651459 ], [ 127.132758317329333, 37.350594339559805 ], [ 127.132707030775094, 37.350410698092006 ], [ 127.132684478429752, 37.350318656190872 ], [ 127.132683218106365, 37.350308511700575 ], [ 127.132686462153458, 37.350245441074847 ], [ 127.132710053169191, 37.350118709335177 ], [ 127.13271431513742, 37.350037891800376 ], [ 127.132760621718091, 37.349590429557111 ], [ 127.132596888050116, 37.349541053480813 ], [ 127.132665367724769, 37.349337857857293 ], [ 127.132685153639102, 37.349297541763704 ], [ 127.132692549116882, 37.349282472841246 ], [ 127.132722932425182, 37.349209493714511 ], [ 127.132727466466719, 37.349183601091035 ], [ 127.132760817212585, 37.349093174046494 ], [ 127.132839615330937, 37.348876846512354 ], [ 127.132852796901346, 37.348852337305566 ], [ 127.132941839047987, 37.348736789273055 ], [ 127.132991830867141, 37.348688303847936 ], [ 127.133172736079686, 37.348472426211764 ], [ 127.133207242047021, 37.348438879097849 ], [ 127.133427958547244, 37.348300659820779 ], [ 127.134080271495364, 37.347901795580889 ], [ 127.134083964796901, 37.347898971247588 ], [ 127.13414008752008, 37.347618668056704 ], [ 127.134187950613693, 37.347379601089102 ], [ 127.134194088938742, 37.347348945935032 ], [ 127.134195649059762, 37.34733177035902 ], [ 127.134195600679362, 37.347304739472655 ], [ 127.134184125663595, 37.347196629715803 ], [ 127.134183580372436, 37.347189873049466 ], [ 127.134260693832189, 37.346710213114534 ], [ 127.134261906884291, 37.346702668665088 ], [ 127.134278828473072, 37.346699267771974 ], [ 127.134596578111598, 37.346672277869501 ], [ 127.134675182475647, 37.346665601601494 ], [ 127.134702679363201, 37.346661345440424 ], [ 127.135073879396714, 37.346557876306413 ], [ 127.135106647810233, 37.346542630398432 ], [ 127.135475109122993, 37.346193635830971 ], [ 127.135572121152137, 37.346110461027983 ], [ 127.136023666744521, 37.345778253839896 ], [ 127.136116626846842, 37.345694813727526 ], [ 127.136192451723332, 37.345607598124751 ], [ 127.13626267928494, 37.34552682278732 ], [ 127.136576720256386, 37.344823955491222 ], [ 127.136631844339291, 37.34478362556532 ], [ 127.137327018718167, 37.34452491218979 ], [ 127.137373193011911, 37.344507965265436 ], [ 127.137074767826732, 37.34388575565292 ], [ 127.137045284614075, 37.343865237999303 ], [ 127.136468572422146, 37.343513370831737 ], [ 127.136482280254413, 37.343487451240669 ], [ 127.136573811209573, 37.343302079436768 ], [ 127.136586638615697, 37.343274466128115 ], [ 127.136538312342481, 37.343069259607255 ], [ 127.136507507503183, 37.343004248958493 ], [ 127.136139342820258, 37.342419004731553 ], [ 127.136154719347772, 37.342371289385945 ], [ 127.136277701817733, 37.341989735902608 ], [ 127.136280487672423, 37.341972270198866 ], [ 127.136350833469692, 37.341765802245149 ], [ 127.136366756199351, 37.341702153842867 ], [ 127.136419176273819, 37.341134728369894 ], [ 127.136458453472329, 37.341113005780549 ], [ 127.136670171254295, 37.340988027283601 ], [ 127.136740688834166, 37.340973305155124 ], [ 127.137022121369469, 37.340982839387735 ], [ 127.13707907985669, 37.340985305452243 ], [ 127.137073257495572, 37.340784556102697 ], [ 127.137089255053056, 37.340764543925843 ], [ 127.137261530435879, 37.340568094135556 ], [ 127.137435396068611, 37.340373895213936 ], [ 127.137447709012392, 37.340356139582745 ], [ 127.137618440812417, 37.33996129300386 ], [ 127.137686336443721, 37.339804268526748 ], [ 127.137698672340392, 37.33979862396469 ], [ 127.137871811376499, 37.339722467704647 ], [ 127.137956495789325, 37.339685140874771 ], [ 127.137973590353681, 37.339677797310586 ], [ 127.137973224221327, 37.339668228875198 ], [ 127.137959287593617, 37.339427621522596 ], [ 127.137956300954684, 37.339376009813414 ], [ 127.137626043373302, 37.339421271382079 ], [ 127.137598645409042, 37.339425024662098 ], [ 127.137426141946307, 37.339448664999544 ], [ 127.137141508955111, 37.339617931740555 ], [ 127.137054150492077, 37.339674346554617 ], [ 127.13696348630728, 37.339684102613496 ], [ 127.136546413612393, 37.339728977551758 ], [ 127.136389461893174, 37.339642909547024 ], [ 127.136376380532298, 37.339635736671795 ], [ 127.136276257973961, 37.339580909448827 ], [ 127.136015897691095, 37.339589637273804 ], [ 127.135745902602281, 37.339598690008096 ], [ 127.135434168963855, 37.339482473151193 ], [ 127.135250808405985, 37.339328801206136 ], [ 127.135219440718657, 37.339302511108308 ], [ 127.134989712710862, 37.339115240827041 ], [ 127.134886030432781, 37.339073403942585 ], [ 127.134829770883471, 37.339050704660515 ], [ 127.134736010575736, 37.339142973183499 ], [ 127.134543349596782, 37.338909921478205 ], [ 127.134211065240464, 37.338686866888622 ], [ 127.134179195768354, 37.338665473997359 ], [ 127.134161862353096, 37.338653837584381 ], [ 127.134073153122642, 37.33864126833231 ], [ 127.134009735096441, 37.338624737240814 ], [ 127.133807370318664, 37.33865091558053 ], [ 127.133739758721987, 37.338659661563156 ], [ 127.133671542905915, 37.338672406890531 ], [ 127.13322037026434, 37.338769772142186 ], [ 127.133159492194153, 37.33877208203689 ], [ 127.132980172522551, 37.338727960980911 ], [ 127.132888172802467, 37.338705377948145 ], [ 127.132837812506637, 37.338706843264454 ], [ 127.132619982705123, 37.33874331588612 ], [ 127.132387649944576, 37.338782237179117 ], [ 127.132348444214671, 37.338785371159545 ], [ 127.132211805451732, 37.338752020628426 ], [ 127.132251299305182, 37.33864695521234 ], [ 127.131825644091762, 37.338536201246718 ], [ 127.131797068911595, 37.338528349578972 ], [ 127.131725435696026, 37.338502244211767 ], [ 127.131663937534938, 37.338419813875198 ], [ 127.131642709506139, 37.338386048551676 ], [ 127.131541992118969, 37.338259448886468 ], [ 127.131465306352112, 37.338167009020921 ], [ 127.131454715198871, 37.33815424304435 ], [ 127.13136743039135, 37.33804931473896 ], [ 127.13133649046371, 37.338005414555894 ], [ 127.131305745544893, 37.337961812429718 ], [ 127.131264573378047, 37.337912580187421 ], [ 127.131122450980527, 37.337804046491911 ], [ 127.130981419660827, 37.337720864818571 ], [ 127.130891595633614, 37.337675064599445 ], [ 127.130581544566468, 37.337523635650953 ], [ 127.130515581880601, 37.337507938439323 ], [ 127.130103931525767, 37.337439125670407 ], [ 127.129415857908938, 37.337321066738255 ], [ 127.129267239866834, 37.3373451350677 ], [ 127.128831256038055, 37.337486670294282 ], [ 127.128488975687844, 37.337550392149417 ], [ 127.128276002764395, 37.337529785427918 ], [ 127.128202967736456, 37.337508185864536 ], [ 127.128177727337587, 37.337499343263659 ], [ 127.127815898891512, 37.337372599171687 ], [ 127.12759775272859, 37.337298525443387 ], [ 127.127133664818899, 37.337371913971801 ], [ 127.127098657584952, 37.337368963369791 ], [ 127.126729278918518, 37.337337645377715 ], [ 127.126720287625716, 37.337336884182676 ], [ 127.12666519624014, 37.337349891326063 ], [ 127.126537380206059, 37.337363098863115 ], [ 127.126370624280568, 37.337380331475188 ], [ 127.125971833194242, 37.337409188530167 ], [ 127.125859372723951, 37.337429579252913 ], [ 127.125731873775919, 37.337458002323793 ], [ 127.125656326622462, 37.337474844583163 ], [ 127.125556282895545, 37.337503846488374 ], [ 127.125500611194113, 37.337519984470696 ], [ 127.125438457125227, 37.337340198194383 ], [ 127.125381744063915, 37.337265993175848 ], [ 127.125269877302557, 37.337119623324703 ], [ 127.125059575962609, 37.33693034914473 ], [ 127.124867025412513, 37.336817074483761 ], [ 127.124780260136035, 37.336797311367924 ], [ 127.124604918763055, 37.336757375378731 ], [ 127.124430486168407, 37.336724047374659 ], [ 127.124126497264413, 37.336709442218272 ], [ 127.124030263324883, 37.336702788882363 ], [ 127.123952899085566, 37.336713282127548 ], [ 127.123837537282512, 37.336728357952296 ], [ 127.123735720774803, 37.336741663153575 ], [ 127.123601244283591, 37.33676855282075 ], [ 127.12332401184176, 37.336846273200599 ], [ 127.123224830376728, 37.336872820505874 ], [ 127.123081153898497, 37.336911279321747 ], [ 127.122851725656687, 37.336993733525034 ], [ 127.122774435149424, 37.337018285156283 ], [ 127.1225066129971, 37.336817556607457 ], [ 127.122107959579139, 37.336518644368518 ], [ 127.121998458286015, 37.336360831370314 ], [ 127.121965307601613, 37.336313057430999 ], [ 127.12196369816634, 37.336310734823883 ], [ 127.121884218775321, 37.336196188643036 ], [ 127.121778707396118, 37.33592049494478 ], [ 127.121768173020186, 37.335892968078078 ], [ 127.121679017733939, 37.33566000992333 ], [ 127.121593649456443, 37.335500366364649 ], [ 127.121544510217589, 37.335408466064443 ], [ 127.121532599513117, 37.335386192560115 ], [ 127.121523285277945, 37.335354906283548 ], [ 127.121508398011173, 37.335304910123952 ], [ 127.121501923563628, 37.335283165093244 ], [ 127.121485984711796, 37.335237570642455 ], [ 127.121435293459839, 37.335122975624287 ], [ 127.12139149154352, 37.335023953351183 ], [ 127.12138298373732, 37.334996651968666 ], [ 127.121330002793954, 37.33483226779186 ], [ 127.121301061341413, 37.334786341450346 ], [ 127.121218472818882, 37.334655276851393 ], [ 127.121166723793422, 37.334598166963012 ], [ 127.121127186281413, 37.334569482626655 ], [ 127.121054482877085, 37.334534083087959 ], [ 127.120997288284258, 37.334488242847499 ], [ 127.120846223179711, 37.334398292598408 ], [ 127.120772777535763, 37.33420071481013 ], [ 127.1207472868563, 37.334429989152312 ], [ 127.120739464715143, 37.334500329929753 ], [ 127.120739212943221, 37.334500112789883 ], [ 127.120709983517713, 37.334474736995958 ], [ 127.120596383490494, 37.334364524371431 ], [ 127.120589375899343, 37.334357725274351 ], [ 127.120577196269252, 37.334348160361209 ], [ 127.120258945066283, 37.33428500494152 ], [ 127.120213710871838, 37.334276027962282 ], [ 127.119974364847636, 37.33422853153705 ], [ 127.119966258040634, 37.334224602493215 ], [ 127.119760477011496, 37.334098385372251 ], [ 127.119744488196247, 37.334091625866208 ], [ 127.119743190527288, 37.334091077257995 ], [ 127.119742803801714, 37.334090984073605 ], [ 127.119699733196569, 37.334080557210655 ], [ 127.119561302113055, 37.334047044795959 ], [ 127.119240515231155, 37.333969383284931 ], [ 127.119225346066173, 37.333966866469723 ], [ 127.118871466506434, 37.333932350493427 ], [ 127.118549071089177, 37.33390090233457 ], [ 127.118516641786798, 37.333897738470256 ], [ 127.118512397370992, 37.333890139615569 ], [ 127.118507427222397, 37.333880955585578 ], [ 127.11850129489261, 37.33386988120558 ], [ 127.118477890100024, 37.333871305643385 ], [ 127.11844866626835, 37.333873367520489 ], [ 127.118251175292741, 37.333887298681866 ], [ 127.118211322712014, 37.333890158185504 ], [ 127.118187881182919, 37.333892147616844 ], [ 127.118165436779236, 37.333892728689932 ], [ 127.118123524619023, 37.333889677434165 ], [ 127.118109069425444, 37.333888848373519 ], [ 127.118058511836296, 37.333890400513994 ], [ 127.118056949269473, 37.333890448651559 ], [ 127.118044265841888, 37.333890837667745 ], [ 127.117999729338493, 37.333892201901875 ], [ 127.117872257145549, 37.333896113316726 ], [ 127.117838404517457, 37.333896714268747 ], [ 127.117736849618808, 37.333896813455546 ], [ 127.11744259435045, 37.333419560616598 ], [ 127.117036311389271, 37.3333749084793 ], [ 127.116923610997304, 37.333375016864046 ], [ 127.11677426320729, 37.333462611321991 ], [ 127.116754363371442, 37.333474293736252 ], [ 127.116715094492164, 37.333521159426198 ], [ 127.116697758752821, 37.3335418477795 ], [ 127.116408195756392, 37.333887407788247 ], [ 127.116395690841699, 37.333899530556657 ], [ 127.116133126715468, 37.33399073398256 ], [ 127.116124671255051, 37.333995247734734 ], [ 127.115794727668231, 37.334179997613276 ], [ 127.115464305546183, 37.33437238335658 ], [ 127.11532631119799, 37.334452729659617 ], [ 127.115311528127251, 37.334466817138441 ], [ 127.115299211262212, 37.334484291031089 ], [ 127.115255216429802, 37.334538954076969 ], [ 127.115145053225376, 37.334675339727013 ], [ 127.115140833462249, 37.334682659681384 ], [ 127.115054382619064, 37.334882102247214 ], [ 127.115049809594851, 37.334888297921118 ], [ 127.114892155184464, 37.335019854206116 ], [ 127.114892234712627, 37.335020196991827 ], [ 127.114892253807255, 37.335021763663647 ], [ 127.114891932096725, 37.335023308494243 ], [ 127.114891278837305, 37.33502478734583 ], [ 127.11489031685889, 37.335026150716466 ], [ 127.114889073437894, 37.335027362639444 ], [ 127.114841444513416, 37.33506626196786 ], [ 127.114639888231807, 37.335230876651195 ], [ 127.114638540077749, 37.335231816913065 ], [ 127.114637022397872, 37.335232574542665 ], [ 127.114635373674275, 37.335233129834869 ], [ 127.114633637996505, 37.33523347031386 ], [ 127.114631856039878, 37.335233588901033 ], [ 127.11463007072831, 37.335233480327858 ], [ 127.114628330583756, 37.335233148357958 ], [ 127.114626676207934, 37.335232600334663 ], [ 127.114625152671891, 37.335231852629747 ], [ 127.11462379602041, 37.335230920684168 ], [ 127.114618449151294, 37.335226610865824 ], [ 127.114536405396308, 37.335284275700388 ], [ 127.114436755656783, 37.335354315925855 ], [ 127.114380028895923, 37.335382805952385 ], [ 127.114024249416033, 37.335518867468849 ], [ 127.113944361594875, 37.335558114584721 ], [ 127.113767553337851, 37.335644975605199 ], [ 127.113703943035929, 37.335673751107578 ], [ 127.1137018322095, 37.33567460053262 ], [ 127.113381485965974, 37.335729299482672 ], [ 127.113184472917922, 37.335762938850955 ], [ 127.113143575690486, 37.335769176131173 ], [ 127.113068299366915, 37.335802331739941 ], [ 127.113067987090716, 37.335802469532155 ], [ 127.113078501915254, 37.335762759995546 ], [ 127.113040051742857, 37.335753218363209 ], [ 127.113058259270176, 37.335697556014573 ], [ 127.113067968568998, 37.33566787266772 ], [ 127.113063677973329, 37.335627330504529 ], [ 127.11312408571419, 37.335462558128064 ], [ 127.113150273506022, 37.335407913381914 ], [ 127.113194190414589, 37.335300597294165 ], [ 127.113217404266138, 37.335264523987149 ], [ 127.113281011627521, 37.335199076731044 ], [ 127.113159522510287, 37.335278661383995 ], [ 127.112784698080944, 37.335527171546005 ], [ 127.112784445486454, 37.335527338377169 ], [ 127.112557227082988, 37.335677985949758 ], [ 127.112455475715379, 37.335745305342577 ], [ 127.112384490710852, 37.335733279966128 ], [ 127.112306889834514, 37.335706234701881 ], [ 127.112295052226912, 37.335702109025782 ], [ 127.112147922758652, 37.335651841430881 ], [ 127.111881019788513, 37.335553826474126 ], [ 127.111751376073627, 37.335505948533708 ], [ 127.111702316071074, 37.335487831014674 ], [ 127.111701253646942, 37.33548501069567 ], [ 127.111700007979266, 37.335482480923027 ], [ 127.111681462646402, 37.335475075560709 ], [ 127.111524832333046, 37.335412534280323 ], [ 127.111500126728657, 37.33540185465786 ], [ 127.111353147145621, 37.335321178299893 ], [ 127.111339729811974, 37.335313873557773 ], [ 127.111215467815654, 37.335218533086156 ], [ 127.111125636609316, 37.335158645408434 ], [ 127.111120339303184, 37.335155272135736 ], [ 127.111069439595539, 37.335098626661072 ], [ 127.110913539752445, 37.334925135326507 ], [ 127.11090365008188, 37.334913043154806 ], [ 127.110901346378597, 37.334907950858174 ], [ 127.110855697467201, 37.334807075304241 ], [ 127.110839452088456, 37.334771180945637 ], [ 127.110798046885222, 37.334674648684782 ], [ 127.110757588288976, 37.334616957558161 ], [ 127.110734290123077, 37.334595021385333 ], [ 127.11062307385464, 37.33450276899044 ], [ 127.110579703054796, 37.334469347962091 ], [ 127.110544396346313, 37.33444214238186 ], [ 127.110542057644025, 37.334440338220375 ], [ 127.110504806076719, 37.334407423154367 ], [ 127.110474586918258, 37.334392289443507 ], [ 127.110470746336631, 37.334390364958502 ], [ 127.110441088359337, 37.334413679921681 ], [ 127.11043023470323, 37.334426524095086 ], [ 127.110428949870965, 37.334448202714725 ], [ 127.110428743131408, 37.334449545099744 ], [ 127.110428287124066, 37.334450847002998 ], [ 127.110427594415128, 37.334452079621506 ], [ 127.110426676423259, 37.334453217754039 ], [ 127.110389494808146, 37.334492446244951 ], [ 127.110388401461691, 37.334493439577891 ], [ 127.110387138368623, 37.334494295341109 ], [ 127.110385732732709, 37.334494991990915 ], [ 127.110384212840074, 37.334495517001017 ], [ 127.110382612606983, 37.33449586056787 ], [ 127.110380967083231, 37.334496011990247 ], [ 127.110364139716566, 37.334496575827352 ], [ 127.11025516600057, 37.334596588078277 ], [ 127.110221510323498, 37.334628912693724 ], [ 127.110198823988569, 37.334650700177775 ], [ 127.110166602977372, 37.334678886732171 ], [ 127.110136119488459, 37.334696543599208 ], [ 127.110116927900066, 37.334707658450384 ], [ 127.110105472940475, 37.334713858295508 ], [ 127.110046989718811, 37.334747141240165 ], [ 127.110017913451074, 37.334757016539186 ], [ 127.109963608089657, 37.334760165445232 ], [ 127.10994950708259, 37.334762431915927 ], [ 127.109898747802944, 37.334775992678388 ], [ 127.109797230308914, 37.334803115944027 ], [ 127.109779784682559, 37.334811016746357 ], [ 127.109697171697007, 37.334863748464848 ], [ 127.109552369991391, 37.334955668197509 ], [ 127.109535124472515, 37.334976802876163 ], [ 127.109522294927473, 37.335012137242863 ], [ 127.109515286364669, 37.335031440735435 ], [ 127.10951392378611, 37.335037336713043 ], [ 127.109511249445319, 37.335048907094858 ], [ 127.109508966755598, 37.335054819866059 ], [ 127.109504223464626, 37.335067212694533 ], [ 127.109501453224652, 37.335102977770283 ], [ 127.109501478469284, 37.335120998368232 ], [ 127.109496753222572, 37.335264887287835 ], [ 127.109491487939437, 37.335283470916025 ], [ 127.109456682468505, 37.335358962506611 ], [ 127.109445781846091, 37.335382345439882 ], [ 127.109429070590522, 37.335406012056012 ], [ 127.109383285036259, 37.335449132848751 ], [ 127.109372542164337, 37.33545730540304 ], [ 127.109315465675337, 37.335487767679872 ], [ 127.109243797009228, 37.335523310623174 ], [ 127.10923918501615, 37.335525597531273 ], [ 127.10923811095364, 37.335526131210045 ], [ 127.109221593505481, 37.335559654193013 ], [ 127.109192925772035, 37.335610652776253 ], [ 127.10916829869727, 37.335654589719702 ], [ 127.109163589441664, 37.335661920460609 ], [ 127.109141022045364, 37.335661941455733 ], [ 127.10914101124132, 37.335752043983007 ], [ 127.109136975715089, 37.335762463294706 ], [ 127.109126573346231, 37.335764166801013 ], [ 127.109064539464939, 37.335784206974417 ], [ 127.109043386258151, 37.33578732618102 ], [ 127.108997392307913, 37.335803703807251 ], [ 127.108986882944208, 37.335805575506825 ], [ 127.108983124834893, 37.335806245435833 ], [ 127.108926294942819, 37.335805174243653 ], [ 127.108870053218808, 37.335804098658919 ], [ 127.108836199935354, 37.335803560382551 ], [ 127.108768500412268, 37.335802214309631 ], [ 127.108746834005288, 37.335801110574742 ], [ 127.108669357942887, 37.335797247893936 ], [ 127.108667138269809, 37.33579752448874 ], [ 127.108646159793935, 37.335803733252561 ], [ 127.108555390169684, 37.335819872450536 ], [ 127.108552919540401, 37.335820433050934 ], [ 127.108511496380899, 37.335830048088205 ], [ 127.108386889182214, 37.33586478796159 ], [ 127.108286953516014, 37.335887124290046 ], [ 127.108278316645055, 37.33589078957479 ], [ 127.108140550013729, 37.335964411075572 ], [ 127.108122397664786, 37.335974843086539 ], [ 127.108039430363689, 37.336027293929412 ], [ 127.107951873173448, 37.336081434926491 ], [ 127.107950282371107, 37.336082561796005 ], [ 127.107934043031008, 37.336104144854446 ], [ 127.107852969030645, 37.336211882945371 ], [ 127.107821823440204, 37.3362580884178 ], [ 127.107709986664858, 37.336399112671465 ], [ 127.107704954974096, 37.336405457068871 ], [ 127.107689114597775, 37.336422365024312 ], [ 127.107485340749577, 37.336582719962131 ], [ 127.107467374327229, 37.336596858987001 ], [ 127.107319611176933, 37.336713275706174 ], [ 127.107228726709934, 37.336784592742859 ], [ 127.107117940449029, 37.33686747690826 ], [ 127.107018423289887, 37.336941333161789 ], [ 127.107002223494973, 37.336951772385198 ], [ 127.10669053848261, 37.337115071911697 ], [ 127.106499012473066, 37.337214634009555 ], [ 127.10603335557046, 37.337463394663921 ], [ 127.106030741869091, 37.337464748855794 ], [ 127.105978384035396, 37.337491880175477 ], [ 127.105967622685398, 37.337496116002775 ], [ 127.105864021436346, 37.337544916271405 ], [ 127.105810453976559, 37.337568894945804 ], [ 127.105506491445794, 37.3377051619592 ], [ 127.104718121799536, 37.338058946622454 ], [ 127.10463744537762, 37.338093216346138 ], [ 127.104629129372384, 37.338096750832023 ], [ 127.104623056284865, 37.338102912239719 ], [ 127.104621903186597, 37.338104081088979 ], [ 127.104618737266463, 37.338107183894948 ], [ 127.104579846582254, 37.338161837436893 ], [ 127.104548872889339, 37.338205509706469 ], [ 127.104530914723355, 37.338226076989436 ], [ 127.104516661170223, 37.338242426450442 ], [ 127.104506620097595, 37.338252002557482 ], [ 127.104474213993427, 37.338279910191424 ], [ 127.10438493176602, 37.338361916296861 ], [ 127.104368367372459, 37.338371789668876 ], [ 127.104228425134579, 37.338413304551004 ], [ 127.104224785337749, 37.338414414600102 ], [ 127.104110960420599, 37.338405805022624 ], [ 127.103965897222707, 37.338427325048002 ], [ 127.103953220642623, 37.338431841821652 ], [ 127.103889436710816, 37.338471884166104 ], [ 127.103872178983863, 37.338484569272779 ], [ 127.103790458439761, 37.33855390062098 ], [ 127.103780071976104, 37.338566019218959 ], [ 127.103722002816923, 37.33865110752452 ], [ 127.103714260961922, 37.338666314107734 ], [ 127.103662432882487, 37.338802640014556 ], [ 127.103657342183297, 37.338819258932304 ], [ 127.103651378720826, 37.338838690854352 ], [ 127.103619971550501, 37.338954164892044 ], [ 127.103605551766279, 37.338995850729248 ], [ 127.103587822464917, 37.339047107203442 ], [ 127.103562343670347, 37.339105983258982 ], [ 127.103519255615637, 37.339187672052311 ], [ 127.103499201526745, 37.339228233894026 ], [ 127.103475466461305, 37.339278368728024 ], [ 127.103439244866934, 37.339353302985614 ], [ 127.103420253089624, 37.339386550024855 ], [ 127.103408764018695, 37.339404149822585 ], [ 127.103354969604808, 37.339486555317798 ], [ 127.103345987886144, 37.33949642151574 ], [ 127.103317821065446, 37.339527980128032 ], [ 127.103282771762892, 37.339554482318633 ], [ 127.103201899508818, 37.339600440460067 ], [ 127.10312470607586, 37.339630359015224 ], [ 127.102992187906978, 37.33968734526637 ], [ 127.10297668544041, 37.33969806209489 ], [ 127.102911870106212, 37.339753585338244 ], [ 127.102863967422451, 37.339796424236589 ], [ 127.102858513559539, 37.33980178088995 ], [ 127.102841255269055, 37.339822628786315 ], [ 127.102836332504523, 37.339829390678553 ], [ 127.102829641360628, 37.33984010011023 ], [ 127.102812218508063, 37.339864324940713 ], [ 127.102797082146367, 37.339889115402663 ], [ 127.102789342774301, 37.339897574158904 ], [ 127.102744938394025, 37.3399432199489 ], [ 127.102739156856259, 37.339949484092749 ], [ 127.102687212956326, 37.340005495713889 ], [ 127.102629643171056, 37.340067780085072 ], [ 127.102600955415639, 37.34009847775247 ], [ 127.102541960785047, 37.34016161541237 ], [ 127.102492306357732, 37.340210934639764 ], [ 127.102441410919994, 37.340261370097394 ], [ 127.102408672282891, 37.34030279230717 ], [ 127.10236172136014, 37.340401385776055 ], [ 127.102338157846205, 37.340450672742278 ], [ 127.102330782728686, 37.340470961570631 ], [ 127.102327541063573, 37.340551768876416 ], [ 127.102328174652499, 37.340581910624685 ], [ 127.102328297084597, 37.34058780970129 ], [ 127.102337727694632, 37.340650873467638 ], [ 127.102339341821718, 37.34067790242247 ], [ 127.102389571413653, 37.34104784649945 ], [ 127.102391728898326, 37.341083597278136 ], [ 127.102399267667067, 37.341139775304846 ], [ 127.102424145694158, 37.34132516026245 ], [ 127.102442306641578, 37.341462550921626 ], [ 127.102448393354962, 37.341523923251586 ], [ 127.102450260726172, 37.341605293954096 ], [ 127.102442354287092, 37.341758483018907 ], [ 127.102440737412451, 37.341866887166944 ], [ 127.102437781246053, 37.341900397940172 ], [ 127.102408505161307, 37.342027124430047 ], [ 127.102407037772068, 37.342033069541124 ], [ 127.102376405955454, 37.342156962016141 ], [ 127.102318621298238, 37.342322574853412 ], [ 127.102301560536532, 37.342358063619223 ], [ 127.10229251799494, 37.342377659076156 ], [ 127.102276454323615, 37.342412461630353 ], [ 127.10226113064212, 37.342445665810288 ], [ 127.102196555941788, 37.342554970570795 ], [ 127.102174612748414, 37.342592290738303 ], [ 127.102142724344546, 37.342646523492903 ], [ 127.102065450672185, 37.34274767480867 ], [ 127.101960342469525, 37.342866024592439 ], [ 127.101910514854509, 37.34292378623735 ], [ 127.101898199900432, 37.342946889656822 ], [ 127.101875504132082, 37.342989419941979 ], [ 127.101859152618317, 37.343023510273802 ], [ 127.101865858555115, 37.34302462081331 ], [ 127.101874322656343, 37.343026308747106 ], [ 127.101873990295275, 37.343027461401249 ], [ 127.101849933300102, 37.343110765750559 ], [ 127.101729317615565, 37.343095083089295 ], [ 127.101175366559715, 37.343023059431779 ], [ 127.101161676905008, 37.343021279016291 ], [ 127.100736964668101, 37.342983186202034 ], [ 127.100066740567826, 37.342923083216569 ], [ 127.099965311363022, 37.342923167543454 ], [ 127.100078151579979, 37.342914065578107 ], [ 127.100168295441762, 37.342913988984698 ], [ 127.100213562435911, 37.342904946937637 ], [ 127.100472997377281, 37.342913732113217 ], [ 127.100540572697753, 37.342922648751752 ], [ 127.100529236771521, 37.342877645793564 ], [ 127.100506573774453, 37.342805582869872 ], [ 127.100483895325951, 37.342724510547164 ], [ 127.100303295214587, 37.342697632362729 ], [ 127.10029200122257, 37.34268862993251 ], [ 127.100156494222745, 37.342625672703839 ], [ 127.100145348924912, 37.342625681005295 ], [ 127.100077510339347, 37.342634746780931 ], [ 127.100054952916366, 37.342643777215947 ], [ 127.099930862770663, 37.342679921422693 ], [ 127.099851898748696, 37.342698002954876 ], [ 127.09944679178642, 37.34269045215153 ], [ 127.099389321239187, 37.342689382310333 ], [ 127.099389135624151, 37.342653339808862 ], [ 127.09937886829178, 37.342620690232593 ], [ 127.099377804698747, 37.342617308240449 ], [ 127.099373412392069, 37.342616144100745 ], [ 127.099310069006918, 37.342599343195367 ], [ 127.099310034243885, 37.342572313250024 ], [ 127.099281345020486, 37.342569282070443 ], [ 127.099141006355808, 37.342554461095922 ], [ 127.099141158380263, 37.34267156412168 ], [ 127.09915054289749, 37.342675300611113 ], [ 127.099163742052625, 37.342680557139971 ], [ 127.099175083697219, 37.342725599908725 ], [ 127.099208666421291, 37.342725571265987 ], [ 127.099310242792427, 37.342734498328419 ], [ 127.099411845409463, 37.342761443173906 ], [ 127.099450901591624, 37.342771800724186 ], [ 127.099513448085489, 37.342788390636549 ], [ 127.099569898676421, 37.342806364240559 ], [ 127.099615133700865, 37.342878409090133 ], [ 127.099648964176765, 37.342896374604777 ], [ 127.09945642738252, 37.342881162820063 ], [ 127.099148934275007, 37.342856870119022 ], [ 127.098859101307838, 37.342833979564894 ], [ 127.09842994465896, 37.342825072776556 ], [ 127.098024106871222, 37.342816647487275 ], [ 127.097854921342645, 37.342888863833373 ], [ 127.097659234685381, 37.343057406429928 ], [ 127.097658598067852, 37.343072195086904 ], [ 127.09765854393811, 37.343073453235924 ], [ 127.097569600023974, 37.343147572640731 ], [ 127.097328983685827, 37.343351913564106 ], [ 127.097035160452151, 37.343594857544993 ], [ 127.09667898131552, 37.343887131915558 ], [ 127.096548810229834, 37.343990574436994 ], [ 127.096372469881047, 37.344128967326931 ], [ 127.096303948576406, 37.344182767922078 ], [ 127.096230311620587, 37.344240584712779 ], [ 127.096064711556181, 37.344369679955221 ], [ 127.095922195958693, 37.344480812601873 ], [ 127.095750612989136, 37.344614611117066 ], [ 127.095498886627723, 37.344818947236021 ], [ 127.095487782990702, 37.344827966380173 ], [ 127.095454140890197, 37.344855303905717 ], [ 127.095245213246173, 37.345021879001649 ], [ 127.094841967410531, 37.345339808650806 ], [ 127.094826811191723, 37.345349109506493 ], [ 127.094534762268353, 37.345459434368593 ], [ 127.094531758271174, 37.34546000456416 ], [ 127.094390897619434, 37.345481793996285 ], [ 127.094385075621872, 37.345482358131811 ], [ 127.094176859935786, 37.34551462299455 ], [ 127.094136308906698, 37.345521972581054 ], [ 127.094075657350956, 37.345531318256263 ], [ 127.093861265901523, 37.345558507310265 ], [ 127.093857914154057, 37.345559078097594 ], [ 127.093462496895498, 37.345731118304201 ], [ 127.093307498868427, 37.345798555334156 ], [ 127.093268380938298, 37.345816049219557 ], [ 127.093207118789763, 37.345846011511938 ], [ 127.093308408499794, 37.345850955923844 ], [ 127.093310354820133, 37.345851187059502 ], [ 127.09331221955685, 37.345851682020211 ], [ 127.093313946322979, 37.345852428894155 ], [ 127.093315488960698, 37.345853403185302 ], [ 127.093316793428514, 37.34585457676495 ], [ 127.093317822673484, 37.345855911647611 ], [ 127.093318548674688, 37.345857369878821 ], [ 127.09331894457425, 37.345858907198455 ], [ 127.093319001602623, 37.345860474901563 ], [ 127.093313786079008, 37.345932381119468 ], [ 127.093313509121245, 37.345933910717669 ], [ 127.093312910732593, 37.34593537701538 ], [ 127.093312004665265, 37.345936742201722 ], [ 127.093310820496995, 37.345937964914718 ], [ 127.093309392306949, 37.345939006511948 ], [ 127.093307764272154, 37.34593984010381 ], [ 127.093305980574527, 37.345940437899223 ], [ 127.093304095484086, 37.345940785662641 ], [ 127.093302163270835, 37.345940869158454 ], [ 127.093203760437262, 37.345938421586887 ], [ 127.093168190461114, 37.345937588977897 ], [ 127.093144815430989, 37.346001979190291 ], [ 127.093138662880847, 37.346018599384735 ], [ 127.093113717096074, 37.346099142399844 ], [ 127.0930796332851, 37.346200534539783 ], [ 127.093078067307417, 37.346223341382512 ], [ 127.093077023459728, 37.346235172965386 ], [ 127.093091622548684, 37.346342995369461 ], [ 127.09310373845021, 37.346451116600882 ], [ 127.093119298418699, 37.34656291560372 ], [ 127.093141550190296, 37.346622620492639 ], [ 127.093141929680144, 37.346624060406739 ], [ 127.093142010959284, 37.346625527238125 ], [ 127.093141790810918, 37.346626989427314 ], [ 127.09314127738611, 37.346628401031744 ], [ 127.093140482154979, 37.346629728739664 ], [ 127.093139429031112, 37.346630934775121 ], [ 127.09313814415205, 37.346631987679629 ], [ 127.093136660410011, 37.346632859623377 ], [ 127.093135019705031, 37.346633527314467 ], [ 127.093133265027205, 37.346633974675832 ], [ 127.093129289129834, 37.346634706446181 ], [ 127.093140216798517, 37.346713223031585 ], [ 127.093138810535322, 37.346717730523622 ], [ 127.093136884144371, 37.346737446181152 ], [ 127.093118222855253, 37.346762238565091 ], [ 127.093107900308368, 37.346777257075956 ], [ 127.093129100608891, 37.346824270467096 ], [ 127.093263394353983, 37.346797230141355 ], [ 127.093265272142531, 37.346796984209981 ], [ 127.093267174522509, 37.346796993454817 ], [ 127.093269047305924, 37.346797256788143 ], [ 127.093270839716212, 37.346797768627127 ], [ 127.093272498777068, 37.346798512564675 ], [ 127.093273976052544, 37.346799467702468 ], [ 127.093275232163222, 37.346800608666356 ], [ 127.093276230036224, 37.346801901076297 ], [ 127.093320121571779, 37.346871161083989 ], [ 127.093320814251669, 37.346872519146785 ], [ 127.093321222025111, 37.34687394924228 ], [ 127.093321336078688, 37.346875410777855 ], [ 127.093321149818152, 37.346876870379667 ], [ 127.093320670250947, 37.346878284805356 ], [ 127.093319911109987, 37.346879619849545 ], [ 127.093318889544477, 37.346880835910291 ], [ 127.09331763505476, 37.346881906047457 ], [ 127.093316178294486, 37.346882798818008 ], [ 127.093314560020119, 37.346883493630187 ], [ 127.093312822136667, 37.346883966290669 ], [ 127.09299459425516, 37.346948411501131 ], [ 127.092989203143034, 37.346958022438429 ], [ 127.092964721735314, 37.34698507978112 ], [ 127.092887549113712, 37.347029065871524 ], [ 127.09288727730187, 37.347029221776928 ], [ 127.092797145065049, 37.347081221581043 ], [ 127.092247934383082, 37.347306967155085 ], [ 127.092093003142907, 37.347370649432627 ], [ 127.09188801882766, 37.347457251396001 ], [ 127.091496229083063, 37.347622894022301 ], [ 127.091438807242255, 37.347647170998144 ], [ 127.091058035517023, 37.34780815490636 ], [ 127.091054155236236, 37.347809561172234 ], [ 127.090526525302778, 37.347943150022708 ], [ 127.090031313173242, 37.348063466017393 ], [ 127.090004695406066, 37.348069116485206 ], [ 127.089821482219662, 37.348100854565644 ], [ 127.089632498474955, 37.348133590907899 ], [ 127.089465542107817, 37.34816017933742 ], [ 127.08944226545583, 37.348166395624084 ], [ 127.089201514912475, 37.348279579477214 ], [ 127.089196929334321, 37.348281736789488 ], [ 127.08894610324856, 37.3484392737682 ], [ 127.088937303682386, 37.348444801123357 ], [ 127.088821241557, 37.348517695587141 ], [ 127.088170689842201, 37.348971775185248 ], [ 127.088165050004534, 37.348975726145682 ], [ 127.087850248653453, 37.34926540890531 ], [ 127.087656822668535, 37.349440401867511 ], [ 127.087353470446118, 37.349715712763285 ], [ 127.08734975758145, 37.349719094421808 ], [ 127.087220601803651, 37.349987618427484 ], [ 127.087165909510745, 37.350101324571696 ], [ 127.087149877986349, 37.350134655862405 ], [ 127.087076892633974, 37.35028637795817 ], [ 127.087052443942738, 37.350344393980869 ], [ 127.087031700407167, 37.350394253695669 ], [ 127.086839888308447, 37.350916695390971 ], [ 127.086836016699579, 37.350924304866695 ], [ 127.086658653253409, 37.351189126389663 ], [ 127.086635839233637, 37.351223191065991 ], [ 127.086620865274966, 37.351237564476868 ], [ 127.086556151964544, 37.351278294466319 ], [ 127.086085666291453, 37.351574419280006 ], [ 127.085950853147608, 37.351659271511288 ], [ 127.085934461926854, 37.351666040312352 ], [ 127.085795442666921, 37.351686744236744 ], [ 127.085159335566132, 37.351781471581042 ], [ 127.08514523034134, 37.351783176206645 ], [ 127.084312776853423, 37.351850205714996 ], [ 127.084300081361093, 37.351850772239857 ], [ 127.08363345934201, 37.351840549685726 ], [ 127.083328009006024, 37.351837940027707 ], [ 127.08332307475608, 37.35183794428071 ], [ 127.083176853539243, 37.351782579089033 ], [ 127.08266717602902, 37.351596247358025 ], [ 127.082636109340044, 37.351581627290024 ], [ 127.082546594381327, 37.35152763948296 ], [ 127.082229009984417, 37.351336096658109 ], [ 127.081897601563242, 37.351133314350704 ], [ 127.081849543147925, 37.351046054656749 ], [ 127.081849521144406, 37.351028035931876 ], [ 127.081800668070954, 37.350865036498639 ], [ 127.081682068604223, 37.350775303622761 ], [ 127.0816194267951, 37.350730853927629 ], [ 127.081550077167847, 37.350695139211112 ], [ 127.081233800503725, 37.350476789392282 ], [ 127.081097408736468, 37.350382626641874 ], [ 127.080975094707853, 37.350282184087867 ], [ 127.08071441055489, 37.350010906762058 ], [ 127.080703134295632, 37.350118724500227 ], [ 127.080104325462401, 37.349895613827513 ], [ 127.079441188967039, 37.349656434146617 ], [ 127.079433282634852, 37.349655310857827 ], [ 127.079386534537988, 37.349653626721064 ], [ 127.078100712741318, 37.349607192160803 ], [ 127.078086438748485, 37.349610853148242 ], [ 127.077101957366878, 37.350038064636244 ], [ 127.077092740609245, 37.350042900056671 ], [ 127.077091738424912, 37.350043424684337 ], [ 127.076264615074152, 37.350538384285827 ], [ 127.076258458063691, 37.350545426369401 ], [ 127.076238727798611, 37.350566000967824 ], [ 127.076088833219899, 37.350931566896271 ], [ 127.076019604769769, 37.351098000713037 ], [ 127.075987145682959, 37.351176034265244 ], [ 127.07593823462517, 37.351293763419861 ], [ 127.075612955913996, 37.352096156205903 ], [ 127.075537631843702, 37.352259513949335 ], [ 127.075483786263689, 37.35237723780407 ], [ 127.07534759357047, 37.352692402351494 ], [ 127.075342675466118, 37.352706768959628 ], [ 127.075268166710728, 37.352988940673043 ], [ 127.075173444196651, 37.353323504700441 ], [ 127.075166047704073, 37.353342655049502 ], [ 127.075121041437569, 37.353417989597226 ], [ 127.075101257470436, 37.353451107438801 ], [ 127.07489628811895, 37.353765744909616 ], [ 127.074831826208367, 37.353857291993251 ], [ 127.074647465930866, 37.354148543700703 ], [ 127.074645181279109, 37.354152214026925 ], [ 127.074557853350157, 37.354306001204911 ], [ 127.074500114381564, 37.354413600656613 ], [ 127.07446595028857, 37.354476692603747 ], [ 127.074386732650211, 37.354620624262353 ], [ 127.074294840149051, 37.354791307442753 ], [ 127.074249949637618, 37.354872427123865 ], [ 127.074233055279805, 37.354906791906721 ], [ 127.074194686110246, 37.354998603796993 ], [ 127.074150884286311, 37.355107033828084 ], [ 127.0740745304347, 37.355296862230418 ], [ 127.074010476912463, 37.355451202389744 ], [ 127.074009419258999, 37.35545373326746 ], [ 127.073418375520575, 37.355948808360502 ], [ 127.073195102895923, 37.356140411077035 ], [ 127.073190177186675, 37.356144640616286 ], [ 127.072942445773549, 37.356397353920215 ], [ 127.072505133200877, 37.35684249645707 ], [ 127.072478863684523, 37.356865604888256 ], [ 127.072342794780724, 37.356973771905366 ], [ 127.072261927767059, 37.357038054508116 ], [ 127.072139267477013, 37.357135267505562 ], [ 127.072143260446396, 37.357137629146727 ], [ 127.072151849609938, 37.35714270885358 ], [ 127.072183030374518, 37.357161145821188 ], [ 127.072179552668885, 37.357163297460936 ], [ 127.072100014465008, 37.357212446950015 ], [ 127.071840923487926, 37.357394489922783 ], [ 127.071838453841409, 37.357395897955676 ], [ 127.071760705559157, 37.357431424800076 ], [ 127.07154457485214, 37.35753037822915 ], [ 127.071422055190851, 37.357585079113335 ], [ 127.071219149519351, 37.35767755385536 ], [ 127.070906927948059, 37.357817962031753 ], [ 127.070593307857422, 37.357965400485845 ], [ 127.070579902093428, 37.357971318965959 ], [ 127.070597907632418, 37.357986516725376 ], [ 127.070335744586586, 37.358086350022312 ], [ 127.069978192160306, 37.358227342813031 ], [ 127.069964267847894, 37.358232693270047 ], [ 127.069640730273477, 37.358345227684424 ], [ 127.069312786553112, 37.358461143374647 ], [ 127.069085401776405, 37.358538930128141 ], [ 127.068964038126126, 37.358580449053456 ], [ 127.068903390318354, 37.358602162254769 ], [ 127.068839379662123, 37.358623877589203 ], [ 127.068790015207227, 37.358638826429718 ], [ 127.068530814698875, 37.358711900881524 ], [ 127.068523937743237, 37.358713878666087 ], [ 127.068241992945261, 37.358786398994454 ], [ 127.067954576335751, 37.35886427450135 ], [ 127.06790379162274, 37.358877537608002 ], [ 127.067741220484734, 37.358920428070647 ], [ 127.067623981306639, 37.358952755780059 ], [ 127.067609325554429, 37.358956821520387 ], [ 127.067292645586917, 37.359045415831389 ], [ 127.067281711153143, 37.359048792066545 ], [ 127.06713273170871, 37.359113707989572 ], [ 127.067032595725706, 37.359157340627753 ], [ 127.066624990217989, 37.359344526889501 ], [ 127.066600298329902, 37.359352424461974 ], [ 127.066425903952279, 37.359392498941503 ], [ 127.066268839173844, 37.359428336218691 ], [ 127.06617850096579, 37.359448948524957 ], [ 127.066042379288533, 37.359483098305951 ], [ 127.065877498456601, 37.359522319917517 ], [ 127.065850524444571, 37.359528813618972 ], [ 127.065596077864868, 37.359595401905473 ], [ 127.065464749496101, 37.359630095029466 ], [ 127.065240413673564, 37.359689353159034 ], [ 127.06500937233379, 37.359750531383035 ], [ 127.064942066638181, 37.359768352936449 ], [ 127.064934478727878, 37.359770609127487 ], [ 127.064630152077584, 37.359879463301674 ], [ 127.064168367430909, 37.360043577186033 ], [ 127.064163436412059, 37.360045273444044 ], [ 127.063942516047163, 37.360134087156325 ], [ 127.063817333154162, 37.360186799876317 ], [ 127.063477319315851, 37.360323521767647 ], [ 127.063186303326944, 37.36044054096709 ], [ 127.063178340120885, 37.360441674340947 ], [ 127.06297174508633, 37.360444446426264 ], [ 127.062850883103152, 37.360446067580988 ], [ 127.062488078584408, 37.360445976406915 ], [ 127.062461741087887, 37.360442897218121 ], [ 127.062039383663119, 37.360393272514088 ], [ 127.062031321815013, 37.360392723468536 ], [ 127.061058195686897, 37.360685194701801 ], [ 127.061055552250664, 37.360685754564962 ], [ 127.060716599277939, 37.360728155533664 ], [ 127.060377465194719, 37.360770565673157 ], [ 127.060356511043196, 37.360771701951741 ], [ 127.059916115934172, 37.360774453074789 ], [ 127.05954396630537, 37.360779417207787 ], [ 127.059491558497598, 37.360779133709102 ], [ 127.059307266813946, 37.360778128145249 ], [ 127.058979911114051, 37.360769558198221 ], [ 127.058629978367861, 37.360761005860027 ], [ 127.058134358627242, 37.360746036748715 ], [ 127.058131927869937, 37.360745757254023 ], [ 127.057954482841396, 37.360731479792058 ], [ 127.057739631550248, 37.360706245639292 ], [ 127.057721285112791, 37.360701749458549 ], [ 127.057211977188857, 37.360537833415144 ], [ 127.056850678217046, 37.360420871066744 ], [ 127.056828445109829, 37.360412716804909 ], [ 127.056037173997652, 37.360081960590833 ], [ 127.055732312748859, 37.359955956673851 ], [ 127.055727028256214, 37.359953986237457 ], [ 127.055547610177769, 37.359946470734073 ], [ 127.055374606395816, 37.359956337862251 ], [ 127.055238954470838, 37.359964062892942 ], [ 127.055228524240817, 37.359963785709432 ], [ 127.055051995172292, 37.35999483958711 ], [ 127.054527237419862, 37.360084846766689 ], [ 127.054291567337941, 37.360125269255562 ], [ 127.054288925001856, 37.360125828971618 ], [ 127.054277985395359, 37.360132055951382 ], [ 127.053937912938054, 37.360325616463363 ], [ 127.053932929794868, 37.360328446034522 ], [ 127.05366745729026, 37.360479197457586 ], [ 127.053659528237617, 37.360484263944514 ], [ 127.053545119058938, 37.360573290601096 ], [ 127.053322243947065, 37.360744153171659 ], [ 127.053263250556526, 37.360789379795058 ], [ 127.053100280730462, 37.360917982499423 ], [ 127.053092960560591, 37.360923759733438 ], [ 127.05309190326679, 37.360926860093585 ], [ 127.052958851559808, 37.361344197697839 ], [ 127.052957447347637, 37.361351524220254 ], [ 127.052935448015617, 37.361685469265218 ], [ 127.052896596427502, 37.362135717000811 ], [ 127.052896947194611, 37.362137122677431 ], [ 127.052898375154669, 37.36214387941461 ], [ 127.053044045669921, 37.362387660249794 ], [ 127.053177018576605, 37.362613704243643 ], [ 127.053178781440437, 37.362620739867232 ], [ 127.053184441387359, 37.362640162559359 ], [ 127.053189912960008, 37.363162751267758 ], [ 127.053180939197588, 37.363196544368535 ], [ 127.05307382558577, 37.363321649680657 ], [ 127.052686058039114, 37.363774538985432 ], [ 127.052682786245384, 37.363777813044265 ], [ 127.052668606217892, 37.363791999421139 ], [ 127.052398018418415, 37.364016811152375 ], [ 127.052369640619276, 37.364035969859472 ], [ 127.051976663893342, 37.364253657972888 ], [ 127.051971329591225, 37.364256612321704 ], [ 127.051702804569857, 37.364403421212657 ], [ 127.051312785005436, 37.364625096995681 ], [ 127.051215461913813, 37.364680411417218 ], [ 127.05089138705037, 37.36486638174263 ], [ 127.050869525768704, 37.364874553570672 ], [ 127.050865474997295, 37.364875681138784 ], [ 127.050752413372166, 37.364883045094309 ], [ 127.050537760362104, 37.36489721775213 ], [ 127.050507746060504, 37.364899036252396 ], [ 127.050311760594553, 37.364910909712009 ], [ 127.050303712492735, 37.364911397406978 ], [ 127.050301029871875, 37.364913943521159 ], [ 127.050285906328213, 37.364928299085499 ], [ 127.050216131659184, 37.36504433341527 ], [ 127.050141674794347, 37.365152776499158 ], [ 127.050141446672455, 37.365154289949736 ], [ 127.050140939348537, 37.365155658117658 ], [ 127.050140165986633, 37.365156945952258 ], [ 127.050139149371518, 37.365158120189207 ], [ 127.050137912266507, 37.365159151169507 ], [ 127.050136733525363, 37.365159864184704 ], [ 127.050133485635484, 37.365164591287076 ], [ 127.050118500689578, 37.365175579801068 ], [ 127.050090203861785, 37.36518365489561 ], [ 127.05001291511978, 37.365223135168108 ], [ 127.050011189726092, 37.365223858721627 ], [ 127.050009332562155, 37.365224332992945 ], [ 127.050007401286166, 37.365224547384862 ], [ 127.050005452427143, 37.365224491295884 ], [ 127.050003543557224, 37.365224168550597 ], [ 127.050001734464033, 37.365223590192961 ], [ 127.050000075890154, 37.36522276903542 ], [ 127.049998619610577, 37.365221734119089 ], [ 127.049997409495219, 37.365220514455011 ], [ 127.049990525142093, 37.365212204581603 ], [ 127.04989084332648, 37.365243528618706 ], [ 127.049843742870195, 37.365256226481904 ], [ 127.049824340283322, 37.365260738857025 ], [ 127.0495642763494, 37.365309858263366 ], [ 127.049541987887636, 37.365314067554834 ], [ 127.04951870614498, 37.365320834780533 ], [ 127.049500542842836, 37.365322247470161 ], [ 127.049483796585392, 37.365331823042077 ], [ 127.049341347889651, 37.365459717991016 ], [ 127.049298341394916, 37.365499723212544 ], [ 127.049079915179547, 37.365693240798898 ], [ 127.049051716629151, 37.365713526108529 ], [ 127.048857578544826, 37.365825952204339 ], [ 127.048823373561433, 37.365845958556768 ], [ 127.048574590272295, 37.365987968127264 ], [ 127.048553951570241, 37.365998951086752 ], [ 127.048427523112366, 37.366061235139064 ], [ 127.048316610783914, 37.366115330685332 ], [ 127.04811576306011, 37.366208620677881 ], [ 127.047998146659381, 37.36626722424927 ], [ 127.047972596017985, 37.366279203288627 ], [ 127.047921801628135, 37.366303016500133 ], [ 127.047781257123333, 37.366358258405775 ], [ 127.047676674673866, 37.366396592588046 ], [ 127.047484813062027, 37.366468749669366 ], [ 127.047420807171406, 37.366493552309905 ], [ 127.047355423409144, 37.366519678276049 ], [ 127.047240220308922, 37.366565712472557 ], [ 127.047231927143173, 37.366574436727753 ], [ 127.047194708792148, 37.366626312864874 ], [ 127.047174132754961, 37.366654993507751 ], [ 127.047092179155925, 37.366770741351168 ], [ 127.047005467902423, 37.366880583102287 ], [ 127.046997705946978, 37.366891856673483 ], [ 127.046969329738133, 37.366933820779586 ], [ 127.046837861255938, 37.367108442567343 ], [ 127.046828156230788, 37.367127882391387 ], [ 127.046781873128779, 37.367280784524056 ], [ 127.046735382551034, 37.367429470988803 ], [ 127.046722531164619, 37.367457910736832 ], [ 127.046681079806007, 37.367516072924872 ], [ 127.046629993866503, 37.367587756716397 ], [ 127.046583814654966, 37.36765252949013 ], [ 127.046537648904689, 37.367717304099301 ], [ 127.046516149923306, 37.367749126896449 ], [ 127.046501063576869, 37.367771347545492 ], [ 127.046480193376695, 37.367802083880356 ], [ 127.046456928049125, 37.367826025443073 ], [ 127.046433832710534, 37.367849116750854 ], [ 127.046395362410095, 37.367887018243756 ], [ 127.046352918022777, 37.36792883449526 ], [ 127.046344811970116, 37.367948830250548 ], [ 127.046309453904186, 37.3681017290074 ], [ 127.04629820509092, 37.368167066505158 ], [ 127.046293453802946, 37.368185647339935 ], [ 127.046081846455124, 37.36829694897903 ], [ 127.046073383007112, 37.368298079276947 ], [ 127.045943429493789, 37.368313897227871 ], [ 127.045922394604005, 37.368314180630811 ], [ 127.045887999369825, 37.368308285158157 ], [ 127.045710221623025, 37.368297374506412 ], [ 127.045703665105094, 37.368297097838187 ], [ 127.045656229977368, 37.368318227841691 ], [ 127.045530953212435, 37.368381944570302 ], [ 127.045394186998337, 37.368451504813542 ], [ 127.045384481165812, 37.368456014064449 ], [ 127.045252748010341, 37.368496049882566 ], [ 127.045094196678505, 37.368545097155867 ], [ 127.045090668448765, 37.368549603101023 ], [ 127.045033388659363, 37.368631274881523 ], [ 127.044978231901894, 37.368712954800458 ], [ 127.044962009821546, 37.368731260695533 ], [ 127.044891696293661, 37.368780308218419 ], [ 127.044839635624342, 37.368816622753585 ], [ 127.044834569203147, 37.368820001455688 ], [ 127.044581268353738, 37.368811365567943 ], [ 127.0445683867583, 37.36881081209556 ], [ 127.0443780471293, 37.368803277209977 ], [ 127.044242756732828, 37.368801073989644 ], [ 127.044241550057791, 37.368783048967948 ], [ 127.044197199658242, 37.368784761943019 ], [ 127.044084354146008, 37.368789306228464 ], [ 127.044055111883708, 37.368791850770094 ], [ 127.044008904395668, 37.368807625241139 ], [ 127.043658815210861, 37.36890631366699 ], [ 127.043627606346206, 37.368917300042682 ], [ 127.043463054414744, 37.368978744773109 ], [ 127.04344930807973, 37.368983533920343 ], [ 127.043348436670257, 37.369020169552222 ], [ 127.043327621021476, 37.369024121952414 ], [ 127.043135182898908, 37.369035165202376 ], [ 127.043067912419005, 37.369038074583358 ], [ 127.043023486042145, 37.369039995944178 ], [ 127.042977625010877, 37.369041416887569 ], [ 127.0429100388466, 37.369041443249998 ], [ 127.042796993692761, 37.369032470256386 ], [ 127.042740547668032, 37.36903249181173 ], [ 127.042718011108477, 37.369031373503766 ], [ 127.042658409240232, 37.369028667864782 ], [ 127.042582708124257, 37.369025232913913 ], [ 127.042436403604341, 37.369026963716763 ], [ 127.042355624381671, 37.369032903147449 ], [ 127.042339220128014, 37.369034602770164 ], [ 127.042016632484561, 37.369116931751812 ], [ 127.041883656850601, 37.369158370553002 ], [ 127.041665148236348, 37.369237283417036 ], [ 127.041652270353183, 37.369240938179843 ], [ 127.041356132966527, 37.36930383857522 ], [ 127.041081911411538, 37.369364751896249 ], [ 127.040907993174699, 37.369370716502374 ], [ 127.040901678797482, 37.369371279691478 ], [ 127.040388388787619, 37.369402655217371 ], [ 127.04031362676912, 37.369407224904919 ], [ 127.039999166000811, 37.369365390671632 ], [ 127.039920889301484, 37.369354993466537 ], [ 127.039897779492748, 37.369354159029633 ], [ 127.039713137867295, 37.369370831810286 ], [ 127.039501122025996, 37.369384974817947 ], [ 127.03949689014965, 37.369386101289571 ], [ 127.039327047782436, 37.369442470125151 ], [ 127.038954921911895, 37.369578300125426 ], [ 127.038667065970102, 37.369627388087707 ], [ 127.038437673863271, 37.369659759397656 ], [ 127.03834710746284, 37.369672539018168 ], [ 127.038331246152751, 37.369675354307581 ], [ 127.038278502685543, 37.369697338561238 ], [ 127.038269316715855, 37.369711093796177 ], [ 127.038247660859923, 37.369743525590643 ], [ 127.03814520654899, 37.369804376046616 ], [ 127.038056679283827, 37.369858464582279 ], [ 127.038000777266873, 37.369886069991708 ], [ 127.037891619485606, 37.369952843140013 ], [ 127.037849293892947, 37.369973966524952 ], [ 127.037797977242406, 37.370004111812385 ], [ 127.037738204879275, 37.37003848574782 ], [ 127.03754844883666, 37.3701489200023 ], [ 127.037480224651532, 37.370192004132214 ], [ 127.037468171824884, 37.370191454028486 ], [ 127.037292780731917, 37.370184398853894 ], [ 127.03727228968809, 37.370183574148527 ], [ 127.037266720927079, 37.370183350452571 ], [ 127.037260332516851, 37.370183080283319 ], [ 127.037241224148971, 37.370190847515751 ], [ 127.036929652072104, 37.370317486804446 ], [ 127.036759101983691, 37.370387647465577 ], [ 127.036700554619344, 37.370411306475248 ], [ 127.036652048263136, 37.370424557814459 ], [ 127.036415863869522, 37.370446873446305 ], [ 127.036325552309151, 37.370456757284117 ], [ 127.036167510474726, 37.370474823174121 ], [ 127.03598781068338, 37.370489514754929 ], [ 127.035984498680222, 37.370489800117447 ], [ 127.035700552657815, 37.370599409326424 ], [ 127.03559013858191, 37.370640834044707 ], [ 127.035579561886649, 37.370643936522271 ], [ 127.035463337856513, 37.370668179665074 ], [ 127.035455435350073, 37.370669850429096 ], [ 127.035454159746152, 37.370670117635136 ], [ 127.035342231022, 37.370627109449856 ], [ 127.035306404163848, 37.370609938044893 ], [ 127.035297055832231, 37.370604318176078 ], [ 127.035177777702586, 37.370544938965025 ], [ 127.035152594370274, 37.370534530021587 ], [ 127.035029821630928, 37.370532873829809 ], [ 127.034916960496204, 37.37053486740885 ], [ 127.034912027777054, 37.370535158086106 ], [ 127.034773414879368, 37.370610936261372 ], [ 127.034695144668191, 37.370656084879379 ], [ 127.034690887492644, 37.370658541513599 ], [ 127.03468030271371, 37.37066952913829 ], [ 127.034663723578404, 37.370681354895623 ], [ 127.034646468094223, 37.37070796420295 ], [ 127.034612774618751, 37.370759927701904 ], [ 127.034541036931202, 37.370875396825063 ], [ 127.034538566269177, 37.370879344153451 ], [ 127.034506849574285, 37.37094804498475 ], [ 127.034465412201598, 37.370984376901752 ], [ 127.034254287221017, 37.371044985459086 ], [ 127.034007713801842, 37.371120503391111 ], [ 127.033973679456267, 37.371129244263166 ], [ 127.033875245388671, 37.3711515170179 ], [ 127.033625144894842, 37.371218882603792 ], [ 127.033611214908547, 37.371221427249118 ], [ 127.033413657981754, 37.37124653743799 ], [ 127.033289118936324, 37.37126346610178 ], [ 127.03315366294045, 37.371280955466567 ], [ 127.033115033022113, 37.371286029171209 ], [ 127.033083459890619, 37.371292515239567 ], [ 127.033015729574913, 37.371310554828206 ], [ 127.032980986495815, 37.371321546061338 ], [ 127.03293319549239, 37.371344364121796 ], [ 127.032870231170861, 37.371365501556511 ], [ 127.032699669604384, 37.371422139218495 ], [ 127.032541820399842, 37.371478772795605 ], [ 127.032474440821716, 37.371497938379271 ], [ 127.032323972360743, 37.371523034570544 ], [ 127.032220009849098, 37.371531504711797 ], [ 127.032201561643987, 37.37152758015575 ], [ 127.032169100937338, 37.371518010723371 ], [ 127.03213522444284, 37.371499998780301 ], [ 127.032118075700353, 37.371484697647539 ], [ 127.032103997732705, 37.371472138034214 ], [ 127.032095780701169, 37.371464052612453 ], [ 127.031935305080637, 37.371534684209294 ], [ 127.031928715219507, 37.371539192062421 ], [ 127.031926660003435, 37.371540597289894 ], [ 127.031809567631925, 37.371628189472652 ], [ 127.031748369206753, 37.371663127991319 ], [ 127.031571007129983, 37.371747911474799 ], [ 127.031565974314859, 37.371747393079438 ], [ 127.031562865891104, 37.371747076102089 ], [ 127.031475019245377, 37.371743447118952 ], [ 127.031466022907765, 37.371743723357078 ], [ 127.031397272426688, 37.371756420011721 ], [ 127.031372943575832, 37.371757727963349 ], [ 127.031307837296993, 37.371761226919439 ], [ 127.031298321835877, 37.371764886664323 ], [ 127.031233057352225, 37.371793627148918 ], [ 127.031152099789409, 37.371827427019419 ], [ 127.031142936104189, 37.371830817732743 ], [ 127.031136284581905, 37.37183360726992 ], [ 127.031056686483666, 37.371825900390512 ], [ 127.030953721339358, 37.371815944693019 ], [ 127.030938761854557, 37.371820731174488 ], [ 127.030867858725188, 37.371859879842759 ], [ 127.030857452106503, 37.371866081509303 ], [ 127.030772089091016, 37.371891439362663 ], [ 127.03076379215959, 37.37189510930699 ], [ 127.030716530305654, 37.371915673317581 ], [ 127.030696780429253, 37.371930876917538 ], [ 127.030685312437797, 37.371943557069336 ], [ 127.030650931457174, 37.37198551680148 ], [ 127.030603867265157, 37.372047754067694 ], [ 127.030601215453444, 37.372055358386078 ], [ 127.0305834082302, 37.372072536483842 ], [ 127.030577764701434, 37.372077042608616 ], [ 127.030500948071619, 37.37209363222707 ], [ 127.030368858123367, 37.372122131273663 ], [ 127.030317918925221, 37.372113484882426 ], [ 127.030249673953506, 37.372101901549954 ], [ 127.030233301277676, 37.372099655184471 ], [ 127.030129935574323, 37.372103901095656 ], [ 127.030124500708425, 37.372104463596827 ], [ 127.030047119955555, 37.372117680425923 ], [ 127.030039082377272, 37.37211126853348 ], [ 127.0300127603346, 37.372098578895567 ], [ 127.02999621737699, 37.372095205999301 ], [ 127.029962348436797, 37.37209521291728 ], [ 127.029945806234522, 37.37209859764905 ], [ 127.029909650125873, 37.372109299327441 ], [ 127.029854437639656, 37.372120864480301 ], [ 127.029843499661169, 37.37212423722287 ], [ 127.0298112813839, 37.372134462372372 ], [ 127.029793036783659, 37.372140256008251 ], [ 127.029777272368648, 37.372134109030519 ], [ 127.029747858295664, 37.372126803591456 ], [ 127.029655599227013, 37.372131045474859 ], [ 127.029651755182385, 37.372131329445232 ], [ 127.02961912921009, 37.372153303286439 ], [ 127.029587916728104, 37.372165412649927 ], [ 127.029580681368103, 37.372169081324856 ], [ 127.029528655246352, 37.372191617954243 ], [ 127.029428293804415, 37.372229646235191 ], [ 127.029420358951739, 37.372235001299721 ], [ 127.029409070601616, 37.372244013432166 ], [ 127.02933006672346, 37.372307103794761 ], [ 127.029315079337636, 37.37231668529035 ], [ 127.02925976131452, 37.372320339250216 ], [ 127.029245673173918, 37.372311628143343 ], [ 127.029238614388305, 37.3723040248654 ], [ 127.029208427003397, 37.372249133365166 ], [ 127.029202429991216, 37.372240970048821 ], [ 127.029183893560358, 37.372211403167938 ], [ 127.029172248148242, 37.372196765299982 ], [ 127.029159191846603, 37.372183252142221 ], [ 127.029104486877898, 37.372137087498729 ], [ 127.029086488965874, 37.372125270881746 ], [ 127.029038641458996, 37.372106454282559 ], [ 127.02901133495817, 37.372095716492623 ], [ 127.028993863013412, 37.372085583927678 ], [ 127.028947822485733, 37.372075458364826 ], [ 127.028856438988726, 37.372059433822159 ], [ 127.028853263604759, 37.372057182149383 ], [ 127.028826976971132, 37.372040852624245 ], [ 127.028809508723171, 37.372029593324122 ], [ 127.028788336775676, 37.372022002296411 ], [ 127.028745980679602, 37.372006245101758 ], [ 127.028710875775246, 37.37198429547491 ], [ 127.028658480575913, 37.371951355835058 ], [ 127.02864140372364, 37.371942351515244 ], [ 127.0280995175995, 37.371955988192163 ], [ 127.027967445125839, 37.371959063058085 ], [ 127.02791626624051, 37.371960251416027 ], [ 127.027913369276504, 37.371964760263893 ], [ 127.02785453394452, 37.372177351589329 ], [ 127.027830909380924, 37.372262673664991 ], [ 127.027775601996993, 37.372479210834584 ], [ 127.027762044161719, 37.37254735676499 ], [ 127.027753118984222, 37.372591754556929 ], [ 127.027716431565381, 37.372774307465598 ], [ 127.027715370016452, 37.372778253064872 ], [ 127.027704819332683, 37.372848083950785 ], [ 127.027706235594124, 37.372866104546553 ], [ 127.027725502626822, 37.372984079919426 ], [ 127.027897872636572, 37.374035980219588 ], [ 127.027905116352827, 37.374092292966857 ], [ 127.027944146848554, 37.374740169790677 ], [ 127.027944051633483, 37.374947123922638 ], [ 127.027928118419851, 37.375299084346928 ], [ 127.027914995901952, 37.375614162583823 ], [ 127.027917827143412, 37.375631336113941 ], [ 127.027941685113859, 37.3757388935759 ], [ 127.028005106655996, 37.376006086051632 ], [ 127.028005987813856, 37.376007501125429 ], [ 127.028320738980767, 37.376579855199125 ], [ 127.02834510855196, 37.376656715493525 ], [ 127.027995279130266, 37.377148975366296 ], [ 127.027994390957673, 37.377155166086553 ], [ 127.028013081424689, 37.377587081528908 ], [ 127.028020536804135, 37.377758562249426 ], [ 127.028021805172557, 37.377794440322504 ], [ 127.028038715814432, 37.378272138572079 ], [ 127.028043834150679, 37.37828593204091 ], [ 127.028055666450385, 37.378321690019575 ], [ 127.028171814029619, 37.378483559460399 ], [ 127.028175522719522, 37.378497361721202 ], [ 127.028190730325491, 37.379101040374273 ], [ 127.028191986604384, 37.37917312129661 ], [ 127.028200643793951, 37.379193950601952 ], [ 127.028236310901619, 37.379205817999356 ], [ 127.028740190728087, 37.379373473010141 ], [ 127.02927267975825, 37.379549892973003 ], [ 127.029276565605016, 37.379551294757803 ], [ 127.029612075409631, 37.37954881328703 ], [ 127.029670370699279, 37.379548385333045 ], [ 127.029753775329084, 37.379542174808321 ], [ 127.030707627297346, 37.379443111213995 ], [ 127.030956722731645, 37.379412080698337 ], [ 127.031142850947347, 37.37939111810222 ], [ 127.031397740698324, 37.379362414449162 ], [ 127.031404588480413, 37.379361590682443 ], [ 127.031942518844957, 37.379600193588217 ], [ 127.031947993579053, 37.379620745020503 ], [ 127.031950115611338, 37.379622437191308 ], [ 127.03191476031121, 37.379893031270491 ], [ 127.031896995323294, 37.380028189143481 ], [ 127.03189787817881, 37.380030440672279 ], [ 127.031901238271985, 37.380043386929614 ], [ 127.032050026461192, 37.380210038251114 ], [ 127.032162974836226, 37.380336717561661 ], [ 127.032168458981118, 37.380349953443123 ], [ 127.03217392702463, 37.380361781309759 ], [ 127.032277222179161, 37.381424098414087 ], [ 127.032271781977897, 37.381483793112395 ], [ 127.032047122146793, 37.382175670082198 ], [ 127.032057177023418, 37.382192841434446 ], [ 127.032057531347945, 37.382197625541252 ], [ 127.033100212438441, 37.383059237173526 ], [ 127.033105333490212, 37.383071335838416 ], [ 127.033133579693114, 37.383118353188735 ], [ 127.033112978762375, 37.383614205636214 ], [ 127.033117398770202, 37.383651929469032 ], [ 127.033118280870383, 37.383658687867211 ], [ 127.033190717804885, 37.383903068383965 ], [ 127.033227271382628, 37.383972319400989 ], [ 127.03380994183695, 37.384620902915685 ], [ 127.033811703690077, 37.384623145274652 ], [ 127.033820788704915, 37.384820807859988 ], [ 127.033842511525975, 37.385298053275598 ], [ 127.033861626333135, 37.385389005380269 ], [ 127.033873449456067, 37.385425042135623 ], [ 127.033874150819045, 37.385429259735616 ], [ 127.033879280811249, 37.385459667153043 ], [ 127.033908263891334, 37.385561591838481 ], [ 127.033940982536748, 37.385760084856905 ], [ 127.033945524020169, 37.385787393723191 ], [ 127.033953422005638, 37.385834896729342 ], [ 127.033958677900031, 37.385866507974818 ], [ 127.033959029030441, 37.385870735010293 ], [ 127.033963797055662, 37.385871300034758 ], [ 127.034112013840456, 37.385885684121511 ], [ 127.034391836290254, 37.385912839574715 ], [ 127.034924872443312, 37.385981408183838 ], [ 127.034940228754607, 37.385987592526106 ], [ 127.035265019520608, 37.386325949822847 ], [ 127.035351859567925, 37.386416585523655 ], [ 127.035526786626065, 37.386602377523808 ], [ 127.035528910050061, 37.386604621276881 ], [ 127.035423118805852, 37.386762617160151 ], [ 127.035395634534751, 37.386834419165936 ], [ 127.035382945432644, 37.386866804429694 ], [ 127.035183690375973, 37.387928934816934 ], [ 127.035181047720087, 37.387935403519748 ], [ 127.0351667700359, 37.387971449306526 ], [ 127.035025362821145, 37.388180984270285 ], [ 127.034984976640331, 37.38824039919924 ], [ 127.034970171200982, 37.388262370604465 ], [ 127.034896291392783, 37.388372485974315 ], [ 127.034771463726145, 37.388565952999834 ], [ 127.034716805997988, 37.388663953665557 ], [ 127.034681416311628, 37.388766241352123 ], [ 127.034671834812229, 37.388794336488814 ], [ 127.034689804888245, 37.388794806509814 ], [ 127.034696678930516, 37.38879498498931 ], [ 127.035355017760978, 37.388812165076885 ], [ 127.035412253569575, 37.388827334768294 ], [ 127.035761721759556, 37.388920169837817 ], [ 127.036063730967228, 37.38923320407045 ], [ 127.036100648984714, 37.389271468085695 ], [ 127.036845985027909, 37.389379369299604 ], [ 127.036947641989471, 37.389433399271311 ], [ 127.037231683204041, 37.389550258647915 ], [ 127.037297769410941, 37.389577446754473 ], [ 127.037416237169481, 37.389698671157916 ], [ 127.037725152490339, 37.390014745955739 ], [ 127.037975639277903, 37.390271032363245 ], [ 127.038348692408448, 37.390469311938965 ], [ 127.038416155733316, 37.390505168818741 ], [ 127.038438913370669, 37.390856547168504 ], [ 127.038574659174458, 37.391334043430447 ], [ 127.038660791600378, 37.391662290896633 ], [ 127.038733052700096, 37.391937674390896 ], [ 127.038631476113252, 37.392054837304009 ], [ 127.038524266648466, 37.392190395046363 ], [ 127.038496049017382, 37.39222607313031 ], [ 127.038501635502186, 37.392414581539754 ], [ 127.038507530964253, 37.392613505639552 ], [ 127.038507568065654, 37.392685586967069 ], [ 127.038473733897632, 37.392775700613356 ], [ 127.038372221692356, 37.393028015744065 ], [ 127.038290027479349, 37.393362069899595 ], [ 127.038278284856602, 37.393409799639201 ], [ 127.038236978852964, 37.393577676313903 ], [ 127.038225720530534, 37.393649762193434 ], [ 127.038214446051015, 37.393685805620549 ], [ 127.038211892283869, 37.393737091105166 ], [ 127.038192076621968, 37.394136321096816 ], [ 127.038180818178475, 37.394208405161713 ], [ 127.038370482175196, 37.394403705761391 ], [ 127.03845198965179, 37.39448763548593 ], [ 127.038415354132653, 37.394527052029837 ], [ 127.038372263346531, 37.394573439834211 ], [ 127.038192387179677, 37.394767030656816 ], [ 127.038158604543256, 37.394965264307636 ], [ 127.038102273374051, 37.39524459670362 ], [ 127.038147622764498, 37.39560498849027 ], [ 127.03822691337156, 37.396100522514054 ], [ 127.038215640772634, 37.396136565932743 ], [ 127.03819650582389, 37.396269317790996 ], [ 127.038148106333821, 37.396605114390944 ], [ 127.038080562928812, 37.397046632313199 ], [ 127.038076197778096, 37.397123890109008 ], [ 127.038069363511738, 37.397244858532602 ], [ 127.0381034639327, 37.397695356347022 ], [ 127.038137593462551, 37.398208923404781 ], [ 127.037990947291291, 37.398560364265848 ], [ 127.037765264407497, 37.398947870033574 ], [ 127.03762991554791, 37.399317327961178 ], [ 127.037483270434535, 37.39967777825521 ], [ 127.037381888016526, 37.400227427208684 ], [ 127.037314231257668, 37.400452700708165 ], [ 127.037121821174438, 37.401213619512923 ], [ 127.037100050341607, 37.401299718254776 ], [ 127.037450380311469, 37.401759129647296 ], [ 127.037766700370668, 37.401930225178198 ], [ 127.038026530539852, 37.40206529839277 ], [ 127.038421880238616, 37.402182306615963 ], [ 127.03869297525344, 37.40225430273415 ], [ 127.038805947295359, 37.402308328317588 ], [ 127.038930199820641, 37.402344330644127 ], [ 127.039076844070181, 37.402362280883587 ], [ 127.039122066909172, 37.402353272166359 ], [ 127.039506062567327, 37.402344142922608 ], [ 127.039980428340655, 37.402325977155236 ], [ 127.040082192362419, 37.402367184544879 ], [ 127.040624453023483, 37.402587054596211 ], [ 127.041019821687314, 37.402722076284071 ], [ 127.041607307592258, 37.403073273585854 ], [ 127.041765485815191, 37.40318134130127 ], [ 127.042002797132838, 37.403424533841061 ], [ 127.04256765943326, 37.403694643075013 ], [ 127.043245332149411, 37.403883591301373 ], [ 127.043245169525591, 37.403885067123397 ], [ 127.043166709436449, 37.404604053024627 ], [ 127.043166494836129, 37.404604411843586 ], [ 127.042944444271257, 37.404939930100959 ], [ 127.042749156731233, 37.40523497609032 ], [ 127.042748937771847, 37.405235307850369 ], [ 127.042749326425152, 37.405941106445603 ], [ 127.042749412179418, 37.40610028121533 ], [ 127.042634892280688, 37.406382392694709 ], [ 127.042478712790512, 37.406767124644311 ], [ 127.042415066429257, 37.406922335487558 ], [ 127.042392590819873, 37.406977142133591 ], [ 127.042264381905341, 37.407289784717399 ], [ 127.042590244542339, 37.407950620273652 ], [ 127.042761910023145, 37.408298747398 ], [ 127.043304206107265, 37.408532820771171 ], [ 127.043937025322307, 37.409055182692555 ], [ 127.044870772783398, 37.409338543609529 ], [ 127.044885988204996, 37.409343161325388 ], [ 127.044896908423183, 37.409390956300399 ], [ 127.044953931917817, 37.409640471218914 ], [ 127.045565205191679, 37.410096195797657 ], [ 127.045654544167263, 37.410162799077455 ], [ 127.045776832919188, 37.410307019911876 ], [ 127.045937124431489, 37.410496058614704 ], [ 127.046648881516319, 37.410739070779805 ], [ 127.046910003324555, 37.411321401357661 ], [ 127.046931648249313, 37.411369671695127 ], [ 127.046915945836602, 37.411443569155203 ], [ 127.046793483126592, 37.412019853923752 ], [ 127.046789953429368, 37.412036468916064 ], [ 127.046740163519743, 37.412270757516097 ], [ 127.046814629115886, 37.412407370180844 ], [ 127.047113336818299, 37.412955382959431 ], [ 127.047020638796582, 37.413227016981722 ], [ 127.046951588843385, 37.413429342171199 ], [ 127.046886872889601, 37.413618986289791 ], [ 127.046842846843589, 37.413747993227268 ], [ 127.045476271100952, 37.413982759258907 ], [ 127.044900364558174, 37.414307336263427 ], [ 127.044290444402108, 37.414415679846741 ], [ 127.043974374601703, 37.414803228326157 ], [ 127.043556532498641, 37.415001599670667 ], [ 127.042980655108579, 37.4154072583692 ], [ 127.042437766616942, 37.415398786661925 ], [ 127.0424158431655, 37.415398444918004 ], [ 127.042077034809452, 37.415538219420334 ], [ 127.042076765013803, 37.415538728551837 ], [ 127.042060794291416, 37.415568896903331 ], [ 127.041981466436766, 37.415718733829912 ], [ 127.041834034154761, 37.416276564251092 ], [ 127.041806381500237, 37.416380755718983 ], [ 127.041806452795726, 37.416381110234447 ], [ 127.04211476173333, 37.417477705799897 ], [ 127.042030520236409, 37.417656170167248 ], [ 127.041967380597214, 37.417757277587263 ], [ 127.041892649076615, 37.417933565823844 ], [ 127.041892700860629, 37.417933969838998 ], [ 127.041931899049672, 37.418290869275353 ], [ 127.041932206337108, 37.418293669224695 ], [ 127.041932253601246, 37.41829407322227 ], [ 127.041943545847701, 37.418382362151803 ], [ 127.041943602169084, 37.418382763480366 ], [ 127.042095782800942, 37.418769021051702 ], [ 127.042258733720416, 37.419158094530374 ], [ 127.042484555763366, 37.419265847908441 ], [ 127.042640364143864, 37.419361652743298 ], [ 127.042695548627265, 37.419395584727525 ], [ 127.042909414288459, 37.419619708565776 ], [ 127.042800373508271, 37.419774975379141 ], [ 127.042725224145954, 37.419881126762505 ], [ 127.042282181048549, 37.420506946900417 ], [ 127.042184314976922, 37.420692814667653 ], [ 127.042184394139525, 37.420693177325461 ], [ 127.042505394758194, 37.422169649021427 ], [ 127.042546193245087, 37.422357374091341 ], [ 127.042546251108362, 37.422357708723879 ], [ 127.042546391966084, 37.422400876825321 ], [ 127.042546889297512, 37.422553389811412 ], [ 127.042482414568354, 37.423111480070254 ], [ 127.042249639405043, 37.423225592964364 ], [ 127.042227275322389, 37.423317675134676 ], [ 127.041967679387625, 37.423453194816545 ], [ 127.041832662354281, 37.423806608345259 ], [ 127.041769585954, 37.424033855401561 ], [ 127.041765627780876, 37.424553343222712 ], [ 127.04177131420839, 37.424625422633028 ], [ 127.041773846990409, 37.424733542838112 ], [ 127.041773948479445, 37.424737475009934 ], [ 127.041782858414692, 37.425084933809622 ], [ 127.041782887513406, 37.425138762868109 ], [ 127.041966504621897, 37.425676505586125 ], [ 127.042095068475817, 37.426053010326946 ], [ 127.042095123717061, 37.426053404439777 ], [ 127.042102510682867, 37.4261070681967 ], [ 127.04210256700496, 37.426107470426054 ], [ 127.04197392431179, 37.426850001346359 ], [ 127.041959007665028, 37.427013034776159 ], [ 127.04195546752355, 37.427517675695327 ], [ 127.041953760904832, 37.427760874969728 ], [ 127.041956973891047, 37.427835689421009 ], [ 127.042016084945885, 37.428103236877739 ], [ 127.042053898492128, 37.428165448111791 ], [ 127.042293812927198, 37.428331173890733 ], [ 127.04247190413372, 37.428454194565084 ], [ 127.042931474467281, 37.428553424965372 ], [ 127.043496374919854, 37.428544215457144 ], [ 127.043852308961377, 37.428620674510178 ], [ 127.043921712388723, 37.428658942264761 ], [ 127.044090734266746, 37.428802484859688 ], [ 127.044539450822143, 37.429057983642217 ], [ 127.044730362557118, 37.429186587426869 ], [ 127.044887124991845, 37.429498504441035 ], [ 127.04519195236621, 37.429422932324847 ], [ 127.045202913770808, 37.429444607377995 ], [ 127.045581343855588, 37.429340850347153 ], [ 127.045690132043518, 37.4294137377506 ], [ 127.045897711758698, 37.429677205390469 ], [ 127.046327476975009, 37.430094886483047 ], [ 127.047015318337273, 37.430764181149598 ], [ 127.047035126585484, 37.430822739733124 ], [ 127.047301415032749, 37.430726366836645 ], [ 127.047369238181219, 37.430701819962096 ], [ 127.047554902436445, 37.430607420910164 ], [ 127.047786136097827, 37.430569038472633 ], [ 127.048144291316547, 37.430508648035037 ], [ 127.048538994011864, 37.430443166351395 ], [ 127.049241884559848, 37.4303254654114 ], [ 127.049579750051763, 37.430270143670981 ], [ 127.049865227522417, 37.430309734041892 ], [ 127.049966848642327, 37.430209454169699 ], [ 127.050050461768677, 37.430094820750277 ], [ 127.050193510672742, 37.429902170924635 ], [ 127.050361520580054, 37.429821290212907 ], [ 127.050554230872706, 37.429729136901194 ], [ 127.05071656400699, 37.429605469492067 ], [ 127.050918417673898, 37.429450807863027 ], [ 127.051359064117378, 37.429198339770991 ], [ 127.051417750978388, 37.429053864630689 ], [ 127.051654864370022, 37.428828232730694 ], [ 127.051880682841613, 37.428613580382631 ], [ 127.052169482426692, 37.428339774016024 ], [ 127.052324620656833, 37.428297477151474 ], [ 127.052396129895371, 37.428319124845842 ], [ 127.052463274203234, 37.428400754788797 ], [ 127.052475269059656, 37.428415287024968 ], [ 127.052500905002304, 37.428446347050063 ], [ 127.052910691502646, 37.428536271609474 ], [ 127.053125433774781, 37.428633603251861 ], [ 127.053380424406001, 37.42875202811571 ], [ 127.05345831874159, 37.428808585929602 ], [ 127.053684397018813, 37.42897461585423 ], [ 127.05389006162882, 37.42898212002499 ], [ 127.054112541068903, 37.429056363431116 ], [ 127.05427570227863, 37.429110351611527 ], [ 127.054768520083044, 37.429273149410228 ], [ 127.055121254070016, 37.429292984394756 ], [ 127.05533793845504, 37.429398186487937 ], [ 127.055546750174258, 37.429361491910463 ], [ 127.055971100017587, 37.429549951556737 ], [ 127.056107785312363, 37.429610707097552 ], [ 127.056394626642174, 37.429581002998468 ], [ 127.056758216656576, 37.429717957338276 ], [ 127.056808367897162, 37.429730882643071 ], [ 127.057379025955029, 37.429857322485155 ], [ 127.058069931031866, 37.430010733815564 ], [ 127.058460679024662, 37.429886368132898 ], [ 127.058673175866403, 37.429807994322687 ], [ 127.059057376014835, 37.429663645870988 ], [ 127.059189419213496, 37.429649500996042 ], [ 127.059781119227679, 37.429587264360691 ], [ 127.059961345931455, 37.429568876831524 ], [ 127.060119776133917, 37.429663125192491 ], [ 127.060207197070568, 37.429714043495537 ], [ 127.060517939237201, 37.429764001204454 ], [ 127.060575146301971, 37.429783128236735 ], [ 127.060768514491258, 37.429852861233108 ], [ 127.061144987138633, 37.429985280919219 ], [ 127.061644020685364, 37.429904246153036 ], [ 127.062462857101323, 37.429771272971486 ], [ 127.062498679091263, 37.429765454710783 ], [ 127.06288082555362, 37.429703394857135 ], [ 127.062926730020763, 37.429715193178872 ], [ 127.062984059828125, 37.429719916501583 ], [ 127.063096566168994, 37.4297291874501 ], [ 127.063155441545248, 37.429735194545628 ], [ 127.063316198928135, 37.429751597663973 ], [ 127.063407540644619, 37.429652106476709 ], [ 127.063462064367968, 37.429592719139521 ], [ 127.063656029372993, 37.429532357518077 ], [ 127.064041044609482, 37.429320416481787 ], [ 127.064385648033564, 37.429113571238901 ], [ 127.064593966270891, 37.429156510264427 ], [ 127.064669033052013, 37.429171983849123 ], [ 127.064757707037501, 37.429131460262099 ], [ 127.065073669272664, 37.428987060862013 ], [ 127.065392864005148, 37.429011387457095 ], [ 127.065681645140742, 37.428985318485509 ], [ 127.065693779682348, 37.429113475786686 ], [ 127.06569800340705, 37.42915810194237 ], [ 127.06596135025957, 37.429532415117585 ], [ 127.065979605815372, 37.429545654777691 ], [ 127.066091708995458, 37.42962694992184 ], [ 127.066091765448476, 37.429627352140336 ], [ 127.06609383726321, 37.429642428859282 ], [ 127.066093893716257, 37.429642831077807 ], [ 127.066117908975357, 37.429652394436246 ], [ 127.066305723446959, 37.429783618349582 ], [ 127.066577350643982, 37.429973401278204 ], [ 127.066585855410196, 37.430052125718014 ], [ 127.066585902818858, 37.430052528804495 ], [ 127.066700366098118, 37.430128763614903 ], [ 127.066720138700134, 37.430130445939412 ], [ 127.067829915709581, 37.43040660887592 ], [ 127.068270263432481, 37.430679476439025 ], [ 127.06837211712859, 37.430663650770271 ], [ 127.068750597071087, 37.430455925019892 ], [ 127.068909285570825, 37.430433866829645 ], [ 127.068964194367567, 37.430432431978481 ], [ 127.069013281221416, 37.430451269332202 ], [ 127.069118529678718, 37.4304816181888 ], [ 127.069334488165239, 37.43054512435998 ], [ 127.069424543027679, 37.430564498384967 ], [ 127.069581036834649, 37.430603189084273 ], [ 127.069615428247943, 37.430611691644785 ], [ 127.06970605221332, 37.430687666388366 ], [ 127.069764886221606, 37.430739440739359 ], [ 127.069911263873365, 37.430863174548008 ], [ 127.069901842843095, 37.430885496061862 ], [ 127.069820195545645, 37.430969066978314 ], [ 127.069819824903789, 37.430969445106449 ], [ 127.069873674546272, 37.430972235209886 ], [ 127.070014861767049, 37.430924571520571 ], [ 127.070032498198131, 37.430910477846098 ], [ 127.070112696022221, 37.430762890679588 ], [ 127.070235943880277, 37.430606267801664 ], [ 127.070334868469729, 37.43047950261677 ], [ 127.070563885858974, 37.430342252971776 ], [ 127.070706466105406, 37.430274027834876 ], [ 127.070852683950037, 37.430203720043927 ], [ 127.070884203804056, 37.430188564350914 ], [ 127.070874285127346, 37.430203087282884 ], [ 127.07087417545732, 37.43020348889609 ], [ 127.070889599932627, 37.430212699210905 ], [ 127.070896222000513, 37.430203444540126 ], [ 127.070905116008717, 37.430191010869464 ], [ 127.070952454395353, 37.430212663264065 ], [ 127.070952457901512, 37.430213039148384 ], [ 127.070952669574069, 37.430234373557809 ], [ 127.071105171289972, 37.430418678603992 ], [ 127.071169608188157, 37.43042005532336 ], [ 127.071186878830886, 37.430502128283287 ], [ 127.07119311739379, 37.430531768150871 ], [ 127.071220138932603, 37.430660248389437 ], [ 127.071220197962248, 37.430660600138083 ], [ 127.071206753205516, 37.43081771795223 ], [ 127.070960060358161, 37.431696345917651 ], [ 127.070896062596162, 37.431790711539904 ], [ 127.070629003780951, 37.432044554680751 ], [ 127.070571100870993, 37.432416751811701 ], [ 127.070586578280299, 37.432467619185601 ], [ 127.070705798221383, 37.432858661045124 ], [ 127.070730816256486, 37.432940719810439 ], [ 127.070746816209947, 37.432953167248783 ], [ 127.070792293115829, 37.432988545317741 ], [ 127.070909977323808, 37.433094912426782 ], [ 127.071004301657254, 37.433341229713818 ], [ 127.071119106245931, 37.433401701008421 ], [ 127.071370969270944, 37.433900196150759 ], [ 127.071519791844793, 37.434116878864579 ], [ 127.071519358643911, 37.434373706474219 ], [ 127.071502669209721, 37.434444850603249 ], [ 127.071545854764992, 37.434528854392219 ], [ 127.071484771321792, 37.434637148901992 ], [ 127.071469346250282, 37.43475654253475 ], [ 127.07145812641572, 37.434841576763397 ], [ 127.071445595089543, 37.435037276439267 ], [ 127.07143537453203, 37.435055880615096 ], [ 127.071285001088711, 37.43532959784276 ], [ 127.071274453805344, 37.435348791215795 ], [ 127.071272062693851, 37.435601122845497 ], [ 127.07127209006741, 37.435601476281768 ], [ 127.071439527501965, 37.435863516787911 ], [ 127.07168875176788, 37.4359810591952 ], [ 127.071964769254564, 37.436054101931788 ], [ 127.07209358080442, 37.436161020096591 ], [ 127.072779248754244, 37.436299138473345 ], [ 127.07302422801753, 37.436406832382978 ], [ 127.073203506042972, 37.436669700943547 ], [ 127.073492914259731, 37.436908352059497 ], [ 127.073560066269849, 37.436963725727345 ], [ 127.073628535798122, 37.437071013991577 ], [ 127.073843458126319, 37.437407780030327 ], [ 127.073795374792979, 37.437657071528079 ], [ 127.073760192067709, 37.437789434276723 ], [ 127.073702493321676, 37.437821841351607 ], [ 127.073555323647597, 37.437910914725613 ], [ 127.072966269581585, 37.438208317638562 ], [ 127.072490104748979, 37.438592657419115 ], [ 127.072007909820414, 37.43885672442341 ], [ 127.072211642956432, 37.439382588035024 ], [ 127.072211715782657, 37.439382901073763 ], [ 127.072110607388453, 37.439939915711541 ], [ 127.072077693182834, 37.440121239472113 ], [ 127.071901920189163, 37.440859412888663 ], [ 127.071861371805284, 37.441029702290038 ], [ 127.071626007270183, 37.441523854316983 ], [ 127.071670865970304, 37.441628998432932 ], [ 127.071702514353149, 37.441703176804886 ], [ 127.07191494865674, 37.441925203636714 ], [ 127.072075888299281, 37.442168213205179 ], [ 127.072138443074721, 37.442262669674655 ], [ 127.07219407936428, 37.442231265466155 ], [ 127.072249801813882, 37.442199810165 ], [ 127.072607791567449, 37.44211484780736 ], [ 127.07275886955199, 37.442050838870742 ], [ 127.072993316232711, 37.442017188910036 ], [ 127.073853026738874, 37.442212635730655 ], [ 127.074497687369899, 37.442232800887652 ], [ 127.074755983831366, 37.442218846175912 ], [ 127.075242850721764, 37.441941761950481 ], [ 127.076010573681515, 37.442138935627007 ], [ 127.076053557989411, 37.44212482294499 ], [ 127.076440200843663, 37.441997880336828 ], [ 127.076671089979541, 37.441945647532243 ], [ 127.076721400053287, 37.441937452192491 ], [ 127.076936062044837, 37.441715163444101 ], [ 127.077077946465749, 37.441650877200175 ], [ 127.077358485183794, 37.441630982442923 ], [ 127.077601879806011, 37.441709096254918 ], [ 127.077744815048561, 37.441859248680622 ], [ 127.077748405689931, 37.441863020217518 ], [ 127.077750537137945, 37.441861317934922 ], [ 127.077860954456568, 37.441773125791642 ], [ 127.078178904033209, 37.441551615547851 ], [ 127.078530624573631, 37.441557576316349 ], [ 127.079083350142014, 37.44129874200916 ], [ 127.079575342207619, 37.441386544989051 ], [ 127.079960953846623, 37.441211999363397 ], [ 127.080171599717303, 37.441051092588353 ], [ 127.080598978268071, 37.441131775324045 ], [ 127.080700692240399, 37.441150976621053 ], [ 127.081250119061153, 37.441118504754932 ], [ 127.081444102331872, 37.44123100040845 ], [ 127.082097336805703, 37.441350786419576 ], [ 127.082431816378616, 37.441579466972243 ], [ 127.082904588299371, 37.442173809103124 ], [ 127.082974672279732, 37.442320172858437 ], [ 127.083208008088022, 37.44256806931795 ], [ 127.083234129322065, 37.442648290442563 ], [ 127.083334677556124, 37.442957107887935 ], [ 127.083471445592934, 37.443062314624804 ], [ 127.083805023574186, 37.443416296405857 ], [ 127.083805071127927, 37.443416691372938 ], [ 127.08381014612695, 37.443461754260895 ], [ 127.083861902450366, 37.443921387724281 ], [ 127.084126872351476, 37.443996601266178 ], [ 127.085260066299981, 37.444318253488483 ], [ 127.085703010020524, 37.444416763622016 ], [ 127.086421298471734, 37.444262239141885 ], [ 127.087303878875176, 37.444641708842873 ], [ 127.0874767475662, 37.444801792446363 ], [ 127.087778158305184, 37.444875151895147 ], [ 127.087855071654616, 37.444893870246283 ], [ 127.087869041055725, 37.444916393691805 ], [ 127.087946061527788, 37.445039892891934 ], [ 127.088134029197221, 37.445341282591407 ], [ 127.088161282711653, 37.445384983083308 ], [ 127.088161321304781, 37.44538536720092 ], [ 127.088162367642212, 37.445396187273644 ], [ 127.08823777492961, 37.446178093625292 ], [ 127.088237820222588, 37.446178493089455 ], [ 127.088257398891614, 37.446207346509865 ], [ 127.088386412319139, 37.446397481733769 ], [ 127.088302346922518, 37.44651756582595 ], [ 127.088276871001199, 37.446553954571847 ], [ 127.088276925333773, 37.446554354968825 ], [ 127.088308645619733, 37.446789810128926 ], [ 127.088369302389168, 37.447240057642446 ], [ 127.088369356722694, 37.44724045803936 ], [ 127.088545831294738, 37.447453750461044 ], [ 127.08864226177927, 37.447596787197703 ], [ 127.088557061101639, 37.447775981045019 ], [ 127.088414952319951, 37.448074860470925 ], [ 127.088360192590073, 37.448372800985112 ], [ 127.088326764276587, 37.448627358988766 ], [ 127.088326828050285, 37.448627687308992 ], [ 127.088327027192022, 37.448628483009585 ], [ 127.088432139054603, 37.448994842511638 ], [ 127.088959503899332, 37.449461774852381 ], [ 127.088871063959886, 37.449645903408083 ], [ 127.088821274078327, 37.449749418191445 ], [ 127.08890531855215, 37.449797921141695 ], [ 127.089542737934337, 37.450165766717227 ], [ 127.089542783251233, 37.450166163476617 ], [ 127.089574517198173, 37.450464046072419 ], [ 127.089593539548005, 37.450642618177454 ], [ 127.089619522307871, 37.450886523069578 ], [ 127.089619572177412, 37.450886914436516 ], [ 127.090140567014842, 37.451095729670584 ], [ 127.09030286610853, 37.451266797896196 ], [ 127.090442587294532, 37.451589518541738 ], [ 127.090518469339358, 37.451764789290394 ], [ 127.090959108289724, 37.452782534518953 ], [ 127.09112884136718, 37.452955841064018 ], [ 127.091882256412489, 37.453466876162359 ], [ 127.09272551067339, 37.453634040518885 ], [ 127.09281536575223, 37.45375926529163 ], [ 127.093206898661165, 37.454690584436726 ], [ 127.093217531221512, 37.454715872849007 ], [ 127.093199643013037, 37.454778509505744 ], [ 127.093142642812424, 37.454905669317093 ], [ 127.093342218435268, 37.455312412398811 ], [ 127.093458184791999, 37.455549395119505 ], [ 127.093540359767417, 37.455888054733428 ], [ 127.093773520409883, 37.456077363906033 ], [ 127.094312153190486, 37.456224769684873 ], [ 127.095039132601912, 37.456302188314417 ], [ 127.095213810388245, 37.456320907841743 ], [ 127.095213860246588, 37.456321307318269 ], [ 127.095222731948425, 37.45639382747698 ], [ 127.095222780681084, 37.45639422604831 ], [ 127.095230434910775, 37.456396207330748 ], [ 127.095458442231362, 37.456453451509688 ], [ 127.095769338629125, 37.456519653561095 ], [ 127.096076331664392, 37.456429587606429 ], [ 127.096365317965095, 37.456346860479407 ], [ 127.097230500933591, 37.456367561139388 ], [ 127.098237459196682, 37.456371246496886 ], [ 127.0984720136329, 37.456254770335953 ], [ 127.09868538673814, 37.456148158455314 ], [ 127.098893194610355, 37.456116173152296 ], [ 127.099052058506715, 37.456196664444931 ], [ 127.099095704625526, 37.456218776139558 ], [ 127.099135822406836, 37.456370228403479 ], [ 127.099306107756547, 37.456677555682766 ], [ 127.099506328540215, 37.456912777411127 ], [ 127.099738775402528, 37.457354635560712 ], [ 127.100249233189459, 37.457547647037323 ], [ 127.100765889882666, 37.457759797956946 ], [ 127.101059528435769, 37.457989864888411 ], [ 127.101277654916274, 37.458241518268522 ], [ 127.101164812068689, 37.458540231888186 ], [ 127.101226547146183, 37.458661141411945 ], [ 127.101320219405736, 37.458844921751343 ], [ 127.101381140956406, 37.458972416537762 ], [ 127.101625665961322, 37.459050768587623 ], [ 127.101850903909309, 37.459176613990188 ], [ 127.101852601749243, 37.459177563441862 ], [ 127.101867087071284, 37.45920216819021 ], [ 127.101939265041793, 37.459324769226633 ], [ 127.101953663003769, 37.459349226746752 ], [ 127.102098764423147, 37.459423156992372 ], [ 127.102132693396157, 37.459438895526212 ], [ 127.102258896461606, 37.459520447003605 ], [ 127.102287527783929, 37.459538154275755 ], [ 127.102381426447863, 37.459627336036718 ], [ 127.102447202248001, 37.459689503788013 ], [ 127.102550653290479, 37.459787957462346 ], [ 127.102556682678141, 37.459793668071036 ], [ 127.10263411636231, 37.459867004103991 ], [ 127.102670730515612, 37.459777718806919 ], [ 127.102691851168558, 37.459723928624165 ], [ 127.102800280009916, 37.459716790135623 ], [ 127.102945814258376, 37.459724549630685 ], [ 127.103065065198081, 37.459754017527445 ], [ 127.103158851425817, 37.459759000686887 ], [ 127.103245741969175, 37.459763431518411 ], [ 127.103442823503727, 37.459751431520672 ], [ 127.10354606660708, 37.459828495087137 ], [ 127.103640243373803, 37.459862769100297 ], [ 127.103703548710939, 37.459886782910907 ], [ 127.103749088448225, 37.459904057988773 ], [ 127.103810936267351, 37.459927655831216 ], [ 127.10388962646023, 37.460002487919546 ], [ 127.103941606091098, 37.460050593237206 ], [ 127.103952575880882, 37.460103028274901 ], [ 127.103958222947199, 37.460130014301498 ], [ 127.103961289070156, 37.460144678102125 ], [ 127.103969343822925, 37.460183179049331 ], [ 127.103969384950702, 37.460183528016238 ], [ 127.103974534784356, 37.460231043715083 ], [ 127.10397458355628, 37.460231444085522 ], [ 127.103974524276524, 37.460238825182003 ], [ 127.103974287541675, 37.460268491083774 ], [ 127.103974284309899, 37.460268889477213 ], [ 127.103978751900343, 37.460268884618834 ], [ 127.10398587108331, 37.46026887963238 ], [ 127.10398320227408, 37.460352120051404 ], [ 127.10397998413508, 37.460453543708809 ], [ 127.103980007290289, 37.460453870081288 ], [ 127.103987050286804, 37.460470673532441 ], [ 127.104009548345189, 37.460524354123656 ], [ 127.104023416580191, 37.460557447414139 ], [ 127.104046241606639, 37.460585584351335 ], [ 127.104158919690704, 37.460713388094632 ], [ 127.104170766957154, 37.460726825697712 ], [ 127.104249277125007, 37.460801928247754 ], [ 127.104252839132513, 37.460803188569763 ], [ 127.104258822073746, 37.46080530788943 ], [ 127.104299099504786, 37.460817093833917 ], [ 127.104395168016083, 37.460939667884404 ], [ 127.104408261185654, 37.460956375286834 ], [ 127.104427018455269, 37.460985074505629 ], [ 127.104472302799195, 37.461029526466163 ], [ 127.104520727695615, 37.461056513216207 ], [ 127.1046253400701, 37.46109977915031 ], [ 127.104780232050317, 37.4611601525474 ], [ 127.104749718266604, 37.461263544547009 ], [ 127.104741007719156, 37.46127499071558 ], [ 127.104646010208853, 37.461399821426383 ], [ 127.104611854477866, 37.461444703389091 ], [ 127.104582890944343, 37.461523983553533 ], [ 127.104550628870783, 37.461612289776177 ], [ 127.104497392030538, 37.461708351459045 ], [ 127.104471004749811, 37.461755962576738 ], [ 127.104429350474902, 37.461890383703548 ], [ 127.104343996158562, 37.462165830578982 ], [ 127.104343867329661, 37.46216624477637 ], [ 127.104341357303767, 37.462174345068298 ], [ 127.104547712785333, 37.462162992635186 ], [ 127.104705145916512, 37.462154332634427 ], [ 127.104811338504547, 37.462158490675058 ], [ 127.104865293440625, 37.462160604529195 ], [ 127.10486693724016, 37.462160669515796 ], [ 127.104960256660405, 37.462149659442495 ], [ 127.105030444209248, 37.462141379741333 ], [ 127.105103791242072, 37.462144686810781 ], [ 127.105128471254147, 37.462145799543627 ], [ 127.105189161657023, 37.46215618776958 ], [ 127.105270857604665, 37.462170172277794 ], [ 127.105309900621691, 37.462171082368435 ], [ 127.105608200050852, 37.462178039037148 ], [ 127.10563673792177, 37.462212375400505 ], [ 127.105656136996146, 37.462235715231849 ], [ 127.105925465072872, 37.462354302443444 ], [ 127.106052315431128, 37.462381655526386 ], [ 127.106167238381573, 37.462406437685267 ], [ 127.106467234058655, 37.462423929410711 ], [ 127.106672085505295, 37.462410510439959 ], [ 127.106880073357189, 37.46236950169471 ], [ 127.107301734964906, 37.462180472793143 ], [ 127.107514393006937, 37.462189013065036 ], [ 127.107886593719712, 37.462238528584159 ], [ 127.107924095764005, 37.4622435149887 ], [ 127.108153493538438, 37.462274032695269 ], [ 127.108686157851139, 37.462156420716695 ], [ 127.109039130318749, 37.462026131856419 ], [ 127.109089149909025, 37.462007668779052 ], [ 127.109169663398035, 37.461977816811455 ], [ 127.109459131865108, 37.461870495298655 ], [ 127.109784804666134, 37.461923697197648 ], [ 127.109891046258738, 37.461941053157751 ], [ 127.110449703246999, 37.46183036129176 ], [ 127.110637720143544, 37.461793106388221 ], [ 127.110768604322075, 37.461783672999204 ], [ 127.111065079700325, 37.46176230245014 ], [ 127.111347240903925, 37.461717270065826 ], [ 127.111749288046255, 37.461652698114115 ], [ 127.111820270500246, 37.461644190744927 ], [ 127.112229802256209, 37.461504998627845 ], [ 127.112305154316559, 37.461463535999037 ], [ 127.112443070832114, 37.461387542536443 ], [ 127.112521680878643, 37.461344229129701 ], [ 127.112702913469988, 37.461244668721172 ], [ 127.112783214099721, 37.461209390959716 ], [ 127.112922475754914, 37.461154360831415 ], [ 127.11297490367491, 37.461134319387803 ], [ 127.113121109976916, 37.461113341084726 ], [ 127.113297593356663, 37.461091694617302 ], [ 127.113325627794751, 37.461088255696339 ], [ 127.113333873943986, 37.461087245204496 ], [ 127.113333889845265, 37.46108415717238 ], [ 127.113334095527946, 37.461045750587566 ], [ 127.113334155525877, 37.461034757709072 ], [ 127.113334844038178, 37.460905658933733 ], [ 127.113334845634796, 37.460905348868629 ], [ 127.11329182612279, 37.460836408540445 ], [ 127.113184861702464, 37.460758230809731 ], [ 127.112908650115742, 37.460641928826483 ], [ 127.112763284807727, 37.460530249994115 ], [ 127.112842599710319, 37.460487525464934 ], [ 127.113078213883412, 37.460405784171869 ], [ 127.113089191552902, 37.46040197668372 ], [ 127.113233412681268, 37.460353411698343 ], [ 127.113233787066918, 37.460344389335212 ], [ 127.1132364781474, 37.460279642109867 ], [ 127.11324096259456, 37.460208964347594 ], [ 127.113243092452194, 37.46019807649084 ], [ 127.113271114519222, 37.460054918387023 ], [ 127.113403841554799, 37.459917272192151 ], [ 127.113419754581656, 37.459900768833556 ], [ 127.113536353525291, 37.459801546396527 ], [ 127.113634258689402, 37.459732464844521 ], [ 127.113670818423572, 37.459728351547 ], [ 127.113737740114232, 37.459720824852958 ], [ 127.113768679841826, 37.4596934550014 ], [ 127.113836509083541, 37.459633450899737 ], [ 127.113955364443271, 37.459516766012605 ], [ 127.114073109069551, 37.459482586753786 ], [ 127.114184848679344, 37.459452070759966 ], [ 127.114304379416538, 37.459402526982252 ], [ 127.114361875043102, 37.459378695879636 ], [ 127.114504679430141, 37.459278252805802 ], [ 127.114510596408209, 37.459274091564517 ], [ 127.114513231220414, 37.459272948211556 ], [ 127.114592487546844, 37.459238540122016 ], [ 127.114785112739213, 37.459202594285806 ], [ 127.114992690179093, 37.459130315851283 ], [ 127.115148527324067, 37.459060058887424 ], [ 127.115285249720202, 37.458965880290641 ], [ 127.115365832965509, 37.458881333819519 ], [ 127.115478672840069, 37.458757336635266 ], [ 127.115476648508547, 37.458704404444298 ], [ 127.115496067920418, 37.45869791558836 ], [ 127.11557709768941, 37.458677565826001 ], [ 127.115686902792788, 37.458647329646929 ], [ 127.11572979166634, 37.458636584199176 ], [ 127.115826186131059, 37.458610586680329 ], [ 127.115882362477393, 37.458594890794934 ], [ 127.115892911317303, 37.458591944259254 ], [ 127.11612408369443, 37.45859472619113 ], [ 127.116239409841569, 37.458596113889627 ], [ 127.116697027804761, 37.458623257384538 ], [ 127.116749310571961, 37.458627791373651 ], [ 127.116894892867407, 37.45864042106092 ], [ 127.116896049086165, 37.458640520354137 ], [ 127.116906746489732, 37.459287143906877 ], [ 127.116905194636615, 37.45977087761063 ], [ 127.116906375630947, 37.460076651436843 ], [ 127.116901922245262, 37.460283326869721 ], [ 127.116899629392805, 37.460400738770701 ], [ 127.116899677103049, 37.460401139132522 ], [ 127.116907688021783, 37.460472811193583 ], [ 127.116907738002794, 37.460473209760011 ], [ 127.116936531211365, 37.460858479017325 ], [ 127.116939658067764, 37.460900308993175 ], [ 127.116989262427779, 37.461484139363826 ], [ 127.11698929447428, 37.461484507225549 ], [ 127.117119939910054, 37.461677537447912 ], [ 127.117138659149362, 37.461705148386493 ], [ 127.1173616974758, 37.462034109066515 ], [ 127.117398857999078, 37.462088917135439 ], [ 127.117421541547046, 37.462122372708428 ], [ 127.117423736835178, 37.462125611216912 ], [ 127.117470771787012, 37.462194983071676 ], [ 127.117474847824838, 37.462200609980691 ], [ 127.117526716964448, 37.462267310485188 ], [ 127.11752219781097, 37.46253159473315 ], [ 127.117786714946845, 37.462530920056693 ], [ 127.117949983229465, 37.462530502481393 ], [ 127.118326352687404, 37.462695044606022 ], [ 127.11869528820101, 37.462876425221424 ], [ 127.11882186870676, 37.462938655656721 ], [ 127.119204272372457, 37.463126655399215 ], [ 127.120104346646244, 37.463493194497936 ], [ 127.120745733463593, 37.463891811113022 ], [ 127.120749559507701, 37.463894387781338 ], [ 127.120831346839239, 37.463949451548167 ], [ 127.121093155435901, 37.464125719863439 ], [ 127.121354492329303, 37.464311007866691 ], [ 127.121439366790057, 37.464372298731973 ], [ 127.121664140121439, 37.464776953554889 ], [ 127.121859497644905, 37.465134009064528 ], [ 127.121859370013794, 37.46513846952066 ], [ 127.121916343043566, 37.465153246752187 ], [ 127.12195771988543, 37.465163977402014 ], [ 127.121966529838446, 37.465166271622387 ], [ 127.12202557041833, 37.465181648514928 ], [ 127.122151022437052, 37.465211930028531 ], [ 127.122179998274873, 37.465222314482631 ], [ 127.122234819864929, 37.46526421041564 ], [ 127.122299194927479, 37.4653136993267 ], [ 127.122318640698765, 37.465330294349599 ], [ 127.122330307075643, 37.465339568843348 ], [ 127.12239893125826, 37.465394129750557 ], [ 127.122435714532315, 37.46542337405085 ], [ 127.122508389301728, 37.465474820093242 ], [ 127.122521655519748, 37.465484382707857 ], [ 127.122592913761295, 37.465533299444608 ], [ 127.122689098037057, 37.465598801558151 ], [ 127.122736260951896, 37.465600446605343 ], [ 127.12278535532127, 37.465602090588334 ], [ 127.12282485808953, 37.465669903919668 ], [ 127.122824912628417, 37.465670302497863 ], [ 127.122831110290392, 37.465713824043668 ], [ 127.122858160306151, 37.465733500684166 ], [ 127.122887869735123, 37.465756839946408 ], [ 127.122937775210374, 37.465819013233912 ], [ 127.123002830861736, 37.46584935529517 ], [ 127.123036758114296, 37.465865087821264 ], [ 127.123060275738766, 37.465876614706126 ], [ 127.123085206959672, 37.465894888318601 ], [ 127.123116143512291, 37.465914840495415 ], [ 127.123202259171592, 37.465978670489946 ], [ 127.123315725923504, 37.466021629031744 ], [ 127.123426729848134, 37.466078116341968 ], [ 127.123607427383774, 37.466193645146369 ], [ 127.123613801913393, 37.466199279162566 ], [ 127.123766970427653, 37.466333424294632 ], [ 127.123915967898398, 37.466396897815379 ], [ 127.124143266735715, 37.466495213780341 ], [ 127.12420687988913, 37.466520484007262 ], [ 127.124209702421126, 37.466517102943179 ], [ 127.124488096368765, 37.466643522189479 ], [ 127.124528451639748, 37.466698667141699 ], [ 127.12453136944228, 37.466754696351927 ], [ 127.124570465307471, 37.466793507227344 ], [ 127.124577540887813, 37.466800536931437 ], [ 127.124724645737928, 37.466888231252639 ], [ 127.124759305752903, 37.466916352190985 ], [ 127.124822113781434, 37.466995131864756 ], [ 127.124827267529469, 37.467001596604661 ], [ 127.124835943727277, 37.467015103187464 ], [ 127.124849940875109, 37.467040992511301 ], [ 127.124866979750237, 37.467091375311583 ], [ 127.124897970330196, 37.467143710590406 ], [ 127.124938337486512, 37.467198853634258 ], [ 127.124984502816346, 37.467244664287982 ], [ 127.124988224080852, 37.46724835818037 ], [ 127.125005365060147, 37.467251159942762 ], [ 127.125047946608802, 37.467264630783703 ], [ 127.12506520600158, 37.467339504384213 ], [ 127.125067518560954, 37.467349926111474 ], [ 127.125102822557594, 37.467447304591474 ], [ 127.125079006212147, 37.467461692357254 ], [ 127.125060309830744, 37.467475505968665 ], [ 127.125067580706499, 37.467498023543044 ], [ 127.125069559978627, 37.467518572868698 ], [ 127.12508046823443, 37.467593740889193 ], [ 127.125072298582921, 37.46767850021044 ], [ 127.125103677295797, 37.467747166720123 ], [ 127.125132644971472, 37.467751084019405 ], [ 127.125138624377385, 37.46775844371723 ], [ 127.125199373787694, 37.467833230808353 ], [ 127.125174064878692, 37.46801992629144 ], [ 127.125182028268938, 37.468352451221776 ], [ 127.125157425314242, 37.468423989447395 ], [ 127.125137886451157, 37.4684687812615 ], [ 127.125141622727909, 37.468589285974616 ], [ 127.125168204992249, 37.468751438681863 ], [ 127.125045829052624, 37.468979628828563 ], [ 127.125031541567807, 37.46899457411525 ], [ 127.125015525788243, 37.46902950441838 ], [ 127.124965492832487, 37.469214821584949 ], [ 127.124948662915173, 37.469292271248946 ], [ 127.124897596883656, 37.469385523152752 ], [ 127.124935651271372, 37.469487327977795 ], [ 127.124937155604826, 37.469491350142135 ], [ 127.124851363482648, 37.469523254773321 ], [ 127.124878342850465, 37.469597278597057 ], [ 127.124943340618131, 37.469603122064029 ], [ 127.12510091744727, 37.469613651614111 ], [ 127.125102986356552, 37.469613773552986 ], [ 127.125203016053149, 37.469619745142843 ], [ 127.125304485413466, 37.469559100331288 ], [ 127.125314886560759, 37.469552900364782 ], [ 127.125374536240386, 37.469517075402194 ], [ 127.125518174169159, 37.469430483054303 ], [ 127.125701319210165, 37.469318232997189 ], [ 127.126024551216247, 37.469105878675734 ], [ 127.126315703139412, 37.468843750414671 ], [ 127.126373047678712, 37.468792123007958 ], [ 127.12644686860348, 37.468750106651235 ], [ 127.12651361048664, 37.468712123120909 ], [ 127.126577860735637, 37.468675555837493 ], [ 127.126665975353433, 37.468625407315706 ], [ 127.126681298597148, 37.468621776349401 ], [ 127.126832702482972, 37.468585892556717 ], [ 127.126919845995062, 37.468640527332525 ], [ 127.1271697790893, 37.468595070666723 ], [ 127.127571781257728, 37.468521955796568 ], [ 127.127998844349335, 37.46844233757696 ], [ 127.128229114125574, 37.468397950680739 ], [ 127.128268311445026, 37.468389654331439 ], [ 127.128396397912326, 37.468355829611568 ], [ 127.128514065591361, 37.468317437223511 ], [ 127.128628366869989, 37.468273040050299 ], [ 127.128738812229372, 37.468222833061446 ], [ 127.128842407805593, 37.468172626086542 ], [ 127.128973267989792, 37.468109215783109 ], [ 127.129062215105378, 37.468066124877559 ], [ 127.129169110041474, 37.468014327143869 ], [ 127.129201051638191, 37.467999812620988 ], [ 127.129234106622533, 37.467987001560282 ], [ 127.129268156084123, 37.467975928741062 ], [ 127.129303025568191, 37.467966655809484 ], [ 127.129338587149334, 37.467959211207351 ], [ 127.130188924363225, 37.467803369241125 ], [ 127.130301388923414, 37.46778322587901 ], [ 127.130544709874528, 37.467738621103877 ], [ 127.130584636685086, 37.467732713083727 ], [ 127.130591982436911, 37.467731622860143 ], [ 127.130639814684741, 37.467727858647848 ], [ 127.130674500952608, 37.467727496550346 ], [ 127.130687902286596, 37.467727356358942 ], [ 127.130735846146962, 37.467730097620034 ], [ 127.130783242598, 37.467736073959038 ], [ 127.130819183820833, 37.467743131284038 ], [ 127.13083001262882, 37.467745256286072 ], [ 127.130875544820171, 37.467757569681289 ], [ 127.130919599953174, 37.467772908840324 ], [ 127.131011562648979, 37.467808741435817 ], [ 127.131369427690359, 37.467948156863145 ], [ 127.131386113240566, 37.467954662699498 ], [ 127.131646161294228, 37.468057429008155 ], [ 127.131648171452738, 37.468058224871506 ], [ 127.131795293527929, 37.468115546110525 ], [ 127.131874644873349, 37.468146470455153 ], [ 127.131959343068417, 37.468177381654861 ], [ 127.1320450086465, 37.46820451457306 ], [ 127.132132305296778, 37.468228123656466 ], [ 127.132451543723818, 37.46830732053327 ], [ 127.132799601914158, 37.468393664711229 ], [ 127.132705329028013, 37.468544696756091 ], [ 127.1325571833694, 37.468780284263623 ], [ 127.132498347682954, 37.468880270162707 ], [ 127.132457336326382, 37.468956539732851 ], [ 127.132414851723908, 37.469032271997079 ], [ 127.132400286881335, 37.469055426060123 ], [ 127.13264820274857, 37.46905898496852 ], [ 127.132649968510748, 37.46905912115605 ], [ 127.132651690228485, 37.469059476238705 ], [ 127.132653319310151, 37.469060042854501 ], [ 127.132654813997718, 37.469060803747659 ], [ 127.132656144963931, 37.469061743503751 ], [ 127.132657271612501, 37.469062838561072 ], [ 127.132658171467369, 37.469064060006041 ], [ 127.132658819795225, 37.469065378016658 ], [ 127.132659202049226, 37.469066760999887 ], [ 127.132659303695803, 37.469068174658609 ], [ 127.132658274496563, 37.469110256262717 ], [ 127.132784313273532, 37.469114823144508 ], [ 127.132786216684735, 37.469115024656162 ], [ 127.132788046481934, 37.469115479223035 ], [ 127.132789757492517, 37.469116174085585 ], [ 127.132791295527795, 37.469117090146746 ], [ 127.132792614363623, 37.46911819841916 ], [ 127.132793680215286, 37.469119469954087 ], [ 127.132794463865594, 37.469120866803365 ], [ 127.132794933848885, 37.469122348307721 ], [ 127.132795088110583, 37.469123872096553 ], [ 127.132794586872777, 37.469186346055864 ], [ 127.132809442291745, 37.469186073135411 ], [ 127.132811363187969, 37.46918616833976 ], [ 127.132813239850577, 37.469186521197443 ], [ 127.132814953684658, 37.469187101594848 ], [ 127.132816527360333, 37.469187898786046 ], [ 127.132817916893103, 37.469188888297474 ], [ 127.13281908166897, 37.469190050172841 ], [ 127.132819991348626, 37.469191344657766 ], [ 127.132820622316302, 37.46919274463788 ], [ 127.132820956694189, 37.469194205890687 ], [ 127.13282098335884, 37.469195690524209 ], [ 127.132787028899926, 37.469595834999836 ], [ 127.132786985397672, 37.46959640542962 ], [ 127.132786699849817, 37.469597908021505 ], [ 127.132786101347179, 37.469599349249279 ], [ 127.132785204780603, 37.469600690400441 ], [ 127.132784039742191, 37.469601892808228 ], [ 127.132782638068235, 37.46960292141825 ], [ 127.132781038353684, 37.469603746605351 ], [ 127.132779287074342, 37.469604345979789 ], [ 127.132777434076573, 37.469604701669155 ], [ 127.132775534816972, 37.469604804832095 ], [ 127.132775158238175, 37.469604803661788 ], [ 127.132114285959219, 37.469596577236835 ], [ 127.132112507732671, 37.469596443706564 ], [ 127.132110776967153, 37.469596086785167 ], [ 127.132109142241404, 37.469595516538909 ], [ 127.132107635140173, 37.469594749290678 ], [ 127.13210630080097, 37.469593805011151 ], [ 127.132105170799733, 37.469592701825938 ], [ 127.132104269865366, 37.469591470458475 ], [ 127.132103627236887, 37.469590144350406 ], [ 127.132103251819927, 37.469588752373141 ], [ 127.132103154746432, 37.469587330616015 ], [ 127.132104507799426, 37.469546151395569 ], [ 127.13208558937437, 37.469570353672459 ], [ 127.132058310912754, 37.469613813748595 ], [ 127.132034197271437, 37.469658528460414 ], [ 127.132013587888025, 37.469704232963842 ], [ 127.131996373091383, 37.469750923313683 ], [ 127.131982779689039, 37.469798241473953 ], [ 127.132267039436911, 37.470228337289271 ], [ 127.13227236608266, 37.470236620296838 ], [ 127.132277694991345, 37.470244903311169 ], [ 127.132283135425325, 37.470253275006243 ], [ 127.132288464327544, 37.470261559822802 ], [ 127.132293790536465, 37.470269932964634 ], [ 127.132299231654571, 37.470278396600399 ], [ 127.13230456012765, 37.470286769748782 ], [ 127.132309888160407, 37.470295233032147 ], [ 127.132315215063485, 37.470303696311774 ], [ 127.132320542648316, 37.470312251532633 ], [ 127.132325870684667, 37.470320714815287 ], [ 127.132331197149853, 37.470329268229413 ], [ 127.132336528148585, 37.470337819854691 ], [ 127.132341741073645, 37.470346465755782 ], [ 127.132347069362751, 37.470355109311491 ], [ 127.132352285691695, 37.470363753419974 ], [ 127.132357613546191, 37.470372486209101 ], [ 127.132362826480474, 37.470381131207887 ], [ 127.132368043511264, 37.470389863651711 ], [ 127.132373257826856, 37.470398688927595 ], [ 127.132378474414253, 37.470407512407576 ], [ 127.132383577906083, 37.470416337338179 ], [ 127.132388791103267, 37.470425160807132 ], [ 127.132393894160515, 37.470434074971195 ], [ 127.132398998345423, 37.470442990039885 ], [ 127.132404100274186, 37.470451904199976 ], [ 127.132409200636332, 37.470460907590223 ], [ 127.132414304387893, 37.470469911892174 ], [ 127.132419296183514, 37.470478915845582 ], [ 127.132424283015453, 37.470488009920004 ], [ 127.132429275489741, 37.470497106715811 ], [ 127.132434151497776, 37.47050620044503 ], [ 127.132439140144882, 37.470515386463781 ], [ 127.132444016849234, 37.470524569429998 ], [ 127.132448782273798, 37.470533844890582 ], [ 127.132453658530352, 37.47054311979435 ], [ 127.132458422826403, 37.470552395251019 ], [ 127.132463188254505, 37.470561670711007 ], [ 127.132467949849826, 37.47057103629551 ], [ 127.132472601313864, 37.470580490772541 ], [ 127.132477254342447, 37.470589856920313 ], [ 127.132481791585292, 37.47059931194304 ], [ 127.132486443738003, 37.470608857459588 ], [ 127.132490980978744, 37.470618313383319 ], [ 127.132495408777714, 37.470627948338354 ], [ 127.132499832486772, 37.470637494946608 ], [ 127.132504256895345, 37.470647129890736 ], [ 127.132517195617098, 37.470676217560495 ], [ 127.132533543697377, 37.470715303871089 ], [ 127.132536484999022, 37.47072319366341 ], [ 127.132540018126107, 37.470732857382195 ], [ 127.132549807526885, 37.470759822451761 ], [ 127.132581032726904, 37.470838173464017 ], [ 127.132615530633174, 37.470960004832797 ], [ 127.132640810356193, 37.471083278560648 ], [ 127.132656750874006, 37.471207526468007 ], [ 127.132824237916381, 37.471200927140039 ], [ 127.132831809080727, 37.471323056042699 ], [ 127.132845120313618, 37.471537763169309 ], [ 127.132837653921484, 37.47160552631042 ], [ 127.132828848225174, 37.471703403536914 ], [ 127.132800163405946, 37.471849793606914 ], [ 127.132776833709855, 37.471932084335279 ], [ 127.132776444744536, 37.471933456808394 ], [ 127.132759188807697, 37.47199432471119 ], [ 127.132697394021861, 37.472159834372498 ], [ 127.132667328925763, 37.472241310033944 ], [ 127.132658732962952, 37.47226461066456 ], [ 127.132623543292809, 37.472395357076643 ], [ 127.132604955640289, 37.472503206317676 ], [ 127.132600712879736, 37.472527830162988 ], [ 127.132599247297321, 37.472575867512859 ], [ 127.132592566455088, 37.472794986838657 ], [ 127.132605817612699, 37.473004082748169 ], [ 127.132613814255237, 37.473130279913136 ], [ 127.132651145132485, 37.473719341229476 ], [ 127.132654285416308, 37.473768863918593 ], [ 127.132687045742145, 37.474285787270844 ], [ 127.132713876582542, 37.474366200389639 ], [ 127.132726576427899, 37.474376069258469 ], [ 127.132730993753995, 37.474425105566688 ], [ 127.132733328556895, 37.474461981386021 ], [ 127.132739247905505, 37.47455537316025 ], [ 127.132856051701552, 37.474626457304183 ], [ 127.133122428317492, 37.474579859333772 ], [ 127.133130100606024, 37.474596546703488 ], [ 127.133420751111515, 37.474545700474735 ], [ 127.133520772602665, 37.474528202458686 ], [ 127.133576338284513, 37.474529478959809 ], [ 127.133660553583326, 37.47453141572926 ], [ 127.133717070595225, 37.474521529896322 ], [ 127.134072564856254, 37.474459349178026 ], [ 127.134339187997284, 37.474412713169016 ], [ 127.134359836305066, 37.474409375312007 ], [ 127.134487702242851, 37.474388715917087 ], [ 127.134859014592465, 37.474328721601232 ], [ 127.135060385636038, 37.47429618607282 ], [ 127.135268991459569, 37.47426755832106 ], [ 127.135282894508563, 37.474265650680181 ], [ 127.135287311969961, 37.474257049060768 ], [ 127.135468283147048, 37.474240212051875 ], [ 127.135470911032598, 37.4742400723351 ], [ 127.135535678265867, 37.474236632413131 ], [ 127.135878015879427, 37.474218447307393 ], [ 127.136020426830811, 37.474212365597047 ], [ 127.136034435235729, 37.474211814747761 ], [ 127.136167007188035, 37.474206599412284 ], [ 127.136263138490193, 37.474202819401491 ], [ 127.136396953531545, 37.474170481930443 ], [ 127.136777609986865, 37.474155487586692 ], [ 127.136842519733207, 37.474153186712577 ], [ 127.137029934569085, 37.474153404732199 ], [ 127.13716101245474, 37.474153551325251 ], [ 127.137167032489728, 37.474153557192047 ], [ 127.137337249069674, 37.474153745347685 ], [ 127.137431757775474, 37.474153853306234 ], [ 127.137507299383088, 37.474153937254876 ], [ 127.137623109931468, 37.474149524259104 ], [ 127.137663884016249, 37.474147918677367 ], [ 127.138012763329414, 37.474134181263061 ], [ 127.138080002182264, 37.474131536212944 ], [ 127.138197722773285, 37.474126903162748 ], [ 127.138247832152203, 37.474129900395589 ], [ 127.138334052610702, 37.474135061454056 ], [ 127.13835623820043, 37.47413418743087 ], [ 127.138890857206547, 37.474113136018687 ], [ 127.139118959241117, 37.474104153135727 ], [ 127.139119589298062, 37.47410412892043 ], [ 127.139488150448443, 37.474089616199393 ], [ 127.139525079641018, 37.474088159588646 ], [ 127.139560327902686, 37.474086772652157 ], [ 127.139594827698872, 37.474085103097408 ], [ 127.139905874442576, 37.474072877965575 ], [ 127.139966030938979, 37.474070514018365 ], [ 127.140099846393014, 37.474038183166591 ], [ 127.140142375928065, 37.474036509966858 ], [ 127.140577117498594, 37.47401941286617 ], [ 127.140805240945241, 37.474026416123216 ], [ 127.140814269134225, 37.474026693246124 ], [ 127.140963485293767, 37.474031274099197 ], [ 127.141328483653396, 37.474016914266876 ], [ 127.141350096825875, 37.474016058675218 ], [ 127.141368625266963, 37.474015334330147 ], [ 127.141669190152143, 37.47400350810036 ], [ 127.142120845529917, 37.473985735517147 ], [ 127.142193284064902, 37.473982886644954 ], [ 127.142278922122316, 37.473979520645607 ], [ 127.143383742921486, 37.473936040597565 ], [ 127.143526588260514, 37.473930417154641 ], [ 127.143606429015321, 37.473927276071791 ], [ 127.143932934170294, 37.47391441994921 ], [ 127.144433410580703, 37.47389471249047 ], [ 127.144592733385068, 37.473888438782346 ], [ 127.144717088609212, 37.473883542471278 ], [ 127.14514089913574, 37.473866856304177 ], [ 127.145239279470076, 37.473862983803194 ], [ 127.145748484361135, 37.47384293372783 ], [ 127.145976082069708, 37.47384750255312 ], [ 127.145979744765569, 37.473847357590699 ], [ 127.145990528103241, 37.473846932905644 ], [ 127.146262493723725, 37.473836222539447 ], [ 127.14639632646562, 37.473803883699105 ], [ 127.146749385692758, 37.473789980658154 ], [ 127.146861487937912, 37.473785563742894 ], [ 127.14720159980898, 37.473807291320448 ], [ 127.147516530956253, 37.473827408679988 ], [ 127.147864063252356, 37.473813725584037 ], [ 127.147897013887373, 37.473812423054603 ], [ 127.148337961576885, 37.473795045474958 ], [ 127.148776197674394, 37.47377777716958 ], [ 127.148910029167254, 37.473745453502787 ], [ 127.148968021264949, 37.47374316777524 ], [ 127.14935899163045, 37.47372775520887 ], [ 127.149392088107902, 37.473726449991048 ], [ 127.149561022746212, 37.473719791585744 ], [ 127.149643243007574, 37.473716552526639 ], [ 127.149835083514759, 37.473708985465734 ], [ 127.149868995508442, 37.473707654588701 ], [ 127.149938413344245, 37.473704918207147 ], [ 127.150286836088682, 37.47369118194694 ], [ 127.150473526975262, 37.473695821134896 ], [ 127.15070788630976, 37.473701642929306 ], [ 127.151442552632318, 37.473672677391242 ], [ 127.151908526658886, 37.473654303001872 ], [ 127.151951483318143, 37.473652609682709 ], [ 127.152057698567077, 37.473648421075467 ], [ 127.152091169344189, 37.473647108091328 ], [ 127.152364659419561, 37.473636320561823 ], [ 127.152638357545854, 37.473625525799811 ], [ 127.152957402349855, 37.473612940082013 ], [ 127.153361726813245, 37.473596990134283 ], [ 127.153384261606959, 37.473596101693857 ], [ 127.153388463835668, 37.473595935550229 ], [ 127.153431874026836, 37.473594223193025 ], [ 127.153601076143318, 37.473587547175299 ], [ 127.153734905303253, 37.473555209016929 ], [ 127.15412574037299, 37.473539782980751 ], [ 127.154326202716504, 37.473531884132896 ], [ 127.15444779227424, 37.473527084861715 ], [ 127.154600653584239, 37.47352105006992 ], [ 127.15458831098158, 37.473322369051303 ], [ 127.154585746618309, 37.473280950075832 ], [ 127.154585713865941, 37.473280448820354 ], [ 127.154583645903131, 37.473247158015724 ], [ 127.154577030104264, 37.473140461052097 ], [ 127.154574894697618, 37.473106099226008 ], [ 127.154570044584105, 37.473028095212833 ], [ 127.154564453222108, 37.472938157642965 ], [ 127.154564889606874, 37.472903296765978 ], [ 127.154558895564165, 37.472806988059475 ], [ 127.1545809750898, 37.472808148668079 ], [ 127.154618457531228, 37.472828074777347 ], [ 127.154613437415676, 37.472810603337948 ], [ 127.154609642035837, 37.472780857964658 ], [ 127.154601691114479, 37.4727185340708 ], [ 127.154548515134394, 37.472301681357379 ], [ 127.154530668365041, 37.472161787557248 ], [ 127.154507354195104, 37.47197902409043 ], [ 127.154506723080388, 37.47196871782149 ], [ 127.154501318894646, 37.471882126653206 ], [ 127.154499033399929, 37.471845497442509 ], [ 127.154492371544407, 37.471766300111121 ], [ 127.154514843352999, 37.471765459943271 ], [ 127.154537176925203, 37.471763448491643 ], [ 127.154559305532672, 37.471760266462624 ], [ 127.154782869674847, 37.471718746683123 ], [ 127.154872019094611, 37.471702187601245 ], [ 127.15489267747347, 37.471699006623673 ], [ 127.154913586888185, 37.47169706124798 ], [ 127.154928382609455, 37.471696582565798 ], [ 127.154955649534102, 37.471696960543163 ], [ 127.154976567556488, 37.471698800921658 ], [ 127.15501534957788, 37.471702109500328 ], [ 127.155054340052274, 37.471702878623404 ], [ 127.155059674601844, 37.471702629194368 ], [ 127.155084170852717, 37.471701515404234 ], [ 127.155093281175681, 37.471701097623118 ], [ 127.155131900384461, 37.471696768408137 ], [ 127.155152975435556, 37.47169298468539 ], [ 127.155169947538496, 37.471689935317102 ], [ 127.155177168824849, 37.471688128418869 ], [ 127.155207154444895, 37.471680633622611 ], [ 127.155243295711529, 37.47166893657996 ], [ 127.155278107504358, 37.471654915529683 ], [ 127.155311355293975, 37.471638663530982 ], [ 127.155439293287145, 37.471563821217678 ], [ 127.155454966735562, 37.471555422015243 ], [ 127.155459652607163, 37.471553343606274 ], [ 127.155471467574372, 37.471548103257767 ], [ 127.155488683646411, 37.47154190788352 ], [ 127.155506490367273, 37.471536876090504 ], [ 127.155524749573573, 37.471533049839884 ], [ 127.155543340173011, 37.47153044770716 ], [ 127.155562158028673, 37.471529090120058 ], [ 127.155581050395668, 37.471528992857877 ], [ 127.155599873638351, 37.471530158206029 ], [ 127.15569390430494, 37.471539104282861 ], [ 127.155891679398323, 37.471557924965985 ], [ 127.155975869781898, 37.471565941696227 ], [ 127.156018006077815, 37.471568508873055 ], [ 127.156061629345103, 37.471568154526587 ], [ 127.156102319787053, 37.471565164144266 ], [ 127.156143910245731, 37.47155925233325 ], [ 127.156162763973725, 37.471555247440705 ], [ 127.156184747724794, 37.471550577430222 ], [ 127.156224504019761, 37.471539190760382 ], [ 127.156262920897959, 37.471525175400728 ], [ 127.156282453423017, 37.471518643228507 ], [ 127.156292623374014, 37.471516251739807 ], [ 127.156302986130413, 37.471514480951399 ], [ 127.15631348518464, 37.47151332258656 ], [ 127.156310060491364, 37.471453365425155 ], [ 127.156308418945898, 37.47142484320819 ], [ 127.156306471380674, 37.471390787511574 ], [ 127.156305489005476, 37.471373660487849 ], [ 127.15676537730748, 37.471296580139473 ], [ 127.156761843785432, 37.471249958394303 ], [ 127.156915198145214, 37.471226050627919 ], [ 127.157172972805697, 37.471181309512751 ], [ 127.157276406054365, 37.471163406455709 ], [ 127.157427573586105, 37.471138356859619 ], [ 127.158586922767398, 37.470945737110462 ], [ 127.159118887247161, 37.471058022989091 ], [ 127.15970169530074, 37.471129712026524 ], [ 127.159790651033987, 37.471140774665159 ], [ 127.160189669004879, 37.471189588009679 ], [ 127.160487906858222, 37.471095293400253 ], [ 127.160756706705655, 37.471031725851063 ], [ 127.161051751579691, 37.47104141946587 ], [ 127.161267460264739, 37.471012962630283 ], [ 127.161390903127341, 37.471011984213121 ], [ 127.161664087280371, 37.470991134829546 ], [ 127.161736799021085, 37.470985585971349 ], [ 127.162448779108402, 37.471170927593448 ], [ 127.162701286790224, 37.47110208835867 ], [ 127.162697523461929, 37.470859399871536 ], [ 127.163125531922958, 37.470785392772115 ], [ 127.163523504137913, 37.470868767419276 ], [ 127.164030405692301, 37.470753121278328 ], [ 127.164539368381853, 37.470504635322939 ], [ 127.164881233413752, 37.470409405154278 ], [ 127.16517799145474, 37.470318813520436 ], [ 127.165483324920558, 37.470236723675193 ], [ 127.16539076533185, 37.469900390446291 ], [ 127.165862339623317, 37.469886166374671 ], [ 127.166333490740413, 37.469680117451468 ], [ 127.166642709525163, 37.469655567136257 ], [ 127.166798231783702, 37.469643220787702 ], [ 127.166747175008283, 37.469553191555811 ], [ 127.166667121532583, 37.469534437252058 ], [ 127.16655480454898, 37.469463361223767 ], [ 127.166529480646147, 37.469439692864967 ], [ 127.166483930093307, 37.469397120723592 ], [ 127.166477188616838, 37.46939082186956 ], [ 127.16640649449171, 37.469324749485715 ], [ 127.166430012569236, 37.469260808880101 ], [ 127.166431021008307, 37.469251970214351 ], [ 127.166433129633887, 37.469233496333032 ], [ 127.166465332829617, 37.469159624633377 ], [ 127.166468627862727, 37.46915206695477 ], [ 127.166640065172061, 37.469115509034005 ], [ 127.166791310728428, 37.469062083425882 ], [ 127.166887346991402, 37.469039424309472 ], [ 127.167279055038435, 37.468934692041302 ], [ 127.167383875764401, 37.468892604843731 ], [ 127.16756426981911, 37.468842228489791 ], [ 127.167779786536798, 37.468772376515439 ], [ 127.168089433352108, 37.468778976668325 ], [ 127.168223676470703, 37.468782174942241 ], [ 127.168429773410296, 37.468771459290977 ], [ 127.168533411682915, 37.468784397139501 ], [ 127.168547968178288, 37.468786213665005 ], [ 127.168600468427528, 37.468802474661963 ], [ 127.168953445171539, 37.468834906472438 ], [ 127.169087430600499, 37.468884281001159 ], [ 127.16931599923781, 37.468970110009515 ], [ 127.169594616785943, 37.469082339870461 ], [ 127.169657393422014, 37.469114353486951 ], [ 127.170052895742543, 37.469206142367184 ], [ 127.17015287047667, 37.469287368783945 ], [ 127.170229110034839, 37.46933934800898 ], [ 127.170675215200049, 37.469466544721463 ], [ 127.170792358564157, 37.469561260535656 ], [ 127.170804325070989, 37.469569115038908 ], [ 127.170898494256591, 37.469630936235475 ], [ 127.170980585072286, 37.469691358154499 ], [ 127.171141790827022, 37.469824024886726 ], [ 127.171228496429933, 37.469889789260797 ], [ 127.171331999800387, 37.469970163686767 ], [ 127.171497836171184, 37.470195454698803 ], [ 127.171635539058656, 37.470322245194716 ], [ 127.171660752600914, 37.470379078864788 ], [ 127.171798732928252, 37.470547826783708 ], [ 127.171870466672928, 37.470636131050519 ], [ 127.17190944492306, 37.470686187649626 ], [ 127.171942566146086, 37.470730064425418 ], [ 127.172272439580212, 37.470928376519417 ], [ 127.17268531928805, 37.471044908552706 ], [ 127.172738135482305, 37.471084468026845 ], [ 127.172794129383774, 37.471126408675211 ], [ 127.172915755231614, 37.471171563188655 ], [ 127.173034417041592, 37.471230234390326 ], [ 127.173044885019237, 37.471249644553474 ], [ 127.173166222051776, 37.471246928199463 ], [ 127.17326253033157, 37.471268764262483 ], [ 127.173381161945329, 37.471314200257488 ], [ 127.173525907703251, 37.471349470558607 ], [ 127.173759789379361, 37.471360392108942 ], [ 127.17376898414183, 37.471362631252639 ], [ 127.173852748645672, 37.471381088130137 ], [ 127.174063484418767, 37.471463555210867 ], [ 127.174175897302618, 37.471493242593802 ], [ 127.174242581538294, 37.471536788523544 ], [ 127.174489801308781, 37.471659468061858 ], [ 127.174560553036642, 37.471701882082897 ], [ 127.174668375717175, 37.471736349825576 ], [ 127.174737489765093, 37.471754557522722 ], [ 127.17476896323015, 37.471769431984661 ], [ 127.174959284856456, 37.471807444436386 ], [ 127.175179785559351, 37.471834150771492 ], [ 127.175411226299616, 37.471859435546648 ], [ 127.175569859255617, 37.471940292081726 ], [ 127.175615357851498, 37.471957706119149 ], [ 127.175625668905369, 37.471961266883049 ], [ 127.17597168544404, 37.472080759550948 ], [ 127.176029037277246, 37.472127030753107 ], [ 127.176246872083425, 37.47230278326785 ], [ 127.176315195825538, 37.472365473048683 ], [ 127.176419293829326, 37.472468943064612 ], [ 127.176504637486019, 37.472554402806473 ], [ 127.176775824652992, 37.472726884209678 ], [ 127.176917367939822, 37.472827191454904 ], [ 127.177279129997117, 37.47283115816645 ], [ 127.177354589859149, 37.472923119799937 ], [ 127.177481598951772, 37.473077506561069 ], [ 127.177524649985031, 37.473132349658748 ], [ 127.177548236222677, 37.47316750785015 ], [ 127.177665071767819, 37.473278272931722 ], [ 127.177726818565617, 37.473321546530258 ], [ 127.177900809212701, 37.47324807189483 ], [ 127.178045158929251, 37.473185622886881 ], [ 127.178201108957367, 37.473104589360503 ], [ 127.178353452767709, 37.473214733875224 ], [ 127.17836233694301, 37.473233586714692 ], [ 127.178445715006745, 37.473278323147468 ], [ 127.17854078513183, 37.473329330592961 ], [ 127.178725867702212, 37.473314411579814 ], [ 127.178871925499806, 37.47330461595611 ], [ 127.178899863500547, 37.473321188700083 ], [ 127.178942158786384, 37.473351254253295 ], [ 127.178942585804549, 37.47335242358524 ], [ 127.178958328400014, 37.473395814902112 ], [ 127.178931536267115, 37.47363959973859 ], [ 127.178656310848154, 37.474378825142921 ], [ 127.178656370375521, 37.474379185851554 ], [ 127.178707433212949, 37.474602672600206 ], [ 127.178754255860312, 37.474807516539087 ], [ 127.178754344696742, 37.474807899861474 ], [ 127.178760166937096, 37.47480789135367 ], [ 127.178786327043298, 37.47480926584884 ], [ 127.178962328326037, 37.474689610004361 ], [ 127.179313095818372, 37.474432978908652 ], [ 127.179381134294644, 37.47438320438571 ], [ 127.17949275638334, 37.474301381872039 ], [ 127.179743527416321, 37.474256971842131 ], [ 127.17988243229631, 37.47423237316935 ], [ 127.179891774735438, 37.474229546554504 ], [ 127.179968928589986, 37.474208312028722 ], [ 127.180193582984231, 37.474124629854657 ], [ 127.18045856463678, 37.473984573055944 ], [ 127.180474610547463, 37.473958015305769 ], [ 127.180543019668207, 37.47384479028171 ], [ 127.180593460416418, 37.473664514429252 ], [ 127.180674985916397, 37.473628350196158 ], [ 127.180819252345046, 37.47353352497754 ], [ 127.180926416422921, 37.473438758038121 ], [ 127.180991675314047, 37.473311288043597 ], [ 127.181016435851049, 37.473262926237901 ], [ 127.18103190115005, 37.473230799997523 ], [ 127.181038893081933, 37.473199820856891 ], [ 127.181043329503737, 37.473060158786573 ], [ 127.181043324313222, 37.473058186581298 ], [ 127.181040621372844, 37.473033701759334 ], [ 127.181001963458172, 37.472902827056494 ], [ 127.180977076001952, 37.472834730080841 ], [ 127.180972731334705, 37.47263933619886 ], [ 127.18095162113039, 37.47252870848672 ], [ 127.180951733419803, 37.47247940941169 ], [ 127.180952022680515, 37.472352290373067 ], [ 127.180952052181254, 37.472339496446196 ], [ 127.180952935615707, 37.472337591538484 ], [ 127.181058895211294, 37.472109579292322 ], [ 127.180973443987611, 37.471830398871347 ], [ 127.181059399400439, 37.471713582955708 ], [ 127.181215698661433, 37.471501164857251 ], [ 127.181350634589563, 37.471199123659986 ], [ 127.181316020927042, 37.470906350896414 ], [ 127.181445794311358, 37.470811548865079 ], [ 127.181648623833439, 37.470814841059678 ], [ 127.181826272132355, 37.470817724387501 ], [ 127.181903633760115, 37.470815354759445 ], [ 127.182050083439833, 37.470603395739872 ], [ 127.182050259348856, 37.47045613439046 ], [ 127.182086012885193, 37.470192537309316 ], [ 127.18207791678644, 37.470130326571173 ], [ 127.182071851869438, 37.470109216448726 ], [ 127.181983737492857, 37.46982244178286 ], [ 127.181871685552608, 37.469426176557505 ], [ 127.181848691991959, 37.469340893939922 ], [ 127.181776995564761, 37.469166605309866 ], [ 127.181769632526425, 37.469148704147507 ], [ 127.181805488083995, 37.468905404368073 ], [ 127.181814123048539, 37.468846800856454 ], [ 127.181827523880074, 37.468689384210123 ], [ 127.18185828691648, 37.468409746459713 ], [ 127.181970843416778, 37.468206849578173 ], [ 127.182179405464836, 37.467827264197943 ], [ 127.182188384018119, 37.467814018407253 ], [ 127.182184940311487, 37.467778547527146 ], [ 127.182173369197073, 37.467737451883906 ], [ 127.18211796614041, 37.467544109052092 ], [ 127.182103355781678, 37.467490629441912 ], [ 127.182033051195759, 37.4672416392768 ], [ 127.181996471852159, 37.467112093574833 ], [ 127.181996967986734, 37.467076124916218 ], [ 127.182002559089071, 37.466670271937282 ], [ 127.182005037633104, 37.466490387159617 ], [ 127.182006755632329, 37.466391275537269 ], [ 127.182003809485224, 37.466346229847083 ], [ 127.182000142572079, 37.466287668905082 ], [ 127.181997377169111, 37.466238398086283 ], [ 127.18197091291286, 37.466050032850497 ], [ 127.181960714940232, 37.465977452473062 ], [ 127.181942572540066, 37.465850770419443 ], [ 127.181715742764766, 37.465535767835227 ], [ 127.181621534298657, 37.465430041341079 ], [ 127.1814386095608, 37.465232947304912 ], [ 127.181415397133293, 37.465202852936535 ], [ 127.181474961574935, 37.464851092256964 ], [ 127.181552645761997, 37.46443208959586 ], [ 127.181565977625908, 37.46436018550235 ], [ 127.181778370427793, 37.464153381600823 ], [ 127.181912288718522, 37.464022986030479 ], [ 127.181948867236542, 37.463987370461496 ], [ 127.182050888177599, 37.463886419511525 ], [ 127.182158018459006, 37.463782639297342 ], [ 127.182199457265057, 37.463754420732705 ], [ 127.182278411788829, 37.46368334740491 ], [ 127.182462689956594, 37.463565932891875 ], [ 127.182564244467798, 37.4634936978401 ], [ 127.182987445552456, 37.463213736674582 ], [ 127.183252418860405, 37.462943028865169 ], [ 127.18354042120626, 37.462847981371134 ], [ 127.183891029152676, 37.462933035493272 ], [ 127.184023454437224, 37.46284836173831 ], [ 127.184331595778175, 37.46268204625575 ], [ 127.184629624176594, 37.462528150877489 ], [ 127.184641693152457, 37.462521918572428 ], [ 127.184628072098505, 37.462455613586378 ], [ 127.184578778468605, 37.46221567464611 ], [ 127.184403285739592, 37.462094310901577 ], [ 127.184380351125398, 37.462034654744528 ], [ 127.184357554656884, 37.461956131497757 ], [ 127.184344241846915, 37.461926869953132 ], [ 127.184272345234504, 37.461702575940848 ], [ 127.184331746519291, 37.461532619268532 ], [ 127.184362145187151, 37.461445651659481 ], [ 127.184227578490962, 37.461161485316197 ], [ 127.184145727127884, 37.460981969851908 ], [ 127.184132371364981, 37.460947388284154 ], [ 127.184117472002129, 37.460908805918287 ], [ 127.183935479380182, 37.460293026737325 ], [ 127.183997788451194, 37.460351495727885 ], [ 127.184088254375766, 37.460369375592073 ], [ 127.184165010772958, 37.460332503838409 ], [ 127.18420115233836, 37.460315140904669 ], [ 127.184268682661894, 37.460197907197745 ], [ 127.1842119704705, 37.46011690285053 ], [ 127.184177006364365, 37.4601065121728 ], [ 127.184121483921587, 37.460090012939389 ], [ 127.184048734377839, 37.460092657772854 ], [ 127.184076163024912, 37.460045032448207 ], [ 127.184186673511547, 37.459924387519401 ], [ 127.184294925361627, 37.459806209807326 ], [ 127.184346694864288, 37.459742778131492 ], [ 127.184512473749663, 37.459502349715564 ], [ 127.184650815635322, 37.459309825929445 ], [ 127.184672489389769, 37.459225292957164 ], [ 127.184697128979565, 37.459129183493999 ], [ 127.18472350204506, 37.459026308463493 ], [ 127.184728661248812, 37.459006180227753 ], [ 127.184755078799, 37.458831273274178 ], [ 127.184756989718622, 37.458818614131843 ], [ 127.184815234517629, 37.458803503896881 ], [ 127.184962254001803, 37.458765362374081 ], [ 127.1858683121947, 37.458509138946368 ], [ 127.186682853038107, 37.458315556302864 ], [ 127.187268486106504, 37.458179207887149 ], [ 127.187296651194501, 37.458172115627519 ], [ 127.18741144281735, 37.458143220351069 ], [ 127.187687183021978, 37.458198712090649 ], [ 127.187722417125798, 37.458205802531943 ], [ 127.187851912648114, 37.458224464080807 ], [ 127.188008476353446, 37.458261105361814 ], [ 127.18807315384889, 37.458276482198741 ], [ 127.188239691941362, 37.458279319298626 ], [ 127.188293396985259, 37.458285990485223 ], [ 127.188434699983034, 37.458294778290174 ], [ 127.188739912644138, 37.45831231559 ], [ 127.188819402602817, 37.458320352420323 ], [ 127.188875214019248, 37.458319983784591 ], [ 127.18931598793948, 37.458343939022349 ], [ 127.189378597472299, 37.458347341323609 ], [ 127.189433247210133, 37.458271617579207 ], [ 127.189732169277761, 37.457857416697792 ], [ 127.18973072344123, 37.457844471036481 ], [ 127.189812179428543, 37.457792253996743 ], [ 127.190492827879822, 37.457453291982617 ], [ 127.190513640922404, 37.457441996442277 ], [ 127.190561633455872, 37.457424745510281 ], [ 127.190568870290832, 37.457422193752542 ], [ 127.190887372288074, 37.457318351202233 ], [ 127.19133186704758, 37.457177421075691 ], [ 127.191415703949971, 37.457141624886624 ], [ 127.191460294377507, 37.457122585400548 ], [ 127.191485815237783, 37.457111331724178 ], [ 127.191664041989725, 37.457032726000655 ], [ 127.1916967141822, 37.456546131011521 ], [ 127.1914979701654, 37.456168030312469 ], [ 127.191005289179373, 37.455758862443062 ], [ 127.191120343348445, 37.45554776399883 ], [ 127.191243977773681, 37.455320929197939 ], [ 127.191258414532086, 37.455294438691816 ], [ 127.191913512178161, 37.455126699725319 ], [ 127.192657672178242, 37.4544272199105 ], [ 127.192896102330053, 37.454024481943698 ], [ 127.192958343545158, 37.453924640235186 ], [ 127.193073741101315, 37.453739529911665 ], [ 127.193276794490572, 37.453453132861725 ], [ 127.193925228290141, 37.45289796174157 ], [ 127.194177148541115, 37.451974020424267 ], [ 127.194841878043675, 37.451171040856401 ], [ 127.194791945441395, 37.450911236907238 ], [ 127.194685029175105, 37.450470208436741 ], [ 127.19468662106992, 37.450470205338178 ], [ 127.19467147142413, 37.450415038357434 ], [ 127.194670032639792, 37.450405188064799 ], [ 127.194644884875984, 37.450034401854751 ], [ 127.194624881144549, 37.44973907816717 ], [ 127.194628324364317, 37.449705003522489 ], [ 127.194780030720793, 37.449232575820638 ], [ 127.19481715716428, 37.449179860362932 ], [ 127.195017354664074, 37.449025234952217 ], [ 127.195046266693765, 37.449008295275064 ], [ 127.195131811602451, 37.448971833772674 ], [ 127.19540016352812, 37.448882698647886 ], [ 127.195415588680405, 37.448837345350789 ], [ 127.195416648082229, 37.448836495383858 ], [ 127.19540578501919, 37.448530172451491 ], [ 127.195364473496568, 37.447367942408341 ], [ 127.195358936917387, 37.447344867452458 ], [ 127.195350363148592, 37.447306868773964 ], [ 127.195248051209262, 37.447078451682557 ], [ 127.195188040390079, 37.446944479328785 ], [ 127.195187499036891, 37.446940812956413 ], [ 127.195179430058772, 37.446892118088833 ], [ 127.195206414018756, 37.446724325274424 ], [ 127.195242162337792, 37.446502050916962 ], [ 127.19528723530658, 37.446381468077561 ], [ 127.195349156530696, 37.446291265208266 ], [ 127.195350952595831, 37.446282430988589 ], [ 127.19536118555537, 37.446232123876747 ], [ 127.195237057056502, 37.445342015788519 ], [ 127.195241380588115, 37.445305122076334 ], [ 127.195522981680398, 37.444815583660542 ], [ 127.19552321654426, 37.444772970112702 ], [ 127.195523220688187, 37.444772226491665 ], [ 127.195523215114179, 37.444770254275888 ], [ 127.195425532816529, 37.444411138541646 ], [ 127.19542936925717, 37.444395643931138 ], [ 127.195466488355351, 37.444341801487404 ], [ 127.195722145598694, 37.443994777370257 ], [ 127.195728124015247, 37.44398576281742 ], [ 127.195819151425709, 37.443611127354174 ], [ 127.195818556432016, 37.443586919479145 ], [ 127.19577342797723, 37.443491487750535 ], [ 127.195697478418666, 37.443330889485459 ], [ 127.195656183387342, 37.443271833431389 ], [ 127.195451774256952, 37.443048320094178 ], [ 127.195323478936686, 37.442908031609988 ], [ 127.195206275776172, 37.442510374874587 ], [ 127.195182118476993, 37.442454943992175 ], [ 127.195024668925598, 37.442198697776718 ], [ 127.19494012532023, 37.442052505985622 ], [ 127.194798454826341, 37.441807525868199 ], [ 127.194779029656218, 37.441773933844907 ], [ 127.194750016883916, 37.441683881242014 ], [ 127.194732430885992, 37.441572409089886 ], [ 127.194715912902538, 37.441467973099364 ], [ 127.194709899014228, 37.441463200123394 ], [ 127.194661526189734, 37.441393171949187 ], [ 127.194559547349911, 37.441355045417431 ], [ 127.194498490433133, 37.44129766309927 ], [ 127.194482384130723, 37.441282527088063 ], [ 127.194384987522184, 37.441095911164766 ], [ 127.194285782050358, 37.440905834616096 ], [ 127.194244328481361, 37.440827994842195 ], [ 127.19411244274599, 37.440580345870664 ], [ 127.194094971840443, 37.440513929001767 ], [ 127.194071981850882, 37.440432028491657 ], [ 127.194064222097253, 37.440296890880454 ], [ 127.194058756418741, 37.439954517452023 ], [ 127.194062492855764, 37.439828371031211 ], [ 127.194062062074735, 37.439818117705514 ], [ 127.194058736898299, 37.439739118221453 ], [ 127.194043663874012, 37.439713242264247 ], [ 127.194008150999579, 37.439633894451312 ], [ 127.193905154907227, 37.439542836120516 ], [ 127.193829765542645, 37.439472541120381 ], [ 127.19371313436686, 37.439363794820615 ], [ 127.193669249247819, 37.439259682529944 ], [ 127.193660565083377, 37.439243371319492 ], [ 127.193649412536033, 37.439164828356375 ], [ 127.193652823837823, 37.439115548342215 ], [ 127.193658705596377, 37.439100537705365 ], [ 127.193684393879266, 37.439034973538853 ], [ 127.193917889467272, 37.438723178891493 ], [ 127.193900767409502, 37.438655630753402 ], [ 127.193909684933658, 37.438623802040858 ], [ 127.19363686721978, 37.438268284294793 ], [ 127.193373644597912, 37.437925266694222 ], [ 127.19337742036744, 37.437920784047158 ], [ 127.193378398368779, 37.437919627418829 ], [ 127.193663117110503, 37.437687156186612 ], [ 127.193681068377472, 37.437664032921226 ], [ 127.193759252431647, 37.43737812535246 ], [ 127.193820157833727, 37.437155187939872 ], [ 127.193922625408149, 37.43678009549722 ], [ 127.194026642098621, 37.43644711188594 ], [ 127.194109401187148, 37.436291841944012 ], [ 127.19411666077302, 37.43627816977574 ], [ 127.194141725830733, 37.436230971141654 ], [ 127.194143389847071, 37.436188449568704 ], [ 127.194140017983102, 37.436173432982471 ], [ 127.194002302953706, 37.435560225773891 ], [ 127.193905403480528, 37.435225039039935 ], [ 127.193835397642673, 37.434983574549406 ], [ 127.19383484192943, 37.434982359861678 ], [ 127.193823683981577, 37.434957968644738 ], [ 127.193797763366248, 37.434901419651531 ], [ 127.193765789654762, 37.434826569712712 ], [ 127.193761621157833, 37.434783220887383 ], [ 127.193819375739494, 37.434006006328914 ], [ 127.193835865983971, 37.433784107478239 ], [ 127.193842690117009, 37.433761850413788 ], [ 127.194255204124005, 37.432904094887569 ], [ 127.194270281505851, 37.432866056260835 ], [ 127.194274852586105, 37.432854380873991 ], [ 127.194324063043425, 37.432728676391307 ], [ 127.194339215414672, 37.432689969129235 ], [ 127.194384991026368, 37.432573330764697 ], [ 127.194389539138825, 37.432558677175017 ], [ 127.194410621951519, 37.432518380790036 ], [ 127.19441396243478, 37.432511618307352 ], [ 127.194446371914694, 37.432412170610235 ], [ 127.194451445700281, 37.432395269449373 ], [ 127.194573630566808, 37.431924575113754 ], [ 127.19457546397868, 37.431893130922361 ], [ 127.19457566571684, 37.431889659352073 ], [ 127.19457524793971, 37.431885656173343 ], [ 127.194514495421146, 37.431304383525088 ], [ 127.194516243166021, 37.431299028473191 ], [ 127.194557816316177, 37.43128308423919 ], [ 127.194781676824434, 37.43119723154129 ], [ 127.195209308134181, 37.431033147365675 ], [ 127.195239378098236, 37.431021607989223 ], [ 127.195433870343308, 37.43094698155744 ], [ 127.195429429691274, 37.430938255633244 ], [ 127.195388367960234, 37.430858207879481 ], [ 127.195225386969184, 37.430540461798493 ], [ 127.195194370009915, 37.430490114002104 ], [ 127.195034075834457, 37.430277499111 ], [ 127.194907930186304, 37.430110183254406 ], [ 127.194887402444166, 37.430092764399895 ], [ 127.194404791481929, 37.429790289352084 ], [ 127.194394958167592, 37.429784127376074 ], [ 127.194391422726866, 37.429781879222773 ], [ 127.194433815630646, 37.429240926410607 ], [ 127.19442829406546, 37.429221220718595 ], [ 127.194424903905102, 37.429206872895556 ], [ 127.194371161426872, 37.429112068041547 ], [ 127.194189201499611, 37.428746137099388 ], [ 127.194015363405654, 37.428396530938329 ], [ 127.193911049632163, 37.428186750857499 ], [ 127.193911913592757, 37.4281791472986 ], [ 127.193911178240981, 37.428171263777955 ], [ 127.193988789980722, 37.428022983135214 ], [ 127.194045399564402, 37.427914824136671 ], [ 127.194045353091681, 37.427896803741262 ], [ 127.194046909131501, 37.427882719288192 ], [ 127.193962961628358, 37.427659712899413 ], [ 127.193821998721461, 37.427285257683714 ], [ 127.193648411003949, 37.426824125394873 ], [ 127.193404834704523, 37.426143410444503 ], [ 127.193411353085338, 37.426138894337655 ], [ 127.19386637885232, 37.425837724605003 ], [ 127.193912599400917, 37.425825258398461 ], [ 127.193923888381761, 37.425821582978607 ], [ 127.194115567588952, 37.425813946013783 ], [ 127.194121918577054, 37.425809997300242 ], [ 127.194139911091014, 37.425804057825857 ], [ 127.194254258152014, 37.425651537275101 ], [ 127.194302988051618, 37.425586703932041 ], [ 127.194314963390326, 37.425571540426631 ], [ 127.194433898591498, 37.425420928952811 ], [ 127.194454664455378, 37.425394431734908 ], [ 127.194467985918223, 37.425359775859306 ], [ 127.194466848531974, 37.425354864033011 ], [ 127.194409083304635, 37.4251056180128 ], [ 127.194379529183479, 37.424976342158629 ], [ 127.194348917964049, 37.424842450325109 ], [ 127.19434245862837, 37.424800788306179 ], [ 127.194335609133802, 37.424674945885464 ], [ 127.194307937160247, 37.424626274004517 ], [ 127.193949405203881, 37.424282274054995 ], [ 127.19393792421954, 37.424271258374134 ], [ 127.19394134329184, 37.424269264371269 ], [ 127.193968421689505, 37.424253475684971 ], [ 127.193910534009149, 37.424219547691052 ], [ 127.193337996732112, 37.423883960242563 ], [ 127.193301935301676, 37.423865720210607 ], [ 127.192912126333837, 37.42370500894949 ], [ 127.192879757789271, 37.423682256183476 ], [ 127.192758526484184, 37.423571010756234 ], [ 127.192741957829057, 37.423555802961268 ], [ 127.192539161910801, 37.423369706027472 ], [ 127.192522556251333, 37.423019186608663 ], [ 127.192506417048293, 37.422989929262791 ], [ 127.192377805434191, 37.422862566581166 ], [ 127.192082600763797, 37.422570229342313 ], [ 127.192045596125183, 37.422529744136554 ], [ 127.19191065188852, 37.422354274278746 ], [ 127.191838928179223, 37.42226118891233 ], [ 127.191818760394057, 37.422244326593869 ], [ 127.191376818685256, 37.422066932294378 ], [ 127.191370219181536, 37.422064284852588 ], [ 127.19136322929451, 37.42206147774921 ], [ 127.191340449808706, 37.422057289977133 ], [ 127.191057422151218, 37.422099135233111 ], [ 127.191026703963246, 37.422098616883503 ], [ 127.190813180576285, 37.422050817554208 ], [ 127.19049453890662, 37.421972342897675 ], [ 127.190383791748118, 37.421945070233498 ], [ 127.190357470980473, 37.421935252923298 ], [ 127.190305695472517, 37.421912253016579 ], [ 127.190279520087955, 37.421895680263241 ], [ 127.19007214565508, 37.421766490713225 ], [ 127.189478363173549, 37.421419420994965 ], [ 127.189460166933117, 37.421414377776379 ], [ 127.189341556531062, 37.421407539288317 ], [ 127.189327054361385, 37.421406705263671 ], [ 127.18931184606538, 37.421393781038802 ], [ 127.189231382239967, 37.421263825598416 ], [ 127.189185333867059, 37.421205050250826 ], [ 127.188994104577134, 37.421035575523405 ], [ 127.188953787128625, 37.421008321830897 ], [ 127.18875073385739, 37.420912351591625 ], [ 127.18874648391224, 37.420907573929817 ], [ 127.188715997748133, 37.420854400854495 ], [ 127.188690103620829, 37.420808553622358 ], [ 127.188659455049944, 37.420762416239441 ], [ 127.188539501815626, 37.42058043889768 ], [ 127.188532912683044, 37.420556515261971 ], [ 127.188527216818287, 37.420537940937663 ], [ 127.188518197014574, 37.420458835911226 ], [ 127.188502291799054, 37.420454357433997 ], [ 127.188497867129442, 37.420446480374252 ], [ 127.188351162118082, 37.420436286758147 ], [ 127.188125712909752, 37.420423137858791 ], [ 127.188085980245916, 37.420413902101217 ], [ 127.187847772082335, 37.420307570882194 ], [ 127.187852347898286, 37.42030079741091 ], [ 127.187836441946587, 37.420294063601098 ], [ 127.187863316550917, 37.420261715696675 ], [ 127.187927787795374, 37.420184113436903 ], [ 127.18792741491076, 37.420175383533731 ], [ 127.187929516501711, 37.420170595567349 ], [ 127.187794460871444, 37.419878827925359 ], [ 127.187782748385416, 37.419851815222408 ], [ 127.187724232088399, 37.419743502829874 ], [ 127.187720159756253, 37.419738440765002 ], [ 127.187570040352497, 37.419563543253588 ], [ 127.187198458122452, 37.419121223798093 ], [ 127.187181107613156, 37.419102670847238 ], [ 127.187089697058099, 37.419039455236089 ], [ 127.187048886929617, 37.419023473988752 ], [ 127.186828205569867, 37.418936258399775 ], [ 127.186767966003814, 37.418915233766782 ], [ 127.186321849335485, 37.418814279462438 ], [ 127.186255088699767, 37.418796085612058 ], [ 127.185678973948271, 37.418578472115001 ], [ 127.185666405403609, 37.418573724503567 ], [ 127.185603164244682, 37.418549603183429 ], [ 127.185601035536521, 37.41854679604716 ], [ 127.185582289396095, 37.41853105684919 ], [ 127.185529784766587, 37.418282793744034 ], [ 127.185522307668492, 37.418249614049707 ], [ 127.185506943963077, 37.418181465240508 ], [ 127.185495938414647, 37.418083218471857 ], [ 127.18549350208437, 37.418049933202873 ], [ 127.18547876957328, 37.417848703362758 ], [ 127.185468891930071, 37.417777484631891 ], [ 127.185324012236975, 37.417012298022584 ], [ 127.185309750315824, 37.416936971747511 ], [ 127.185307476883153, 37.416875315197785 ], [ 127.185343243600556, 37.416488667891677 ], [ 127.185338195796817, 37.416373795736511 ], [ 127.185317009472286, 37.416296963754107 ], [ 127.185280481612068, 37.41623029270005 ], [ 127.185185977710191, 37.416125975436699 ], [ 127.18514813187555, 37.416095058412878 ], [ 127.184991675056594, 37.415995072047338 ], [ 127.18493205960516, 37.415937158425855 ], [ 127.184892552489202, 37.415875554055603 ], [ 127.184830470685881, 37.415750922974659 ], [ 127.184735546424406, 37.415551718178747 ], [ 127.18472348862737, 37.415525547923394 ], [ 127.184719228739453, 37.415516265911222 ], [ 127.184116182210047, 37.415468201955527 ], [ 127.184082612060919, 37.415456152798249 ], [ 127.183898269405617, 37.415353379121882 ], [ 127.183872109084547, 37.415338670827026 ], [ 127.183580666445579, 37.415174797991575 ], [ 127.183553275862565, 37.415162446135653 ], [ 127.183176830509069, 37.41502984784151 ], [ 127.183159171090665, 37.415023115911289 ], [ 127.183144162897392, 37.415026288192799 ], [ 127.182497804863459, 37.415162940569274 ], [ 127.182114806242666, 37.415240958442382 ], [ 127.182097562432475, 37.415262105227221 ], [ 127.181924190228983, 37.415464250192024 ], [ 127.181850084238121, 37.415547707490106 ], [ 127.181832254132445, 37.415546329075873 ], [ 127.181087446010309, 37.415485795949969 ], [ 127.181082511575539, 37.415488055909165 ], [ 127.18050054521953, 37.415771063371253 ], [ 127.180477324946565, 37.415801797023498 ], [ 127.180452111014873, 37.415886304970066 ], [ 127.18037487912369, 37.416143487661827 ], [ 127.180372237027115, 37.4161432137115 ], [ 127.180366783509982, 37.41615166288598 ], [ 127.180331184200256, 37.416137713388736 ], [ 127.179691730031834, 37.415887173154758 ], [ 127.179626663686804, 37.415862997719373 ], [ 127.179475863111264, 37.415806965970951 ], [ 127.179244981432703, 37.415725942473841 ], [ 127.179201529421135, 37.415713899373621 ], [ 127.179057280116126, 37.415696095090325 ], [ 127.178916721275286, 37.415666743213187 ], [ 127.178897294837384, 37.415663674448126 ], [ 127.17885226707989, 37.415653604558329 ], [ 127.178830016996457, 37.415648853355641 ], [ 127.1788149946901, 37.415640703767878 ], [ 127.178797496693775, 37.415631161136027 ], [ 127.178775304092881, 37.415614275757811 ], [ 127.178664529326142, 37.415529997141 ], [ 127.178613624033773, 37.415498537760961 ], [ 127.178588626346595, 37.415479084814564 ], [ 127.178373852262382, 37.41531193728126 ], [ 127.178326296123629, 37.415283005332249 ], [ 127.178093380759151, 37.415164258681436 ], [ 127.177999211029302, 37.415116247340784 ], [ 127.177975891451112, 37.415109803886004 ], [ 127.177945334491397, 37.415100560868339 ], [ 127.177878105876601, 37.415097891717949 ], [ 127.177788056079962, 37.415094316646453 ], [ 127.177608363006229, 37.415086979920098 ], [ 127.177583624916537, 37.415077448011523 ], [ 127.177575508306745, 37.415074923656604 ], [ 127.177119935944972, 37.415069407813654 ], [ 127.17714133723716, 37.415017516362639 ], [ 127.177224072413253, 37.414816906709454 ], [ 127.177228229094396, 37.414806826253105 ], [ 127.177228814749725, 37.414798596487124 ], [ 127.177264295963582, 37.414302765312172 ], [ 127.177274319710534, 37.414290083273315 ], [ 127.177289961215834, 37.414260218313864 ], [ 127.177744847006835, 37.413978812813113 ], [ 127.177749047762646, 37.413965011576543 ], [ 127.177760841422639, 37.413950920962044 ], [ 127.177712027540338, 37.413575417944337 ], [ 127.177688051780905, 37.413390987813855 ], [ 127.1776913661691, 37.413374377276199 ], [ 127.177700233584531, 37.413316356431459 ], [ 127.177768629194361, 37.41320688144156 ], [ 127.177827004831428, 37.413113441629065 ], [ 127.177854791094546, 37.413068628809917 ], [ 127.177882168319044, 37.413002425212014 ], [ 127.177898361787371, 37.412618426267059 ], [ 127.177900727662021, 37.412562308519135 ], [ 127.177878860206647, 37.412495611995766 ], [ 127.17761952574584, 37.412182125753134 ], [ 127.177378676214687, 37.411890985818133 ], [ 127.177376616268148, 37.411841433340662 ], [ 127.177371998504114, 37.411826798612019 ], [ 127.177461552586379, 37.411597708465955 ], [ 127.177497440994955, 37.411505906534387 ], [ 127.17751106289596, 37.41144563439687 ], [ 127.177514821869039, 37.411405701054477 ], [ 127.177528106738961, 37.411264560104243 ], [ 127.177578595113275, 37.410732598123509 ], [ 127.177582708790766, 37.410689246820056 ], [ 127.177573438453322, 37.41064702089146 ], [ 127.177421571034529, 37.410458882343249 ], [ 127.177387066509723, 37.410421487430199 ], [ 127.177189861866637, 37.410242700130262 ], [ 127.177186718675031, 37.410184134517664 ], [ 127.177183349837208, 37.410177101792769 ], [ 127.177197047971219, 37.41014751995754 ], [ 127.177221054322459, 37.410149173725031 ], [ 127.17723475065155, 37.410117900897781 ], [ 127.177244039123082, 37.410089731193523 ], [ 127.177246658800129, 37.410080428927003 ], [ 127.177320471186007, 37.409868022690112 ], [ 127.177323958487477, 37.40985112418408 ], [ 127.177318806612107, 37.409835642499651 ], [ 127.177203701689862, 37.409685783591371 ], [ 127.177181650079831, 37.409657071322385 ], [ 127.177001042963525, 37.409421928061391 ], [ 127.176993249900661, 37.409408146353812 ], [ 127.176892391476869, 37.409072109726381 ], [ 127.176880290481776, 37.409032140255768 ], [ 127.176877638547822, 37.409027640546256 ], [ 127.176865763637863, 37.409007384802258 ], [ 127.176810913329746, 37.408945097569351 ], [ 127.176772163493581, 37.408901096391745 ], [ 127.176486043101789, 37.40858419196865 ], [ 127.176448547485975, 37.408547644895982 ], [ 127.176222227491209, 37.40836778113939 ], [ 127.176206637948425, 37.408342179003832 ], [ 127.176197251670075, 37.408329236567319 ], [ 127.176123419896925, 37.407998223609084 ], [ 127.176104807845277, 37.407964742355709 ], [ 127.176094881019324, 37.407945614983767 ], [ 127.175800798141964, 37.407614932037305 ], [ 127.175773743910682, 37.407590753227318 ], [ 127.175671881696147, 37.407521632985912 ], [ 127.175345624393003, 37.407300247236918 ], [ 127.175339246854776, 37.407289274388539 ], [ 127.175321722327652, 37.407267054194158 ], [ 127.17520381660259, 37.40656978921028 ], [ 127.175159752733876, 37.406519730060445 ], [ 127.175146088240794, 37.406511655838933 ], [ 127.174426354381083, 37.406086355186652 ], [ 127.174421409203319, 37.406081010824757 ], [ 127.174358000010955, 37.405982270604831 ], [ 127.17420940931315, 37.405751188920632 ], [ 127.17417946793617, 37.405704624194009 ] ] ] } }
]
}
