od_id,origin_location_id,origin_name,origin_resolved_name,origin_address,origin_lat,origin_lon,origin_poi_id,destination_location_id,destination_name,destination_resolved_name,destination_address,destination_lat,destination_lon,destination_poi_id,destination_region,user_count
OD_000001,ORG_008,카카오게임즈,카카오게임즈,경기 성남시 분당구 백현동,37.39447653,127.10987504,6508888,EXT_012,경기광주역,경기광주역[경강선],경기 광주시 역동,37.39925633,127.25308413,6552665,gwangju,36
OD_000002,ORG_007,위메이드 판교 사옥,위메이드타워,경기 성남시 분당구 삼평동,37.40133688,127.11176357,5888704,EXT_013,미사역,미사역[5호선],경기 하남시 망월동,37.56309735,127.19289048,8467712,hanam,33
OD_000003,ORG_007,위메이드 판교 사옥,위메이드타워,경기 성남시 분당구 삼평동,37.40133688,127.11176357,5888704,EXT_006,교대역,교대역[2호선],서울 서초구 서초동,37.49399104,127.01435314,280182,seoul,32
OD_000004,ORG_014,경기창조경제혁신센터,경기창조경제혁신센터,경기 성남시 분당구 삼평동,37.40047572,127.10393097,6289967,EXT_007,사당역,사당역[2호선],서울 동작구 사당동,37.47654804,126.98160661,280185,seoul,32
OD_000005,ORG_013,차바이오컴플렉스,차바이오컴플렉스,경기 성남시 분당구 삼평동,37.4041421,127.11129131,2849159,EXT_001,강남역,강남역[2호선],서울 강남구 역삼동,37.49804637,127.0279629,280181,seoul,31
OD_000006,ORG_015,유스페이스1,유스페이스 1동,경기 성남시 분당구 삼평동,37.40011472,127.10762509,2875928,EXT_011,기흥역,기흥역[용인경전철],경기 용인시 기흥구 구갈동,37.27601815,127.11693329,1933629,yongin,31
OD_000007,ORG_008,카카오게임즈,카카오게임즈,경기 성남시 분당구 백현동,37.39447653,127.10987504,6508888,EXT_005,선릉역,선릉역[2호선],서울 강남구 삼성동,37.50451822,127.04893303,280179,seoul,30
OD_000008,ORG_008,카카오게임즈,카카오게임즈,경기 성남시 분당구 백현동,37.39447653,127.10987504,6508888,EXT_009,수원역,수원역,경기 수원시 팔달구 매산로1가,37.26435073,126.99924985,10367609,suwon,30
OD_000009,ORG_008,카카오게임즈,카카오게임즈,경기 성남시 분당구 백현동,37.39447653,127.10987504,6508888,EXT_013,미사역,미사역[5호선],경기 하남시 망월동,37.56309735,127.19289048,8467712,hanam,29
OD_000010,ORG_012,한국파스퇴르연구소,한국파스퇴르연구소,경기 성남시 분당구 삼평동,37.40647501,127.10270869,1587122,EXT_013,미사역,미사역[5호선],경기 하남시 망월동,37.56309735,127.19289048,8467712,hanam,29
OD_000011,ORG_015,유스페이스1,유스페이스 1동,경기 성남시 분당구 삼평동,37.40011472,127.10762509,2875928,EXT_004,삼성역,삼성역[2호선],서울 강남구 삼성동,37.50824028,127.06379268,280178,seoul,29
OD_000012,ORG_015,유스페이스1,유스페이스 1동,경기 성남시 분당구 삼평동,37.40011472,127.10762509,2875928,EXT_005,선릉역,선릉역[2호선],서울 강남구 삼성동,37.50451822,127.04893303,280179,seoul,29
OD_000013,ORG_002,넥슨코리아,넥슨코리아,경기 성남시 분당구 삼평동,37.40230883,127.10306989,2906347,EXT_011,기흥역,기흥역[용인경전철],경기 용인시 기흥구 구갈동,37.27601815,127.11693329,1933629,yongin,28
OD_000014,ORG_006,네오위즈 판교타워,네오위즈판교타워,경기 성남시 분당구 삼평동,37.40047572,127.10387542,5387232,EXT_012,경기광주역,경기광주역[경강선],경기 광주시 역동,37.39925633,127.25308413,6552665,gwangju,28
OD_000015,ORG_010,웹젠,웹젠,경기 성남시 분당구 삼평동,37.40222547,127.10090342,6327390,EXT_004,삼성역,삼성역[2호선],서울 강남구 삼성동,37.50824028,127.06379268,280178,seoul,28
OD_000016,ORG_001,LIG넥스원 판교하우스,LIG 디펜스&에어로스페이스 판교하우스R&D센터,경기 성남시 분당구 삼평동,37.4045865,127.11190235,2506828,EXT_011,기흥역,기흥역[용인경전철],경기 용인시 기흥구 구갈동,37.27601815,127.11693329,1933629,yongin,27
OD_000017,ORG_008,카카오게임즈,카카오게임즈,경기 성남시 분당구 백현동,37.39447653,127.10987504,6508888,EXT_011,기흥역,기흥역[용인경전철],경기 용인시 기흥구 구갈동,37.27601815,127.11693329,1933629,yongin,27
OD_000018,ORG_009,스마일게이트,스마일게이트캠퍼스,경기 성남시 분당구 삼평동,37.40258673,127.11179131,2819486,EXT_011,기흥역,기흥역[용인경전철],경기 용인시 기흥구 구갈동,37.27601815,127.11693329,1933629,yongin,27
OD_000019,ORG_012,한국파스퇴르연구소,한국파스퇴르연구소,경기 성남시 분당구 삼평동,37.40647501,127.10270869,1587122,EXT_008,광교중앙역,광교중앙역[신분당선],경기 수원시 영통구 이의동,37.28845999,127.05163331,6518966,suwon,27
OD_000020,ORG_014,경기창조경제혁신센터,경기창조경제혁신센터,경기 성남시 분당구 삼평동,37.40047572,127.10393097,6289967,EXT_012,경기광주역,경기광주역[경강선],경기 광주시 역동,37.39925633,127.25308413,6552665,gwangju,27
OD_000021,ORG_015,유스페이스1,유스페이스 1동,경기 성남시 분당구 삼평동,37.40011472,127.10762509,2875928,EXT_006,교대역,교대역[2호선],서울 서초구 서초동,37.49399104,127.01435314,280182,seoul,27
OD_000022,ORG_001,LIG넥스원 판교하우스,LIG 디펜스&에어로스페이스 판교하우스R&D센터,경기 성남시 분당구 삼평동,37.4045865,127.11190235,2506828,EXT_009,수원역,수원역,경기 수원시 팔달구 매산로1가,37.26435073,126.99924985,10367609,suwon,26
OD_000023,ORG_002,넥슨코리아,넥슨코리아,경기 성남시 분당구 삼평동,37.40230883,127.10306989,2906347,EXT_007,사당역,사당역[2호선],서울 동작구 사당동,37.47654804,126.98160661,280185,seoul,26
OD_000024,ORG_003,엔씨소프트 판교 R&D센터,엔씨판교R&D센터,경기 성남시 분당구 삼평동,37.39975366,127.10809728,2849469,HOME_026,신흥역 하늘채 랜더스원 3단지,신흥역하늘채랜더스원3단지아파트,경기 성남시 중원구 중앙동,37.44002753,127.15028675,8922214,seongnam,26
OD_000025,ORG_005,NHN Play Museum,NHN플레이뮤지엄(성남) 전기차충전소,경기 성남시 분당구 삼평동,37.4007257,127.10412539,11294177,EXT_001,강남역,강남역[2호선],서울 강남구 역삼동,37.49804637,127.0279629,280181,seoul,26
OD_000026,ORG_006,네오위즈 판교타워,네오위즈판교타워,경기 성남시 분당구 삼평동,37.40047572,127.10387542,5387232,EXT_001,강남역,강남역[2호선],서울 강남구 역삼동,37.49804637,127.0279629,280181,seoul,26
OD_000027,ORG_006,네오위즈 판교타워,네오위즈판교타워,경기 성남시 분당구 삼평동,37.40047572,127.10387542,5387232,EXT_007,사당역,사당역[2호선],서울 동작구 사당동,37.47654804,126.98160661,280185,seoul,26
OD_000028,ORG_006,네오위즈 판교타워,네오위즈판교타워,경기 성남시 분당구 삼평동,37.40047572,127.10387542,5387232,EXT_011,기흥역,기흥역[용인경전철],경기 용인시 기흥구 구갈동,37.27601815,127.11693329,1933629,yongin,26
OD_000029,ORG_009,스마일게이트,스마일게이트캠퍼스,경기 성남시 분당구 삼평동,37.40258673,127.11179131,2819486,EXT_001,강남역,강남역[2호선],서울 강남구 역삼동,37.49804637,127.0279629,280181,seoul,26
OD_000030,ORG_011,유라코퍼레이션,유라코퍼레이션,경기 성남시 분당구 삼평동,37.40258667,127.10826385,2264999,EXT_009,수원역,수원역,경기 수원시 팔달구 매산로1가,37.26435073,126.99924985,10367609,suwon,26
OD_000031,ORG_011,유라코퍼레이션,유라코퍼레이션,경기 성남시 분당구 삼평동,37.40258667,127.10826385,2264999,HOME_019,판교알파리움2단지,판교알파리움2단지아파트,경기 성남시 분당구 백현동,37.39333776,127.1094029,5391791,seongnam,26
OD_000032,ORG_012,한국파스퇴르연구소,한국파스퇴르연구소,경기 성남시 분당구 삼평동,37.40647501,127.10270869,1587122,EXT_010,죽전역,죽전역[수인분당선],경기 용인시 수지구 죽전동,37.32548448,127.10726611,1167140,yongin,26
OD_000033,ORG_013,차바이오컴플렉스,차바이오컴플렉스,경기 성남시 분당구 삼평동,37.4041421,127.11129131,2849159,EXT_012,경기광주역,경기광주역[경강선],경기 광주시 역동,37.39925633,127.25308413,6552665,gwangju,26
OD_000034,ORG_014,경기창조경제혁신센터,경기창조경제혁신센터,경기 성남시 분당구 삼평동,37.40047572,127.10393097,6289967,EXT_009,수원역,수원역,경기 수원시 팔달구 매산로1가,37.26435073,126.99924985,10367609,suwon,26
OD_000035,ORG_001,LIG넥스원 판교하우스,LIG 디펜스&에어로스페이스 판교하우스R&D센터,경기 성남시 분당구 삼평동,37.4045865,127.11190235,2506828,EXT_008,광교중앙역,광교중앙역[신분당선],경기 수원시 영통구 이의동,37.28845999,127.05163331,6518966,suwon,25
OD_000036,ORG_003,엔씨소프트 판교 R&D센터,엔씨판교R&D센터,경기 성남시 분당구 삼평동,37.39975366,127.10809728,2849469,HOME_009,판교백현마을7단지,백현마을7단지휴먼시아아파트,경기 성남시 분당구 백현동,37.38956044,127.11026404,1577384,seongnam,25
OD_000037,ORG_004,안랩,안랩,경기 성남시 분당구 삼평동,37.40083691,127.11023594,981514,EXT_004,삼성역,삼성역[2호선],서울 강남구 삼성동,37.50824028,127.06379268,280178,seoul,25
OD_000038,ORG_004,안랩,안랩,경기 성남시 분당구 삼평동,37.40083691,127.11023594,981514,EXT_013,미사역,미사역[5호선],경기 하남시 망월동,37.56309735,127.19289048,8467712,hanam,25
OD_000039,ORG_005,NHN Play Museum,NHN플레이뮤지엄(성남) 전기차충전소,경기 성남시 분당구 삼평동,37.4007257,127.10412539,11294177,EXT_002,잠실역,잠실역[2호선],서울 송파구 신천동,37.5140458,127.09934484,624344,seoul,25
OD_000040,ORG_007,위메이드 판교 사옥,위메이드타워,경기 성남시 분당구 삼평동,37.40133688,127.11176357,5888704,EXT_007,사당역,사당역[2호선],서울 동작구 사당동,37.47654804,126.98160661,280185,seoul,25
OD_000041,ORG_008,카카오게임즈,카카오게임즈,경기 성남시 분당구 백현동,37.39447653,127.10987504,6508888,HOME_021,성남 센트럴타운,센트럴타운아파트,경기 성남시 중원구 여수동,37.41864076,127.13056693,2821057,seongnam,25
OD_000042,ORG_010,웹젠,웹젠,경기 성남시 분당구 삼평동,37.40222547,127.10090342,6327390,EXT_002,잠실역,잠실역[2호선],서울 송파구 신천동,37.5140458,127.09934484,624344,seoul,25
OD_000043,ORG_010,웹젠,웹젠,경기 성남시 분당구 삼평동,37.40222547,127.10090342,6327390,HOME_007,판교원마을7단지,판교원마을7단지아파트,경기 성남시 분당구 판교동,37.38642159,127.09237686,4084589,seongnam,25
OD_000044,ORG_010,웹젠,웹젠,경기 성남시 분당구 삼평동,37.40222547,127.10090342,6327390,HOME_012,산운12단지 판교센트럴포레,산운마을12단지판교센트럴포레아파트,경기 성남시 분당구 운중동,37.38969861,127.07129535,1577445,seongnam,25
OD_000045,ORG_011,유라코퍼레이션,유라코퍼레이션,경기 성남시 분당구 삼평동,37.40258667,127.10826385,2264999,EXT_005,선릉역,선릉역[2호선],서울 강남구 삼성동,37.50451822,127.04893303,280179,seoul,25
OD_000046,ORG_015,유스페이스1,유스페이스 1동,경기 성남시 분당구 삼평동,37.40011472,127.10762509,2875928,EXT_009,수원역,수원역,경기 수원시 팔달구 매산로1가,37.26435073,126.99924985,10367609,suwon,25
OD_000047,ORG_015,유스페이스1,유스페이스 1동,경기 성남시 분당구 삼평동,37.40011472,127.10762509,2875928,HOME_024,성남두산,성남두산아파트,경기 성남시 수정구 신흥동,37.44436034,127.14931449,374599,seongnam,25
OD_000048,ORG_004,안랩,안랩,경기 성남시 분당구 삼평동,37.40083691,127.11023594,981514,EXT_005,선릉역,선릉역[2호선],서울 강남구 삼성동,37.50451822,127.04893303,280179,seoul,24
OD_000049,ORG_005,NHN Play Museum,NHN플레이뮤지엄(성남) 전기차충전소,경기 성남시 분당구 삼평동,37.4007257,127.10412539,11294177,EXT_008,광교중앙역,광교중앙역[신분당선],경기 수원시 영통구 이의동,37.28845999,127.05163331,6518966,suwon,24
OD_000050,ORG_005,NHN Play Museum,NHN플레이뮤지엄(성남) 전기차충전소,경기 성남시 분당구 삼평동,37.4007257,127.10412539,11294177,HOME_015,산운마을14단지경남아너스빌아파트,산운마을경남아너스빌14단지아파트,경기 성남시 분당구 운중동,37.3841993,127.07415636,1577453,seongnam,24
OD_000051,ORG_005,NHN Play Museum,NHN플레이뮤지엄(성남) 전기차충전소,경기 성남시 분당구 삼평동,37.4007257,127.10412539,11294177,HOME_024,성남두산,성남두산아파트,경기 성남시 수정구 신흥동,37.44436034,127.14931449,374599,seongnam,24
OD_000052,ORG_007,위메이드 판교 사옥,위메이드타워,경기 성남시 분당구 삼평동,37.40133688,127.11176357,5888704,EXT_001,강남역,강남역[2호선],서울 강남구 역삼동,37.49804637,127.0279629,280181,seoul,24
OD_000053,ORG_007,위메이드 판교 사옥,위메이드타워,경기 성남시 분당구 삼평동,37.40133688,127.11176357,5888704,EXT_008,광교중앙역,광교중앙역[신분당선],경기 수원시 영통구 이의동,37.28845999,127.05163331,6518966,suwon,24
OD_000054,ORG_007,위메이드 판교 사옥,위메이드타워,경기 성남시 분당구 삼평동,37.40133688,127.11176357,5888704,EXT_012,경기광주역,경기광주역[경강선],경기 광주시 역동,37.39925633,127.25308413,6552665,gwangju,24
OD_000055,ORG_010,웹젠,웹젠,경기 성남시 분당구 삼평동,37.40222547,127.10090342,6327390,HOME_021,성남 센트럴타운,센트럴타운아파트,경기 성남시 중원구 여수동,37.41864076,127.13056693,2821057,seongnam,24
OD_000056,ORG_011,유라코퍼레이션,유라코퍼레이션,경기 성남시 분당구 삼평동,37.40258667,127.10826385,2264999,HOME_003,봇들마을3단지아파트,판교봇들마을3단지아파트,경기 성남시 분당구 삼평동,37.40269792,127.1166242,1565444,seongnam,24
OD_000057,ORG_013,차바이오컴플렉스,차바이오컴플렉스,경기 성남시 분당구 삼평동,37.4041421,127.11129131,2849159,EXT_007,사당역,사당역[2호선],서울 동작구 사당동,37.47654804,126.98160661,280185,seoul,24
OD_000058,ORG_013,차바이오컴플렉스,차바이오컴플렉스,경기 성남시 분당구 삼평동,37.4041421,127.11129131,2849159,EXT_011,기흥역,기흥역[용인경전철],경기 용인시 기흥구 구갈동,37.27601815,127.11693329,1933629,yongin,24
OD_000059,ORG_001,LIG넥스원 판교하우스,LIG 디펜스&에어로스페이스 판교하우스R&D센터,경기 성남시 분당구 삼평동,37.4045865,127.11190235,2506828,EXT_005,선릉역,선릉역[2호선],서울 강남구 삼성동,37.50451822,127.04893303,280179,seoul,23
OD_000060,ORG_002,넥슨코리아,넥슨코리아,경기 성남시 분당구 삼평동,37.40230883,127.10306989,2906347,EXT_003,수서역,수서역,서울 강남구 수서동,37.48366056,127.10606731,6820888,seoul,23
OD_000061,ORG_003,엔씨소프트 판교 R&D센터,엔씨판교R&D센터,경기 성남시 분당구 삼평동,37.39975366,127.10809728,2849469,EXT_004,삼성역,삼성역[2호선],서울 강남구 삼성동,37.50824028,127.06379268,280178,seoul,23
OD_000062,ORG_003,엔씨소프트 판교 R&D센터,엔씨판교R&D센터,경기 성남시 분당구 삼평동,37.39975366,127.10809728,2849469,EXT_007,사당역,사당역[2호선],서울 동작구 사당동,37.47654804,126.98160661,280185,seoul,23
OD_000063,ORG_003,엔씨소프트 판교 R&D센터,엔씨판교R&D센터,경기 성남시 분당구 삼평동,37.39975366,127.10809728,2849469,HOME_008,판교봇들마을9단지금호어울림아파트,봇들마을9단지금호어울림아파트,경기 성남시 분당구 삼평동,37.39642089,127.11790204,1577338,seongnam,23
OD_000064,ORG_004,안랩,안랩,경기 성남시 분당구 삼평동,37.40083691,127.11023594,981514,EXT_012,경기광주역,경기광주역[경강선],경기 광주시 역동,37.39925633,127.25308413,6552665,gwangju,23
OD_000065,ORG_007,위메이드 판교 사옥,위메이드타워,경기 성남시 분당구 삼평동,37.40133688,127.11176357,5888704,EXT_011,기흥역,기흥역[용인경전철],경기 용인시 기흥구 구갈동,37.27601815,127.11693329,1933629,yongin,23
OD_000066,ORG_007,위메이드 판교 사옥,위메이드타워,경기 성남시 분당구 삼평동,37.40133688,127.11176357,5888704,HOME_009,판교백현마을7단지,백현마을7단지휴먼시아아파트,경기 성남시 분당구 백현동,37.38956044,127.11026404,1577384,seongnam,23
OD_000067,ORG_008,카카오게임즈,카카오게임즈,경기 성남시 분당구 백현동,37.39447653,127.10987504,6508888,EXT_008,광교중앙역,광교중앙역[신분당선],경기 수원시 영통구 이의동,37.28845999,127.05163331,6518966,suwon,23
OD_000068,ORG_009,스마일게이트,스마일게이트캠퍼스,경기 성남시 분당구 삼평동,37.40258673,127.11179131,2819486,EXT_013,미사역,미사역[5호선],경기 하남시 망월동,37.56309735,127.19289048,8467712,hanam,23
OD_000069,ORG_010,웹젠,웹젠,경기 성남시 분당구 삼평동,37.40222547,127.10090342,6327390,EXT_005,선릉역,선릉역[2호선],서울 강남구 삼성동,37.50451822,127.04893303,280179,seoul,23
OD_000070,ORG_010,웹젠,웹젠,경기 성남시 분당구 삼평동,37.40222547,127.10090342,6327390,EXT_010,죽전역,죽전역[수인분당선],경기 용인시 수지구 죽전동,37.32548448,127.10726611,1167140,yongin,23
OD_000071,ORG_011,유라코퍼레이션,유라코퍼레이션,경기 성남시 분당구 삼평동,37.40258667,127.10826385,2264999,EXT_012,경기광주역,경기광주역[경강선],경기 광주시 역동,37.39925633,127.25308413,6552665,gwangju,23
OD_000072,ORG_012,한국파스퇴르연구소,한국파스퇴르연구소,경기 성남시 분당구 삼평동,37.40647501,127.10270869,1587122,HOME_016,산운마을6단지신동아파밀리에,산운마을6단지아파트,경기 성남시 분당구 운중동,37.39322605,127.07507269,1577434,seongnam,23
OD_000073,ORG_014,경기창조경제혁신센터,경기창조경제혁신센터,경기 성남시 분당구 삼평동,37.40047572,127.10393097,6289967,EXT_008,광교중앙역,광교중앙역[신분당선],경기 수원시 영통구 이의동,37.28845999,127.05163331,6518966,suwon,23
OD_000074,ORG_014,경기창조경제혁신센터,경기창조경제혁신센터,경기 성남시 분당구 삼평동,37.40047572,127.10393097,6289967,EXT_011,기흥역,기흥역[용인경전철],경기 용인시 기흥구 구갈동,37.27601815,127.11693329,1933629,yongin,23
OD_000075,ORG_015,유스페이스1,유스페이스 1동,경기 성남시 분당구 삼평동,37.40011472,127.10762509,2875928,EXT_002,잠실역,잠실역[2호선],서울 송파구 신천동,37.5140458,127.09934484,624344,seoul,23
OD_000076,ORG_001,LIG넥스원 판교하우스,LIG 디펜스&에어로스페이스 판교하우스R&D센터,경기 성남시 분당구 삼평동,37.4045865,127.11190235,2506828,EXT_013,미사역,미사역[5호선],경기 하남시 망월동,37.56309735,127.19289048,8467712,hanam,22
OD_000077,ORG_001,LIG넥스원 판교하우스,LIG 디펜스&에어로스페이스 판교하우스R&D센터,경기 성남시 분당구 삼평동,37.4045865,127.11190235,2506828,HOME_017,파크타운아파트,파크타운롯데아파트,경기 성남시 분당구 수내동,37.372507,127.11812491,225355,seongnam,22
OD_000078,ORG_002,넥슨코리아,넥슨코리아,경기 성남시 분당구 삼평동,37.40230883,127.10306989,2906347,HOME_004,봇들마을4단지,봇들마을4단지아파트,경기 성남시 분당구 삼평동,37.40372558,127.11687415,1577335,seongnam,22
OD_000079,ORG_003,엔씨소프트 판교 R&D센터,엔씨판교R&D센터,경기 성남시 분당구 삼평동,37.39975366,127.10809728,2849469,HOME_022,성남단대푸르지오,단대푸르지오아파트,경기 성남시 수정구 단대동,37.4512208,127.15748022,2241323,seongnam,22
OD_000080,ORG_004,안랩,안랩,경기 성남시 분당구 삼평동,37.40083691,127.11023594,981514,EXT_007,사당역,사당역[2호선],서울 동작구 사당동,37.47654804,126.98160661,280185,seoul,22
OD_000081,ORG_004,안랩,안랩,경기 성남시 분당구 삼평동,37.40083691,127.11023594,981514,HOME_003,봇들마을3단지아파트,판교봇들마을3단지아파트,경기 성남시 분당구 삼평동,37.40269792,127.1166242,1565444,seongnam,22
OD_000082,ORG_005,NHN Play Museum,NHN플레이뮤지엄(성남) 전기차충전소,경기 성남시 분당구 삼평동,37.4007257,127.10412539,11294177,EXT_003,수서역,수서역,서울 강남구 수서동,37.48366056,127.10606731,6820888,seoul,22
OD_000083,ORG_005,NHN Play Museum,NHN플레이뮤지엄(성남) 전기차충전소,경기 성남시 분당구 삼평동,37.4007257,127.10412539,11294177,EXT_013,미사역,미사역[5호선],경기 하남시 망월동,37.56309735,127.19289048,8467712,hanam,22
OD_000084,ORG_006,네오위즈 판교타워,네오위즈판교타워,경기 성남시 분당구 삼평동,37.40047572,127.10387542,5387232,EXT_002,잠실역,잠실역[2호선],서울 송파구 신천동,37.5140458,127.09934484,624344,seoul,22
OD_000085,ORG_006,네오위즈 판교타워,네오위즈판교타워,경기 성남시 분당구 삼평동,37.40047572,127.10387542,5387232,EXT_013,미사역,미사역[5호선],경기 하남시 망월동,37.56309735,127.19289048,8467712,hanam,22
OD_000086,ORG_008,카카오게임즈,카카오게임즈,경기 성남시 분당구 백현동,37.39447653,127.10987504,6508888,HOME_013,산운마을11단지판교포레라움아파트,산운마을11단지판교포레라움아파트,경기 성남시 분당구 운중동,37.38947646,127.07393401,4084509,seongnam,22
OD_000087,ORG_010,웹젠,웹젠,경기 성남시 분당구 삼평동,37.40222547,127.10090342,6327390,EXT_006,교대역,교대역[2호선],서울 서초구 서초동,37.49399104,127.01435314,280182,seoul,22
OD_000088,ORG_011,유라코퍼레이션,유라코퍼레이션,경기 성남시 분당구 삼평동,37.40258667,127.10826385,2264999,EXT_013,미사역,미사역[5호선],경기 하남시 망월동,37.56309735,127.19289048,8467712,hanam,22
OD_000089,ORG_012,한국파스퇴르연구소,한국파스퇴르연구소,경기 성남시 분당구 삼평동,37.40647501,127.10270869,1587122,EXT_001,강남역,강남역[2호선],서울 강남구 역삼동,37.49804637,127.0279629,280181,seoul,22
OD_000090,ORG_012,한국파스퇴르연구소,한국파스퇴르연구소,경기 성남시 분당구 삼평동,37.40647501,127.10270869,1587122,EXT_003,수서역,수서역,서울 강남구 수서동,37.48366056,127.10606731,6820888,seoul,22
OD_000091,ORG_012,한국파스퇴르연구소,한국파스퇴르연구소,경기 성남시 분당구 삼평동,37.40647501,127.10270869,1587122,HOME_008,판교봇들마을9단지금호어울림아파트,봇들마을9단지금호어울림아파트,경기 성남시 분당구 삼평동,37.39642089,127.11790204,1577338,seongnam,22
OD_000092,ORG_013,차바이오컴플렉스,차바이오컴플렉스,경기 성남시 분당구 삼평동,37.4041421,127.11129131,2849159,EXT_006,교대역,교대역[2호선],서울 서초구 서초동,37.49399104,127.01435314,280182,seoul,22
OD_000093,ORG_013,차바이오컴플렉스,차바이오컴플렉스,경기 성남시 분당구 삼평동,37.4041421,127.11129131,2849159,HOME_025,산성역 포레스티아 아파트,산성역포레스티아아파트,경기 성남시 수정구 신흥동,37.45080399,127.14689786,8466345,seongnam,22
OD_000094,ORG_014,경기창조경제혁신센터,경기창조경제혁신센터,경기 성남시 분당구 삼평동,37.40047572,127.10393097,6289967,EXT_002,잠실역,잠실역[2호선],서울 송파구 신천동,37.5140458,127.09934484,624344,seoul,22
OD_000095,ORG_014,경기창조경제혁신센터,경기창조경제혁신센터,경기 성남시 분당구 삼평동,37.40047572,127.10393097,6289967,EXT_004,삼성역,삼성역[2호선],서울 강남구 삼성동,37.50824028,127.06379268,280178,seoul,22
OD_000096,ORG_015,유스페이스1,유스페이스 1동,경기 성남시 분당구 삼평동,37.40011472,127.10762509,2875928,EXT_003,수서역,수서역,서울 강남구 수서동,37.48366056,127.10606731,6820888,seoul,22
OD_000097,ORG_001,LIG넥스원 판교하우스,LIG 디펜스&에어로스페이스 판교하우스R&D센터,경기 성남시 분당구 삼평동,37.4045865,127.11190235,2506828,HOME_016,산운마을6단지신동아파밀리에,산운마을6단지아파트,경기 성남시 분당구 운중동,37.39322605,127.07507269,1577434,seongnam,21
OD_000098,ORG_003,엔씨소프트 판교 R&D센터,엔씨판교R&D센터,경기 성남시 분당구 삼평동,37.39975366,127.10809728,2849469,EXT_001,강남역,강남역[2호선],서울 강남구 역삼동,37.49804637,127.0279629,280181,seoul,21
OD_000099,ORG_003,엔씨소프트 판교 R&D센터,엔씨판교R&D센터,경기 성남시 분당구 삼평동,37.39975366,127.10809728,2849469,EXT_012,경기광주역,경기광주역[경강선],경기 광주시 역동,37.39925633,127.25308413,6552665,gwangju,21
OD_000100,ORG_005,NHN Play Museum,NHN플레이뮤지엄(성남) 전기차충전소,경기 성남시 분당구 삼평동,37.4007257,127.10412539,11294177,EXT_004,삼성역,삼성역[2호선],서울 강남구 삼성동,37.50824028,127.06379268,280178,seoul,21
OD_000101,ORG_005,NHN Play Museum,NHN플레이뮤지엄(성남) 전기차충전소,경기 성남시 분당구 삼평동,37.4007257,127.10412539,11294177,EXT_007,사당역,사당역[2호선],서울 동작구 사당동,37.47654804,126.98160661,280185,seoul,21
OD_000102,ORG_005,NHN Play Museum,NHN플레이뮤지엄(성남) 전기차충전소,경기 성남시 분당구 삼평동,37.4007257,127.10412539,11294177,EXT_011,기흥역,기흥역[용인경전철],경기 용인시 기흥구 구갈동,37.27601815,127.11693329,1933629,yongin,21
OD_000103,ORG_006,네오위즈 판교타워,네오위즈판교타워,경기 성남시 분당구 삼평동,37.40047572,127.10387542,5387232,EXT_010,죽전역,죽전역[수인분당선],경기 용인시 수지구 죽전동,37.32548448,127.10726611,1167140,yongin,21
OD_000104,ORG_006,네오위즈 판교타워,네오위즈판교타워,경기 성남시 분당구 삼평동,37.40047572,127.10387542,5387232,HOME_006,백현마을5단지(주공),백현마을5단지아파트,경기 성남시 분당구 백현동,37.39036594,127.11276379,1577381,seongnam,21
OD_000105,ORG_007,위메이드 판교 사옥,위메이드타워,경기 성남시 분당구 삼평동,37.40133688,127.11176357,5888704,EXT_003,수서역,수서역,서울 강남구 수서동,37.48366056,127.10606731,6820888,seoul,21
OD_000106,ORG_008,카카오게임즈,카카오게임즈,경기 성남시 분당구 백현동,37.39447653,127.10987504,6508888,EXT_010,죽전역,죽전역[수인분당선],경기 용인시 수지구 죽전동,37.32548448,127.10726611,1167140,yongin,21
OD_000107,ORG_009,스마일게이트,스마일게이트캠퍼스,경기 성남시 분당구 삼평동,37.40258673,127.11179131,2819486,EXT_002,잠실역,잠실역[2호선],서울 송파구 신천동,37.5140458,127.09934484,624344,seoul,21
OD_000108,ORG_009,스마일게이트,스마일게이트캠퍼스,경기 성남시 분당구 삼평동,37.40258673,127.11179131,2819486,EXT_006,교대역,교대역[2호선],서울 서초구 서초동,37.49399104,127.01435314,280182,seoul,21
OD_000109,ORG_010,웹젠,웹젠,경기 성남시 분당구 삼평동,37.40222547,127.10090342,6327390,EXT_001,강남역,강남역[2호선],서울 강남구 역삼동,37.49804637,127.0279629,280181,seoul,21
OD_000110,ORG_010,웹젠,웹젠,경기 성남시 분당구 삼평동,37.40222547,127.10090342,6327390,HOME_026,신흥역 하늘채 랜더스원 3단지,신흥역하늘채랜더스원3단지아파트,경기 성남시 중원구 중앙동,37.44002753,127.15028675,8922214,seongnam,21
OD_000111,ORG_011,유라코퍼레이션,유라코퍼레이션,경기 성남시 분당구 삼평동,37.40258667,127.10826385,2264999,HOME_018,판교 알파리움1단지,판교알파리움1단지아파트,경기 성남시 분당구 백현동,37.39603188,127.10859734,5656353,seongnam,21
OD_000112,ORG_012,한국파스퇴르연구소,한국파스퇴르연구소,경기 성남시 분당구 삼평동,37.40647501,127.10270869,1587122,EXT_009,수원역,수원역,경기 수원시 팔달구 매산로1가,37.26435073,126.99924985,10367609,suwon,21
OD_000113,ORG_014,경기창조경제혁신센터,경기창조경제혁신센터,경기 성남시 분당구 삼평동,37.40047572,127.10393097,6289967,HOME_023,성남동어울림아파트,성남동어울림아파트,경기 성남시 중원구 성남동,37.43038953,127.13773261,1136792,seongnam,21
OD_000114,ORG_015,유스페이스1,유스페이스 1동,경기 성남시 분당구 삼평동,37.40011472,127.10762509,2875928,EXT_012,경기광주역,경기광주역[경강선],경기 광주시 역동,37.39925633,127.25308413,6552665,gwangju,21
OD_000115,ORG_015,유스페이스1,유스페이스 1동,경기 성남시 분당구 삼평동,37.40011472,127.10762509,2875928,HOME_002,판교푸르지오그랑블,판교푸르지오그랑블아파트,경기 성남시 분당구 백현동,37.39333789,127.11654114,1577373,seongnam,21
OD_000116,ORG_015,유스페이스1,유스페이스 1동,경기 성남시 분당구 삼평동,37.40011472,127.10762509,2875928,HOME_009,판교백현마을7단지,백현마을7단지휴먼시아아파트,경기 성남시 분당구 백현동,37.38956044,127.11026404,1577384,seongnam,21
OD_000117,ORG_001,LIG넥스원 판교하우스,LIG 디펜스&에어로스페이스 판교하우스R&D센터,경기 성남시 분당구 삼평동,37.4045865,127.11190235,2506828,EXT_001,강남역,강남역[2호선],서울 강남구 역삼동,37.49804637,127.0279629,280181,seoul,20
OD_000118,ORG_002,넥슨코리아,넥슨코리아,경기 성남시 분당구 삼평동,37.40230883,127.10306989,2906347,EXT_005,선릉역,선릉역[2호선],서울 강남구 삼성동,37.50451822,127.04893303,280179,seoul,20
OD_000119,ORG_002,넥슨코리아,넥슨코리아,경기 성남시 분당구 삼평동,37.40230883,127.10306989,2906347,EXT_013,미사역,미사역[5호선],경기 하남시 망월동,37.56309735,127.19289048,8467712,hanam,20
OD_000120,ORG_003,엔씨소프트 판교 R&D센터,엔씨판교R&D센터,경기 성남시 분당구 삼평동,37.39975366,127.10809728,2849469,EXT_009,수원역,수원역,경기 수원시 팔달구 매산로1가,37.26435073,126.99924985,10367609,suwon,20
OD_000121,ORG_004,안랩,안랩,경기 성남시 분당구 삼평동,37.40083691,127.11023594,981514,EXT_001,강남역,강남역[2호선],서울 강남구 역삼동,37.49804637,127.0279629,280181,seoul,20
OD_000122,ORG_004,안랩,안랩,경기 성남시 분당구 삼평동,37.40083691,127.11023594,981514,EXT_008,광교중앙역,광교중앙역[신분당선],경기 수원시 영통구 이의동,37.28845999,127.05163331,6518966,suwon,20
OD_000123,ORG_005,NHN Play Museum,NHN플레이뮤지엄(성남) 전기차충전소,경기 성남시 분당구 삼평동,37.4007257,127.10412539,11294177,EXT_005,선릉역,선릉역[2호선],서울 강남구 삼성동,37.50451822,127.04893303,280179,seoul,20
OD_000124,ORG_005,NHN Play Museum,NHN플레이뮤지엄(성남) 전기차충전소,경기 성남시 분당구 삼평동,37.4007257,127.10412539,11294177,EXT_010,죽전역,죽전역[수인분당선],경기 용인시 수지구 죽전동,37.32548448,127.10726611,1167140,yongin,20
OD_000125,ORG_005,NHN Play Museum,NHN플레이뮤지엄(성남) 전기차충전소,경기 성남시 분당구 삼평동,37.4007257,127.10412539,11294177,HOME_012,산운12단지 판교센트럴포레,산운마을12단지판교센트럴포레아파트,경기 성남시 분당구 운중동,37.38969861,127.07129535,1577445,seongnam,20
OD_000126,ORG_005,NHN Play Museum,NHN플레이뮤지엄(성남) 전기차충전소,경기 성남시 분당구 삼평동,37.4007257,127.10412539,11294177,HOME_014,산운마을13단지,산운마을13단지아파트,경기 성남시 분당구 운중동,37.38694898,127.07435071,1577535,seongnam,20
OD_000127,ORG_006,네오위즈 판교타워,네오위즈판교타워,경기 성남시 분당구 삼평동,37.40047572,127.10387542,5387232,EXT_003,수서역,수서역,서울 강남구 수서동,37.48366056,127.10606731,6820888,seoul,20
OD_000128,ORG_006,네오위즈 판교타워,네오위즈판교타워,경기 성남시 분당구 삼평동,37.40047572,127.10387542,5387232,EXT_006,교대역,교대역[2호선],서울 서초구 서초동,37.49399104,127.01435314,280182,seoul,20
OD_000129,ORG_006,네오위즈 판교타워,네오위즈판교타워,경기 성남시 분당구 삼평동,37.40047572,127.10387542,5387232,HOME_021,성남 센트럴타운,센트럴타운아파트,경기 성남시 중원구 여수동,37.41864076,127.13056693,2821057,seongnam,20
OD_000130,ORG_007,위메이드 판교 사옥,위메이드타워,경기 성남시 분당구 삼평동,37.40133688,127.11176357,5888704,HOME_016,산운마을6단지신동아파밀리에,산운마을6단지아파트,경기 성남시 분당구 운중동,37.39322605,127.07507269,1577434,seongnam,20
OD_000131,ORG_008,카카오게임즈,카카오게임즈,경기 성남시 분당구 백현동,37.39447653,127.10987504,6508888,EXT_001,강남역,강남역[2호선],서울 강남구 역삼동,37.49804637,127.0279629,280181,seoul,20
OD_000132,ORG_008,카카오게임즈,카카오게임즈,경기 성남시 분당구 백현동,37.39447653,127.10987504,6508888,HOME_008,판교봇들마을9단지금호어울림아파트,봇들마을9단지금호어울림아파트,경기 성남시 분당구 삼평동,37.39642089,127.11790204,1577338,seongnam,20
OD_000133,ORG_009,스마일게이트,스마일게이트캠퍼스,경기 성남시 분당구 삼평동,37.40258673,127.11179131,2819486,HOME_016,산운마을6단지신동아파밀리에,산운마을6단지아파트,경기 성남시 분당구 운중동,37.39322605,127.07507269,1577434,seongnam,20
OD_000134,ORG_010,웹젠,웹젠,경기 성남시 분당구 삼평동,37.40222547,127.10090342,6327390,HOME_022,성남단대푸르지오,단대푸르지오아파트,경기 성남시 수정구 단대동,37.4512208,127.15748022,2241323,seongnam,20
OD_000135,ORG_011,유라코퍼레이션,유라코퍼레이션,경기 성남시 분당구 삼평동,37.40258667,127.10826385,2264999,EXT_010,죽전역,죽전역[수인분당선],경기 용인시 수지구 죽전동,37.32548448,127.10726611,1167140,yongin,20
OD_000136,ORG_012,한국파스퇴르연구소,한국파스퇴르연구소,경기 성남시 분당구 삼평동,37.40647501,127.10270869,1587122,EXT_011,기흥역,기흥역[용인경전철],경기 용인시 기흥구 구갈동,37.27601815,127.11693329,1933629,yongin,20
OD_000137,ORG_013,차바이오컴플렉스,차바이오컴플렉스,경기 성남시 분당구 삼평동,37.4041421,127.11129131,2849159,EXT_004,삼성역,삼성역[2호선],서울 강남구 삼성동,37.50824028,127.06379268,280178,seoul,20
OD_000138,ORG_013,차바이오컴플렉스,차바이오컴플렉스,경기 성남시 분당구 삼평동,37.4041421,127.11129131,2849159,EXT_005,선릉역,선릉역[2호선],서울 강남구 삼성동,37.50451822,127.04893303,280179,seoul,20
OD_000139,ORG_013,차바이오컴플렉스,차바이오컴플렉스,경기 성남시 분당구 삼평동,37.4041421,127.11129131,2849159,EXT_009,수원역,수원역,경기 수원시 팔달구 매산로1가,37.26435073,126.99924985,10367609,suwon,20
OD_000140,ORG_013,차바이오컴플렉스,차바이오컴플렉스,경기 성남시 분당구 삼평동,37.4041421,127.11129131,2849159,HOME_003,봇들마을3단지아파트,판교봇들마을3단지아파트,경기 성남시 분당구 삼평동,37.40269792,127.1166242,1565444,seongnam,20
OD_000141,ORG_014,경기창조경제혁신센터,경기창조경제혁신센터,경기 성남시 분당구 삼평동,37.40047572,127.10393097,6289967,EXT_010,죽전역,죽전역[수인분당선],경기 용인시 수지구 죽전동,37.32548448,127.10726611,1167140,yongin,20
OD_000142,ORG_014,경기창조경제혁신센터,경기창조경제혁신센터,경기 성남시 분당구 삼평동,37.40047572,127.10393097,6289967,HOME_025,산성역 포레스티아 아파트,산성역포레스티아아파트,경기 성남시 수정구 신흥동,37.45080399,127.14689786,8466345,seongnam,20
OD_000143,ORG_014,경기창조경제혁신센터,경기창조경제혁신센터,경기 성남시 분당구 삼평동,37.40047572,127.10393097,6289967,HOME_026,신흥역 하늘채 랜더스원 3단지,신흥역하늘채랜더스원3단지아파트,경기 성남시 중원구 중앙동,37.44002753,127.15028675,8922214,seongnam,20
OD_000144,ORG_015,유스페이스1,유스페이스 1동,경기 성남시 분당구 삼평동,37.40011472,127.10762509,2875928,EXT_001,강남역,강남역[2호선],서울 강남구 역삼동,37.49804637,127.0279629,280181,seoul,20
OD_000145,ORG_015,유스페이스1,유스페이스 1동,경기 성남시 분당구 삼평동,37.40011472,127.10762509,2875928,HOME_017,파크타운아파트,파크타운롯데아파트,경기 성남시 분당구 수내동,37.372507,127.11812491,225355,seongnam,20
OD_000146,ORG_015,유스페이스1,유스페이스 1동,경기 성남시 분당구 삼평동,37.40011472,127.10762509,2875928,HOME_025,산성역 포레스티아 아파트,산성역포레스티아아파트,경기 성남시 수정구 신흥동,37.45080399,127.14689786,8466345,seongnam,20
OD_000147,ORG_001,LIG넥스원 판교하우스,LIG 디펜스&에어로스페이스 판교하우스R&D센터,경기 성남시 분당구 삼평동,37.4045865,127.11190235,2506828,EXT_007,사당역,사당역[2호선],서울 동작구 사당동,37.47654804,126.98160661,280185,seoul,19
OD_000148,ORG_001,LIG넥스원 판교하우스,LIG 디펜스&에어로스페이스 판교하우스R&D센터,경기 성남시 분당구 삼평동,37.4045865,127.11190235,2506828,HOME_010,판교백현마을8단지,백현마을8단지아파트,경기 성남시 분당구 백현동,37.38725512,127.10859759,1577388,seongnam,19
OD_000149,ORG_001,LIG넥스원 판교하우스,LIG 디펜스&에어로스페이스 판교하우스R&D센터,경기 성남시 분당구 삼평동,37.4045865,127.11190235,2506828,HOME_011,봇들마을휴먼시아8단지,봇들마을휴먼시아8단지아파트,경기 성남시 분당구 삼평동,37.39603199,127.11490232,1577357,seongnam,19
OD_000150,ORG_001,LIG넥스원 판교하우스,LIG 디펜스&에어로스페이스 판교하우스R&D센터,경기 성남시 분당구 삼평동,37.4045865,127.11190235,2506828,HOME_012,산운12단지 판교센트럴포레,산운마을12단지판교센트럴포레아파트,경기 성남시 분당구 운중동,37.38969861,127.07129535,1577445,seongnam,19
OD_000151,ORG_001,LIG넥스원 판교하우스,LIG 디펜스&에어로스페이스 판교하우스R&D센터,경기 성남시 분당구 삼평동,37.4045865,127.11190235,2506828,HOME_022,성남단대푸르지오,단대푸르지오아파트,경기 성남시 수정구 단대동,37.4512208,127.15748022,2241323,seongnam,19
OD_000152,ORG_002,넥슨코리아,넥슨코리아,경기 성남시 분당구 삼평동,37.40230883,127.10306989,2906347,EXT_004,삼성역,삼성역[2호선],서울 강남구 삼성동,37.50824028,127.06379268,280178,seoul,19
OD_000153,ORG_003,엔씨소프트 판교 R&D센터,엔씨판교R&D센터,경기 성남시 분당구 삼평동,37.39975366,127.10809728,2849469,EXT_006,교대역,교대역[2호선],서울 서초구 서초동,37.49399104,127.01435314,280182,seoul,19
OD_000154,ORG_003,엔씨소프트 판교 R&D센터,엔씨판교R&D센터,경기 성남시 분당구 삼평동,37.39975366,127.10809728,2849469,HOME_011,봇들마을휴먼시아8단지,봇들마을휴먼시아8단지아파트,경기 성남시 분당구 삼평동,37.39603199,127.11490232,1577357,seongnam,19
OD_000155,ORG_003,엔씨소프트 판교 R&D센터,엔씨판교R&D센터,경기 성남시 분당구 삼평동,37.39975366,127.10809728,2849469,HOME_016,산운마을6단지신동아파밀리에,산운마을6단지아파트,경기 성남시 분당구 운중동,37.39322605,127.07507269,1577434,seongnam,19
OD_000156,ORG_004,안랩,안랩,경기 성남시 분당구 삼평동,37.40083691,127.11023594,981514,EXT_002,잠실역,잠실역[2호선],서울 송파구 신천동,37.5140458,127.09934484,624344,seoul,19
OD_000157,ORG_004,안랩,안랩,경기 성남시 분당구 삼평동,37.40083691,127.11023594,981514,EXT_006,교대역,교대역[2호선],서울 서초구 서초동,37.49399104,127.01435314,280182,seoul,19
OD_000158,ORG_004,안랩,안랩,경기 성남시 분당구 삼평동,37.40083691,127.11023594,981514,HOME_002,판교푸르지오그랑블,판교푸르지오그랑블아파트,경기 성남시 분당구 백현동,37.39333789,127.11654114,1577373,seongnam,19
OD_000159,ORG_004,안랩,안랩,경기 성남시 분당구 삼평동,37.40083691,127.11023594,981514,HOME_023,성남동어울림아파트,성남동어울림아파트,경기 성남시 중원구 성남동,37.43038953,127.13773261,1136792,seongnam,19
OD_000160,ORG_005,NHN Play Museum,NHN플레이뮤지엄(성남) 전기차충전소,경기 성남시 분당구 삼평동,37.4007257,127.10412539,11294177,EXT_006,교대역,교대역[2호선],서울 서초구 서초동,37.49399104,127.01435314,280182,seoul,19
OD_000161,ORG_005,NHN Play Museum,NHN플레이뮤지엄(성남) 전기차충전소,경기 성남시 분당구 삼평동,37.4007257,127.10412539,11294177,HOME_003,봇들마을3단지아파트,판교봇들마을3단지아파트,경기 성남시 분당구 삼평동,37.40269792,127.1166242,1565444,seongnam,19
OD_000162,ORG_006,네오위즈 판교타워,네오위즈판교타워,경기 성남시 분당구 삼평동,37.40047572,127.10387542,5387232,EXT_005,선릉역,선릉역[2호선],서울 강남구 삼성동,37.50451822,127.04893303,280179,seoul,19
OD_000163,ORG_006,네오위즈 판교타워,네오위즈판교타워,경기 성남시 분당구 삼평동,37.40047572,127.10387542,5387232,HOME_002,판교푸르지오그랑블,판교푸르지오그랑블아파트,경기 성남시 분당구 백현동,37.39333789,127.11654114,1577373,seongnam,19
OD_000164,ORG_006,네오위즈 판교타워,네오위즈판교타워,경기 성남시 분당구 삼평동,37.40047572,127.10387542,5387232,HOME_003,봇들마을3단지아파트,판교봇들마을3단지아파트,경기 성남시 분당구 삼평동,37.40269792,127.1166242,1565444,seongnam,19
OD_000165,ORG_006,네오위즈 판교타워,네오위즈판교타워,경기 성남시 분당구 삼평동,37.40047572,127.10387542,5387232,HOME_004,봇들마을4단지,봇들마을4단지아파트,경기 성남시 분당구 삼평동,37.40372558,127.11687415,1577335,seongnam,19
OD_000166,ORG_006,네오위즈 판교타워,네오위즈판교타워,경기 성남시 분당구 삼평동,37.40047572,127.10387542,5387232,HOME_007,판교원마을7단지,판교원마을7단지아파트,경기 성남시 분당구 판교동,37.38642159,127.09237686,4084589,seongnam,19
OD_000167,ORG_006,네오위즈 판교타워,네오위즈판교타워,경기 성남시 분당구 삼평동,37.40047572,127.10387542,5387232,HOME_019,판교알파리움2단지,판교알파리움2단지아파트,경기 성남시 분당구 백현동,37.39333776,127.1094029,5391791,seongnam,19
OD_000168,ORG_007,위메이드 판교 사옥,위메이드타워,경기 성남시 분당구 삼평동,37.40133688,127.11176357,5888704,EXT_004,삼성역,삼성역[2호선],서울 강남구 삼성동,37.50824028,127.06379268,280178,seoul,19
OD_000169,ORG_007,위메이드 판교 사옥,위메이드타워,경기 성남시 분당구 삼평동,37.40133688,127.11176357,5888704,HOME_013,산운마을11단지판교포레라움아파트,산운마을11단지판교포레라움아파트,경기 성남시 분당구 운중동,37.38947646,127.07393401,4084509,seongnam,19
OD_000170,ORG_008,카카오게임즈,카카오게임즈,경기 성남시 분당구 백현동,37.39447653,127.10987504,6508888,EXT_004,삼성역,삼성역[2호선],서울 강남구 삼성동,37.50824028,127.06379268,280178,seoul,19
OD_000171,ORG_008,카카오게임즈,카카오게임즈,경기 성남시 분당구 백현동,37.39447653,127.10987504,6508888,EXT_006,교대역,교대역[2호선],서울 서초구 서초동,37.49399104,127.01435314,280182,seoul,19
OD_000172,ORG_008,카카오게임즈,카카오게임즈,경기 성남시 분당구 백현동,37.39447653,127.10987504,6508888,EXT_007,사당역,사당역[2호선],서울 동작구 사당동,37.47654804,126.98160661,280185,seoul,19
OD_000173,ORG_008,카카오게임즈,카카오게임즈,경기 성남시 분당구 백현동,37.39447653,127.10987504,6508888,HOME_001,성남판교백현마을2단지,백현마을2단지아파트,경기 성남시 분당구 백현동,37.39325459,127.11776325,1577354,seongnam,19
OD_000174,ORG_008,카카오게임즈,카카오게임즈,경기 성남시 분당구 백현동,37.39447653,127.10987504,6508888,HOME_002,판교푸르지오그랑블,판교푸르지오그랑블아파트,경기 성남시 분당구 백현동,37.39333789,127.11654114,1577373,seongnam,19
OD_000175,ORG_008,카카오게임즈,카카오게임즈,경기 성남시 분당구 백현동,37.39447653,127.10987504,6508888,HOME_003,봇들마을3단지아파트,판교봇들마을3단지아파트,경기 성남시 분당구 삼평동,37.40269792,127.1166242,1565444,seongnam,19
OD_000176,ORG_008,카카오게임즈,카카오게임즈,경기 성남시 분당구 백현동,37.39447653,127.10987504,6508888,HOME_015,산운마을14단지경남아너스빌아파트,산운마을경남아너스빌14단지아파트,경기 성남시 분당구 운중동,37.3841993,127.07415636,1577453,seongnam,19
OD_000177,ORG_009,스마일게이트,스마일게이트캠퍼스,경기 성남시 분당구 삼평동,37.40258673,127.11179131,2819486,HOME_011,봇들마을휴먼시아8단지,봇들마을휴먼시아8단지아파트,경기 성남시 분당구 삼평동,37.39603199,127.11490232,1577357,seongnam,19
OD_000178,ORG_010,웹젠,웹젠,경기 성남시 분당구 삼평동,37.40222547,127.10090342,6327390,EXT_003,수서역,수서역,서울 강남구 수서동,37.48366056,127.10606731,6820888,seoul,19
OD_000179,ORG_010,웹젠,웹젠,경기 성남시 분당구 삼평동,37.40222547,127.10090342,6327390,EXT_009,수원역,수원역,경기 수원시 팔달구 매산로1가,37.26435073,126.99924985,10367609,suwon,19
OD_000180,ORG_010,웹젠,웹젠,경기 성남시 분당구 삼평동,37.40222547,127.10090342,6327390,HOME_003,봇들마을3단지아파트,판교봇들마을3단지아파트,경기 성남시 분당구 삼평동,37.40269792,127.1166242,1565444,seongnam,19
OD_000181,ORG_010,웹젠,웹젠,경기 성남시 분당구 삼평동,37.40222547,127.10090342,6327390,HOME_016,산운마을6단지신동아파밀리에,산운마을6단지아파트,경기 성남시 분당구 운중동,37.39322605,127.07507269,1577434,seongnam,19
OD_000182,ORG_010,웹젠,웹젠,경기 성남시 분당구 삼평동,37.40222547,127.10090342,6327390,HOME_023,성남동어울림아파트,성남동어울림아파트,경기 성남시 중원구 성남동,37.43038953,127.13773261,1136792,seongnam,19
OD_000183,ORG_011,유라코퍼레이션,유라코퍼레이션,경기 성남시 분당구 삼평동,37.40258667,127.10826385,2264999,EXT_001,강남역,강남역[2호선],서울 강남구 역삼동,37.49804637,127.0279629,280181,seoul,19
OD_000184,ORG_011,유라코퍼레이션,유라코퍼레이션,경기 성남시 분당구 삼평동,37.40258667,127.10826385,2264999,EXT_007,사당역,사당역[2호선],서울 동작구 사당동,37.47654804,126.98160661,280185,seoul,19
OD_000185,ORG_011,유라코퍼레이션,유라코퍼레이션,경기 성남시 분당구 삼평동,37.40258667,127.10826385,2264999,HOME_005,봇들마을7단지,봇들마을7단지엔파트아파트,경기 성남시 분당구 삼평동,37.39639306,127.11495786,1577351,seongnam,19
OD_000186,ORG_011,유라코퍼레이션,유라코퍼레이션,경기 성남시 분당구 삼평동,37.40258667,127.10826385,2264999,HOME_009,판교백현마을7단지,백현마을7단지휴먼시아아파트,경기 성남시 분당구 백현동,37.38956044,127.11026404,1577384,seongnam,19
OD_000187,ORG_012,한국파스퇴르연구소,한국파스퇴르연구소,경기 성남시 분당구 삼평동,37.40647501,127.10270869,1587122,EXT_006,교대역,교대역[2호선],서울 서초구 서초동,37.49399104,127.01435314,280182,seoul,19
OD_000188,ORG_012,한국파스퇴르연구소,한국파스퇴르연구소,경기 성남시 분당구 삼평동,37.40647501,127.10270869,1587122,HOME_011,봇들마을휴먼시아8단지,봇들마을휴먼시아8단지아파트,경기 성남시 분당구 삼평동,37.39603199,127.11490232,1577357,seongnam,19
OD_000189,ORG_014,경기창조경제혁신센터,경기창조경제혁신센터,경기 성남시 분당구 삼평동,37.40047572,127.10393097,6289967,HOME_001,성남판교백현마을2단지,백현마을2단지아파트,경기 성남시 분당구 백현동,37.39325459,127.11776325,1577354,seongnam,19
OD_000190,ORG_015,유스페이스1,유스페이스 1동,경기 성남시 분당구 삼평동,37.40011472,127.10762509,2875928,EXT_007,사당역,사당역[2호선],서울 동작구 사당동,37.47654804,126.98160661,280185,seoul,19
OD_000191,ORG_015,유스페이스1,유스페이스 1동,경기 성남시 분당구 삼평동,37.40011472,127.10762509,2875928,EXT_013,미사역,미사역[5호선],경기 하남시 망월동,37.56309735,127.19289048,8467712,hanam,19
OD_000192,ORG_015,유스페이스1,유스페이스 1동,경기 성남시 분당구 삼평동,37.40011472,127.10762509,2875928,HOME_001,성남판교백현마을2단지,백현마을2단지아파트,경기 성남시 분당구 백현동,37.39325459,127.11776325,1577354,seongnam,19
OD_000193,ORG_015,유스페이스1,유스페이스 1동,경기 성남시 분당구 삼평동,37.40011472,127.10762509,2875928,HOME_008,판교봇들마을9단지금호어울림아파트,봇들마을9단지금호어울림아파트,경기 성남시 분당구 삼평동,37.39642089,127.11790204,1577338,seongnam,19
OD_000194,ORG_015,유스페이스1,유스페이스 1동,경기 성남시 분당구 삼평동,37.40011472,127.10762509,2875928,HOME_023,성남동어울림아파트,성남동어울림아파트,경기 성남시 중원구 성남동,37.43038953,127.13773261,1136792,seongnam,19
OD_000195,ORG_001,LIG넥스원 판교하우스,LIG 디펜스&에어로스페이스 판교하우스R&D센터,경기 성남시 분당구 삼평동,37.4045865,127.11190235,2506828,EXT_012,경기광주역,경기광주역[경강선],경기 광주시 역동,37.39925633,127.25308413,6552665,gwangju,18
OD_000196,ORG_001,LIG넥스원 판교하우스,LIG 디펜스&에어로스페이스 판교하우스R&D센터,경기 성남시 분당구 삼평동,37.4045865,127.11190235,2506828,HOME_019,판교알파리움2단지,판교알파리움2단지아파트,경기 성남시 분당구 백현동,37.39333776,127.1094029,5391791,seongnam,18
OD_000197,ORG_001,LIG넥스원 판교하우스,LIG 디펜스&에어로스페이스 판교하우스R&D센터,경기 성남시 분당구 삼평동,37.4045865,127.11190235,2506828,HOME_021,성남 센트럴타운,센트럴타운아파트,경기 성남시 중원구 여수동,37.41864076,127.13056693,2821057,seongnam,18
OD_000198,ORG_002,넥슨코리아,넥슨코리아,경기 성남시 분당구 삼평동,37.40230883,127.10306989,2906347,EXT_006,교대역,교대역[2호선],서울 서초구 서초동,37.49399104,127.01435314,280182,seoul,18
OD_000199,ORG_002,넥슨코리아,넥슨코리아,경기 성남시 분당구 삼평동,37.40230883,127.10306989,2906347,EXT_009,수원역,수원역,경기 수원시 팔달구 매산로1가,37.26435073,126.99924985,10367609,suwon,18
OD_000200,ORG_002,넥슨코리아,넥슨코리아,경기 성남시 분당구 삼평동,37.40230883,127.10306989,2906347,HOME_005,봇들마을7단지,봇들마을7단지엔파트아파트,경기 성남시 분당구 삼평동,37.39639306,127.11495786,1577351,seongnam,18
OD_000201,ORG_002,넥슨코리아,넥슨코리아,경기 성남시 분당구 삼평동,37.40230883,127.10306989,2906347,HOME_027,신흥역 하늘채 랜더스원 4단지,신흥역하늘채랜더스원4단지아파트,경기 성남시 중원구 중앙동,37.44030526,127.14978679,8922194,seongnam,18
OD_000202,ORG_003,엔씨소프트 판교 R&D센터,엔씨판교R&D센터,경기 성남시 분당구 삼평동,37.39975366,127.10809728,2849469,EXT_002,잠실역,잠실역[2호선],서울 송파구 신천동,37.5140458,127.09934484,624344,seoul,18
OD_000203,ORG_003,엔씨소프트 판교 R&D센터,엔씨판교R&D센터,경기 성남시 분당구 삼평동,37.39975366,127.10809728,2849469,EXT_010,죽전역,죽전역[수인분당선],경기 용인시 수지구 죽전동,37.32548448,127.10726611,1167140,yongin,18
OD_000204,ORG_003,엔씨소프트 판교 R&D센터,엔씨판교R&D센터,경기 성남시 분당구 삼평동,37.39975366,127.10809728,2849469,HOME_007,판교원마을7단지,판교원마을7단지아파트,경기 성남시 분당구 판교동,37.38642159,127.09237686,4084589,seongnam,18
OD_000205,ORG_004,안랩,안랩,경기 성남시 분당구 삼평동,37.40083691,127.11023594,981514,EXT_011,기흥역,기흥역[용인경전철],경기 용인시 기흥구 구갈동,37.27601815,127.11693329,1933629,yongin,18
OD_000206,ORG_004,안랩,안랩,경기 성남시 분당구 삼평동,37.40083691,127.11023594,981514,HOME_015,산운마을14단지경남아너스빌아파트,산운마을경남아너스빌14단지아파트,경기 성남시 분당구 운중동,37.3841993,127.07415636,1577453,seongnam,18
OD_000207,ORG_004,안랩,안랩,경기 성남시 분당구 삼평동,37.40083691,127.11023594,981514,HOME_016,산운마을6단지신동아파밀리에,산운마을6단지아파트,경기 성남시 분당구 운중동,37.39322605,127.07507269,1577434,seongnam,18
OD_000208,ORG_004,안랩,안랩,경기 성남시 분당구 삼평동,37.40083691,127.11023594,981514,HOME_022,성남단대푸르지오,단대푸르지오아파트,경기 성남시 수정구 단대동,37.4512208,127.15748022,2241323,seongnam,18
OD_000209,ORG_005,NHN Play Museum,NHN플레이뮤지엄(성남) 전기차충전소,경기 성남시 분당구 삼평동,37.4007257,127.10412539,11294177,HOME_006,백현마을5단지(주공),백현마을5단지아파트,경기 성남시 분당구 백현동,37.39036594,127.11276379,1577381,seongnam,18
OD_000210,ORG_005,NHN Play Museum,NHN플레이뮤지엄(성남) 전기차충전소,경기 성남시 분당구 삼평동,37.4007257,127.10412539,11294177,HOME_027,신흥역 하늘채 랜더스원 4단지,신흥역하늘채랜더스원4단지아파트,경기 성남시 중원구 중앙동,37.44030526,127.14978679,8922194,seongnam,18
OD_000211,ORG_006,네오위즈 판교타워,네오위즈판교타워,경기 성남시 분당구 삼평동,37.40047572,127.10387542,5387232,HOME_008,판교봇들마을9단지금호어울림아파트,봇들마을9단지금호어울림아파트,경기 성남시 분당구 삼평동,37.39642089,127.11790204,1577338,seongnam,18
OD_000212,ORG_006,네오위즈 판교타워,네오위즈판교타워,경기 성남시 분당구 삼평동,37.40047572,127.10387542,5387232,HOME_015,산운마을14단지경남아너스빌아파트,산운마을경남아너스빌14단지아파트,경기 성남시 분당구 운중동,37.3841993,127.07415636,1577453,seongnam,18
OD_000213,ORG_006,네오위즈 판교타워,네오위즈판교타워,경기 성남시 분당구 삼평동,37.40047572,127.10387542,5387232,HOME_026,신흥역 하늘채 랜더스원 3단지,신흥역하늘채랜더스원3단지아파트,경기 성남시 중원구 중앙동,37.44002753,127.15028675,8922214,seongnam,18
OD_000214,ORG_007,위메이드 판교 사옥,위메이드타워,경기 성남시 분당구 삼평동,37.40133688,127.11176357,5888704,EXT_010,죽전역,죽전역[수인분당선],경기 용인시 수지구 죽전동,37.32548448,127.10726611,1167140,yongin,18
OD_000215,ORG_007,위메이드 판교 사옥,위메이드타워,경기 성남시 분당구 삼평동,37.40133688,127.11176357,5888704,HOME_017,파크타운아파트,파크타운롯데아파트,경기 성남시 분당구 수내동,37.372507,127.11812491,225355,seongnam,18
OD_000216,ORG_007,위메이드 판교 사옥,위메이드타워,경기 성남시 분당구 삼평동,37.40133688,127.11176357,5888704,HOME_024,성남두산,성남두산아파트,경기 성남시 수정구 신흥동,37.44436034,127.14931449,374599,seongnam,18
OD_000217,ORG_008,카카오게임즈,카카오게임즈,경기 성남시 분당구 백현동,37.39447653,127.10987504,6508888,HOME_005,봇들마을7단지,봇들마을7단지엔파트아파트,경기 성남시 분당구 삼평동,37.39639306,127.11495786,1577351,seongnam,18
OD_000218,ORG_008,카카오게임즈,카카오게임즈,경기 성남시 분당구 백현동,37.39447653,127.10987504,6508888,HOME_007,판교원마을7단지,판교원마을7단지아파트,경기 성남시 분당구 판교동,37.38642159,127.09237686,4084589,seongnam,18
OD_000219,ORG_008,카카오게임즈,카카오게임즈,경기 성남시 분당구 백현동,37.39447653,127.10987504,6508888,HOME_019,판교알파리움2단지,판교알파리움2단지아파트,경기 성남시 분당구 백현동,37.39333776,127.1094029,5391791,seongnam,18
OD_000220,ORG_008,카카오게임즈,카카오게임즈,경기 성남시 분당구 백현동,37.39447653,127.10987504,6508888,HOME_025,산성역 포레스티아 아파트,산성역포레스티아아파트,경기 성남시 수정구 신흥동,37.45080399,127.14689786,8466345,seongnam,18
OD_000221,ORG_009,스마일게이트,스마일게이트캠퍼스,경기 성남시 분당구 삼평동,37.40258673,127.11179131,2819486,EXT_003,수서역,수서역,서울 강남구 수서동,37.48366056,127.10606731,6820888,seoul,18
OD_000222,ORG_009,스마일게이트,스마일게이트캠퍼스,경기 성남시 분당구 삼평동,37.40258673,127.11179131,2819486,EXT_004,삼성역,삼성역[2호선],서울 강남구 삼성동,37.50824028,127.06379268,280178,seoul,18
OD_000223,ORG_009,스마일게이트,스마일게이트캠퍼스,경기 성남시 분당구 삼평동,37.40258673,127.11179131,2819486,EXT_009,수원역,수원역,경기 수원시 팔달구 매산로1가,37.26435073,126.99924985,10367609,suwon,18
OD_000224,ORG_009,스마일게이트,스마일게이트캠퍼스,경기 성남시 분당구 삼평동,37.40258673,127.11179131,2819486,EXT_012,경기광주역,경기광주역[경강선],경기 광주시 역동,37.39925633,127.25308413,6552665,gwangju,18
OD_000225,ORG_010,웹젠,웹젠,경기 성남시 분당구 삼평동,37.40222547,127.10090342,6327390,EXT_013,미사역,미사역[5호선],경기 하남시 망월동,37.56309735,127.19289048,8467712,hanam,18
OD_000226,ORG_010,웹젠,웹젠,경기 성남시 분당구 삼평동,37.40222547,127.10090342,6327390,HOME_004,봇들마을4단지,봇들마을4단지아파트,경기 성남시 분당구 삼평동,37.40372558,127.11687415,1577335,seongnam,18
OD_000227,ORG_010,웹젠,웹젠,경기 성남시 분당구 삼평동,37.40222547,127.10090342,6327390,HOME_014,산운마을13단지,산운마을13단지아파트,경기 성남시 분당구 운중동,37.38694898,127.07435071,1577535,seongnam,18
OD_000228,ORG_010,웹젠,웹젠,경기 성남시 분당구 삼평동,37.40222547,127.10090342,6327390,HOME_027,신흥역 하늘채 랜더스원 4단지,신흥역하늘채랜더스원4단지아파트,경기 성남시 중원구 중앙동,37.44030526,127.14978679,8922194,seongnam,18
OD_000229,ORG_011,유라코퍼레이션,유라코퍼레이션,경기 성남시 분당구 삼평동,37.40258667,127.10826385,2264999,EXT_006,교대역,교대역[2호선],서울 서초구 서초동,37.49399104,127.01435314,280182,seoul,18
OD_000230,ORG_011,유라코퍼레이션,유라코퍼레이션,경기 성남시 분당구 삼평동,37.40258667,127.10826385,2264999,EXT_011,기흥역,기흥역[용인경전철],경기 용인시 기흥구 구갈동,37.27601815,127.11693329,1933629,yongin,18
OD_000231,ORG_012,한국파스퇴르연구소,한국파스퇴르연구소,경기 성남시 분당구 삼평동,37.40647501,127.10270869,1587122,EXT_005,선릉역,선릉역[2호선],서울 강남구 삼성동,37.50451822,127.04893303,280179,seoul,18
OD_000232,ORG_012,한국파스퇴르연구소,한국파스퇴르연구소,경기 성남시 분당구 삼평동,37.40647501,127.10270869,1587122,HOME_026,신흥역 하늘채 랜더스원 3단지,신흥역하늘채랜더스원3단지아파트,경기 성남시 중원구 중앙동,37.44002753,127.15028675,8922214,seongnam,18
OD_000233,ORG_013,차바이오컴플렉스,차바이오컴플렉스,경기 성남시 분당구 삼평동,37.4041421,127.11129131,2849159,EXT_003,수서역,수서역,서울 강남구 수서동,37.48366056,127.10606731,6820888,seoul,18
OD_000234,ORG_013,차바이오컴플렉스,차바이오컴플렉스,경기 성남시 분당구 삼평동,37.4041421,127.11129131,2849159,EXT_010,죽전역,죽전역[수인분당선],경기 용인시 수지구 죽전동,37.32548448,127.10726611,1167140,yongin,18
OD_000235,ORG_013,차바이오컴플렉스,차바이오컴플렉스,경기 성남시 분당구 삼평동,37.4041421,127.11129131,2849159,HOME_001,성남판교백현마을2단지,백현마을2단지아파트,경기 성남시 분당구 백현동,37.39325459,127.11776325,1577354,seongnam,18
OD_000236,ORG_013,차바이오컴플렉스,차바이오컴플렉스,경기 성남시 분당구 삼평동,37.4041421,127.11129131,2849159,HOME_002,판교푸르지오그랑블,판교푸르지오그랑블아파트,경기 성남시 분당구 백현동,37.39333789,127.11654114,1577373,seongnam,18
OD_000237,ORG_013,차바이오컴플렉스,차바이오컴플렉스,경기 성남시 분당구 삼평동,37.4041421,127.11129131,2849159,HOME_006,백현마을5단지(주공),백현마을5단지아파트,경기 성남시 분당구 백현동,37.39036594,127.11276379,1577381,seongnam,18
OD_000238,ORG_013,차바이오컴플렉스,차바이오컴플렉스,경기 성남시 분당구 삼평동,37.4041421,127.11129131,2849159,HOME_011,봇들마을휴먼시아8단지,봇들마을휴먼시아8단지아파트,경기 성남시 분당구 삼평동,37.39603199,127.11490232,1577357,seongnam,18
OD_000239,ORG_015,유스페이스1,유스페이스 1동,경기 성남시 분당구 삼평동,37.40011472,127.10762509,2875928,EXT_010,죽전역,죽전역[수인분당선],경기 용인시 수지구 죽전동,37.32548448,127.10726611,1167140,yongin,18
OD_000240,ORG_001,LIG넥스원 판교하우스,LIG 디펜스&에어로스페이스 판교하우스R&D센터,경기 성남시 분당구 삼평동,37.4045865,127.11190235,2506828,EXT_004,삼성역,삼성역[2호선],서울 강남구 삼성동,37.50824028,127.06379268,280178,seoul,17
OD_000241,ORG_001,LIG넥스원 판교하우스,LIG 디펜스&에어로스페이스 판교하우스R&D센터,경기 성남시 분당구 삼평동,37.4045865,127.11190235,2506828,HOME_013,산운마을11단지판교포레라움아파트,산운마을11단지판교포레라움아파트,경기 성남시 분당구 운중동,37.38947646,127.07393401,4084509,seongnam,17
OD_000242,ORG_002,넥슨코리아,넥슨코리아,경기 성남시 분당구 삼평동,37.40230883,127.10306989,2906347,EXT_002,잠실역,잠실역[2호선],서울 송파구 신천동,37.5140458,127.09934484,624344,seoul,17
OD_000243,ORG_002,넥슨코리아,넥슨코리아,경기 성남시 분당구 삼평동,37.40230883,127.10306989,2906347,EXT_010,죽전역,죽전역[수인분당선],경기 용인시 수지구 죽전동,37.32548448,127.10726611,1167140,yongin,17
OD_000244,ORG_003,엔씨소프트 판교 R&D센터,엔씨판교R&D센터,경기 성남시 분당구 삼평동,37.39975366,127.10809728,2849469,EXT_003,수서역,수서역,서울 강남구 수서동,37.48366056,127.10606731,6820888,seoul,17
OD_000245,ORG_003,엔씨소프트 판교 R&D센터,엔씨판교R&D센터,경기 성남시 분당구 삼평동,37.39975366,127.10809728,2849469,HOME_024,성남두산,성남두산아파트,경기 성남시 수정구 신흥동,37.44436034,127.14931449,374599,seongnam,17
OD_000246,ORG_004,안랩,안랩,경기 성남시 분당구 삼평동,37.40083691,127.11023594,981514,EXT_009,수원역,수원역,경기 수원시 팔달구 매산로1가,37.26435073,126.99924985,10367609,suwon,17
OD_000247,ORG_004,안랩,안랩,경기 성남시 분당구 삼평동,37.40083691,127.11023594,981514,EXT_010,죽전역,죽전역[수인분당선],경기 용인시 수지구 죽전동,37.32548448,127.10726611,1167140,yongin,17
OD_000248,ORG_004,안랩,안랩,경기 성남시 분당구 삼평동,37.40083691,127.11023594,981514,HOME_011,봇들마을휴먼시아8단지,봇들마을휴먼시아8단지아파트,경기 성남시 분당구 삼평동,37.39603199,127.11490232,1577357,seongnam,17
OD_000249,ORG_006,네오위즈 판교타워,네오위즈판교타워,경기 성남시 분당구 삼평동,37.40047572,127.10387542,5387232,HOME_013,산운마을11단지판교포레라움아파트,산운마을11단지판교포레라움아파트,경기 성남시 분당구 운중동,37.38947646,127.07393401,4084509,seongnam,17
OD_000250,ORG_006,네오위즈 판교타워,네오위즈판교타워,경기 성남시 분당구 삼평동,37.40047572,127.10387542,5387232,HOME_016,산운마을6단지신동아파밀리에,산운마을6단지아파트,경기 성남시 분당구 운중동,37.39322605,127.07507269,1577434,seongnam,17
OD_000251,ORG_006,네오위즈 판교타워,네오위즈판교타워,경기 성남시 분당구 삼평동,37.40047572,127.10387542,5387232,HOME_020,판교대방노블랜드,판교대방노블랜드아파트,경기 성남시 분당구 운중동,37.39303163,127.07529489,4097065,seongnam,17
OD_000252,ORG_007,위메이드 판교 사옥,위메이드타워,경기 성남시 분당구 삼평동,37.40133688,127.11176357,5888704,HOME_001,성남판교백현마을2단지,백현마을2단지아파트,경기 성남시 분당구 백현동,37.39325459,127.11776325,1577354,seongnam,17
OD_000253,ORG_007,위메이드 판교 사옥,위메이드타워,경기 성남시 분당구 삼평동,37.40133688,127.11176357,5888704,HOME_022,성남단대푸르지오,단대푸르지오아파트,경기 성남시 수정구 단대동,37.4512208,127.15748022,2241323,seongnam,17
OD_000254,ORG_008,카카오게임즈,카카오게임즈,경기 성남시 분당구 백현동,37.39447653,127.10987504,6508888,HOME_014,산운마을13단지,산운마을13단지아파트,경기 성남시 분당구 운중동,37.38694898,127.07435071,1577535,seongnam,17
OD_000255,ORG_008,카카오게임즈,카카오게임즈,경기 성남시 분당구 백현동,37.39447653,127.10987504,6508888,HOME_026,신흥역 하늘채 랜더스원 3단지,신흥역하늘채랜더스원3단지아파트,경기 성남시 중원구 중앙동,37.44002753,127.15028675,8922214,seongnam,17
OD_000256,ORG_008,카카오게임즈,카카오게임즈,경기 성남시 분당구 백현동,37.39447653,127.10987504,6508888,HOME_027,신흥역 하늘채 랜더스원 4단지,신흥역하늘채랜더스원4단지아파트,경기 성남시 중원구 중앙동,37.44030526,127.14978679,8922194,seongnam,17
OD_000257,ORG_009,스마일게이트,스마일게이트캠퍼스,경기 성남시 분당구 삼평동,37.40258673,127.11179131,2819486,EXT_007,사당역,사당역[2호선],서울 동작구 사당동,37.47654804,126.98160661,280185,seoul,17
OD_000258,ORG_009,스마일게이트,스마일게이트캠퍼스,경기 성남시 분당구 삼평동,37.40258673,127.11179131,2819486,HOME_015,산운마을14단지경남아너스빌아파트,산운마을경남아너스빌14단지아파트,경기 성남시 분당구 운중동,37.3841993,127.07415636,1577453,seongnam,17
OD_000259,ORG_010,웹젠,웹젠,경기 성남시 분당구 삼평동,37.40222547,127.10090342,6327390,EXT_007,사당역,사당역[2호선],서울 동작구 사당동,37.47654804,126.98160661,280185,seoul,17
OD_000260,ORG_010,웹젠,웹젠,경기 성남시 분당구 삼평동,37.40222547,127.10090342,6327390,HOME_009,판교백현마을7단지,백현마을7단지휴먼시아아파트,경기 성남시 분당구 백현동,37.38956044,127.11026404,1577384,seongnam,17
OD_000261,ORG_010,웹젠,웹젠,경기 성남시 분당구 삼평동,37.40222547,127.10090342,6327390,HOME_011,봇들마을휴먼시아8단지,봇들마을휴먼시아8단지아파트,경기 성남시 분당구 삼평동,37.39603199,127.11490232,1577357,seongnam,17
OD_000262,ORG_010,웹젠,웹젠,경기 성남시 분당구 삼평동,37.40222547,127.10090342,6327390,HOME_013,산운마을11단지판교포레라움아파트,산운마을11단지판교포레라움아파트,경기 성남시 분당구 운중동,37.38947646,127.07393401,4084509,seongnam,17
OD_000263,ORG_010,웹젠,웹젠,경기 성남시 분당구 삼평동,37.40222547,127.10090342,6327390,HOME_018,판교 알파리움1단지,판교알파리움1단지아파트,경기 성남시 분당구 백현동,37.39603188,127.10859734,5656353,seongnam,17
OD_000264,ORG_011,유라코퍼레이션,유라코퍼레이션,경기 성남시 분당구 삼평동,37.40258667,127.10826385,2264999,EXT_004,삼성역,삼성역[2호선],서울 강남구 삼성동,37.50824028,127.06379268,280178,seoul,17
OD_000265,ORG_011,유라코퍼레이션,유라코퍼레이션,경기 성남시 분당구 삼평동,37.40258667,127.10826385,2264999,EXT_008,광교중앙역,광교중앙역[신분당선],경기 수원시 영통구 이의동,37.28845999,127.05163331,6518966,suwon,17
OD_000266,ORG_011,유라코퍼레이션,유라코퍼레이션,경기 성남시 분당구 삼평동,37.40258667,127.10826385,2264999,HOME_014,산운마을13단지,산운마을13단지아파트,경기 성남시 분당구 운중동,37.38694898,127.07435071,1577535,seongnam,17
OD_000267,ORG_012,한국파스퇴르연구소,한국파스퇴르연구소,경기 성남시 분당구 삼평동,37.40647501,127.10270869,1587122,HOME_003,봇들마을3단지아파트,판교봇들마을3단지아파트,경기 성남시 분당구 삼평동,37.40269792,127.1166242,1565444,seongnam,17
OD_000268,ORG_012,한국파스퇴르연구소,한국파스퇴르연구소,경기 성남시 분당구 삼평동,37.40647501,127.10270869,1587122,HOME_006,백현마을5단지(주공),백현마을5단지아파트,경기 성남시 분당구 백현동,37.39036594,127.11276379,1577381,seongnam,17
OD_000269,ORG_012,한국파스퇴르연구소,한국파스퇴르연구소,경기 성남시 분당구 삼평동,37.40647501,127.10270869,1587122,HOME_013,산운마을11단지판교포레라움아파트,산운마을11단지판교포레라움아파트,경기 성남시 분당구 운중동,37.38947646,127.07393401,4084509,seongnam,17
OD_000270,ORG_012,한국파스퇴르연구소,한국파스퇴르연구소,경기 성남시 분당구 삼평동,37.40647501,127.10270869,1587122,HOME_022,성남단대푸르지오,단대푸르지오아파트,경기 성남시 수정구 단대동,37.4512208,127.15748022,2241323,seongnam,17
OD_000271,ORG_013,차바이오컴플렉스,차바이오컴플렉스,경기 성남시 분당구 삼평동,37.4041421,127.11129131,2849159,EXT_002,잠실역,잠실역[2호선],서울 송파구 신천동,37.5140458,127.09934484,624344,seoul,17
OD_000272,ORG_013,차바이오컴플렉스,차바이오컴플렉스,경기 성남시 분당구 삼평동,37.4041421,127.11129131,2849159,EXT_008,광교중앙역,광교중앙역[신분당선],경기 수원시 영통구 이의동,37.28845999,127.05163331,6518966,suwon,17
OD_000273,ORG_013,차바이오컴플렉스,차바이오컴플렉스,경기 성남시 분당구 삼평동,37.4041421,127.11129131,2849159,HOME_009,판교백현마을7단지,백현마을7단지휴먼시아아파트,경기 성남시 분당구 백현동,37.38956044,127.11026404,1577384,seongnam,17
OD_000274,ORG_013,차바이오컴플렉스,차바이오컴플렉스,경기 성남시 분당구 삼평동,37.4041421,127.11129131,2849159,HOME_015,산운마을14단지경남아너스빌아파트,산운마을경남아너스빌14단지아파트,경기 성남시 분당구 운중동,37.3841993,127.07415636,1577453,seongnam,17
OD_000275,ORG_013,차바이오컴플렉스,차바이오컴플렉스,경기 성남시 분당구 삼평동,37.4041421,127.11129131,2849159,HOME_027,신흥역 하늘채 랜더스원 4단지,신흥역하늘채랜더스원4단지아파트,경기 성남시 중원구 중앙동,37.44030526,127.14978679,8922194,seongnam,17
OD_000276,ORG_014,경기창조경제혁신센터,경기창조경제혁신센터,경기 성남시 분당구 삼평동,37.40047572,127.10393097,6289967,EXT_005,선릉역,선릉역[2호선],서울 강남구 삼성동,37.50451822,127.04893303,280179,seoul,17
OD_000277,ORG_014,경기창조경제혁신센터,경기창조경제혁신센터,경기 성남시 분당구 삼평동,37.40047572,127.10393097,6289967,HOME_004,봇들마을4단지,봇들마을4단지아파트,경기 성남시 분당구 삼평동,37.40372558,127.11687415,1577335,seongnam,17
OD_000278,ORG_014,경기창조경제혁신센터,경기창조경제혁신센터,경기 성남시 분당구 삼평동,37.40047572,127.10393097,6289967,HOME_010,판교백현마을8단지,백현마을8단지아파트,경기 성남시 분당구 백현동,37.38725512,127.10859759,1577388,seongnam,17
OD_000279,ORG_014,경기창조경제혁신센터,경기창조경제혁신센터,경기 성남시 분당구 삼평동,37.40047572,127.10393097,6289967,HOME_022,성남단대푸르지오,단대푸르지오아파트,경기 성남시 수정구 단대동,37.4512208,127.15748022,2241323,seongnam,17
OD_000280,ORG_001,LIG넥스원 판교하우스,LIG 디펜스&에어로스페이스 판교하우스R&D센터,경기 성남시 분당구 삼평동,37.4045865,127.11190235,2506828,HOME_018,판교 알파리움1단지,판교알파리움1단지아파트,경기 성남시 분당구 백현동,37.39603188,127.10859734,5656353,seongnam,16
OD_000281,ORG_001,LIG넥스원 판교하우스,LIG 디펜스&에어로스페이스 판교하우스R&D센터,경기 성남시 분당구 삼평동,37.4045865,127.11190235,2506828,HOME_024,성남두산,성남두산아파트,경기 성남시 수정구 신흥동,37.44436034,127.14931449,374599,seongnam,16
OD_000282,ORG_001,LIG넥스원 판교하우스,LIG 디펜스&에어로스페이스 판교하우스R&D센터,경기 성남시 분당구 삼평동,37.4045865,127.11190235,2506828,HOME_026,신흥역 하늘채 랜더스원 3단지,신흥역하늘채랜더스원3단지아파트,경기 성남시 중원구 중앙동,37.44002753,127.15028675,8922214,seongnam,16
OD_000283,ORG_001,LIG넥스원 판교하우스,LIG 디펜스&에어로스페이스 판교하우스R&D센터,경기 성남시 분당구 삼평동,37.4045865,127.11190235,2506828,HOME_027,신흥역 하늘채 랜더스원 4단지,신흥역하늘채랜더스원4단지아파트,경기 성남시 중원구 중앙동,37.44030526,127.14978679,8922194,seongnam,16
OD_000284,ORG_002,넥슨코리아,넥슨코리아,경기 성남시 분당구 삼평동,37.40230883,127.10306989,2906347,EXT_001,강남역,강남역[2호선],서울 강남구 역삼동,37.49804637,127.0279629,280181,seoul,16
OD_000285,ORG_002,넥슨코리아,넥슨코리아,경기 성남시 분당구 삼평동,37.40230883,127.10306989,2906347,HOME_001,성남판교백현마을2단지,백현마을2단지아파트,경기 성남시 분당구 백현동,37.39325459,127.11776325,1577354,seongnam,16
OD_000286,ORG_002,넥슨코리아,넥슨코리아,경기 성남시 분당구 삼평동,37.40230883,127.10306989,2906347,HOME_006,백현마을5단지(주공),백현마을5단지아파트,경기 성남시 분당구 백현동,37.39036594,127.11276379,1577381,seongnam,16
OD_000287,ORG_002,넥슨코리아,넥슨코리아,경기 성남시 분당구 삼평동,37.40230883,127.10306989,2906347,HOME_016,산운마을6단지신동아파밀리에,산운마을6단지아파트,경기 성남시 분당구 운중동,37.39322605,127.07507269,1577434,seongnam,16
OD_000288,ORG_002,넥슨코리아,넥슨코리아,경기 성남시 분당구 삼평동,37.40230883,127.10306989,2906347,HOME_019,판교알파리움2단지,판교알파리움2단지아파트,경기 성남시 분당구 백현동,37.39333776,127.1094029,5391791,seongnam,16
OD_000289,ORG_002,넥슨코리아,넥슨코리아,경기 성남시 분당구 삼평동,37.40230883,127.10306989,2906347,HOME_022,성남단대푸르지오,단대푸르지오아파트,경기 성남시 수정구 단대동,37.4512208,127.15748022,2241323,seongnam,16
OD_000290,ORG_002,넥슨코리아,넥슨코리아,경기 성남시 분당구 삼평동,37.40230883,127.10306989,2906347,HOME_023,성남동어울림아파트,성남동어울림아파트,경기 성남시 중원구 성남동,37.43038953,127.13773261,1136792,seongnam,16
OD_000291,ORG_002,넥슨코리아,넥슨코리아,경기 성남시 분당구 삼평동,37.40230883,127.10306989,2906347,HOME_025,산성역 포레스티아 아파트,산성역포레스티아아파트,경기 성남시 수정구 신흥동,37.45080399,127.14689786,8466345,seongnam,16
OD_000292,ORG_003,엔씨소프트 판교 R&D센터,엔씨판교R&D센터,경기 성남시 분당구 삼평동,37.39975366,127.10809728,2849469,EXT_008,광교중앙역,광교중앙역[신분당선],경기 수원시 영통구 이의동,37.28845999,127.05163331,6518966,suwon,16
OD_000293,ORG_003,엔씨소프트 판교 R&D센터,엔씨판교R&D센터,경기 성남시 분당구 삼평동,37.39975366,127.10809728,2849469,EXT_011,기흥역,기흥역[용인경전철],경기 용인시 기흥구 구갈동,37.27601815,127.11693329,1933629,yongin,16
OD_000294,ORG_003,엔씨소프트 판교 R&D센터,엔씨판교R&D센터,경기 성남시 분당구 삼평동,37.39975366,127.10809728,2849469,HOME_004,봇들마을4단지,봇들마을4단지아파트,경기 성남시 분당구 삼평동,37.40372558,127.11687415,1577335,seongnam,16
OD_000295,ORG_003,엔씨소프트 판교 R&D센터,엔씨판교R&D센터,경기 성남시 분당구 삼평동,37.39975366,127.10809728,2849469,HOME_014,산운마을13단지,산운마을13단지아파트,경기 성남시 분당구 운중동,37.38694898,127.07435071,1577535,seongnam,16
OD_000296,ORG_003,엔씨소프트 판교 R&D센터,엔씨판교R&D센터,경기 성남시 분당구 삼평동,37.39975366,127.10809728,2849469,HOME_023,성남동어울림아파트,성남동어울림아파트,경기 성남시 중원구 성남동,37.43038953,127.13773261,1136792,seongnam,16
OD_000297,ORG_004,안랩,안랩,경기 성남시 분당구 삼평동,37.40083691,127.11023594,981514,HOME_004,봇들마을4단지,봇들마을4단지아파트,경기 성남시 분당구 삼평동,37.40372558,127.11687415,1577335,seongnam,16
OD_000298,ORG_004,안랩,안랩,경기 성남시 분당구 삼평동,37.40083691,127.11023594,981514,HOME_008,판교봇들마을9단지금호어울림아파트,봇들마을9단지금호어울림아파트,경기 성남시 분당구 삼평동,37.39642089,127.11790204,1577338,seongnam,16
OD_000299,ORG_004,안랩,안랩,경기 성남시 분당구 삼평동,37.40083691,127.11023594,981514,HOME_017,파크타운아파트,파크타운롯데아파트,경기 성남시 분당구 수내동,37.372507,127.11812491,225355,seongnam,16
OD_000300,ORG_005,NHN Play Museum,NHN플레이뮤지엄(성남) 전기차충전소,경기 성남시 분당구 삼평동,37.4007257,127.10412539,11294177,EXT_009,수원역,수원역,경기 수원시 팔달구 매산로1가,37.26435073,126.99924985,10367609,suwon,16
OD_000301,ORG_005,NHN Play Museum,NHN플레이뮤지엄(성남) 전기차충전소,경기 성남시 분당구 삼평동,37.4007257,127.10412539,11294177,EXT_012,경기광주역,경기광주역[경강선],경기 광주시 역동,37.39925633,127.25308413,6552665,gwangju,16
OD_000302,ORG_005,NHN Play Museum,NHN플레이뮤지엄(성남) 전기차충전소,경기 성남시 분당구 삼평동,37.4007257,127.10412539,11294177,HOME_008,판교봇들마을9단지금호어울림아파트,봇들마을9단지금호어울림아파트,경기 성남시 분당구 삼평동,37.39642089,127.11790204,1577338,seongnam,16
OD_000303,ORG_005,NHN Play Museum,NHN플레이뮤지엄(성남) 전기차충전소,경기 성남시 분당구 삼평동,37.4007257,127.10412539,11294177,HOME_010,판교백현마을8단지,백현마을8단지아파트,경기 성남시 분당구 백현동,37.38725512,127.10859759,1577388,seongnam,16
OD_000304,ORG_006,네오위즈 판교타워,네오위즈판교타워,경기 성남시 분당구 삼평동,37.40047572,127.10387542,5387232,EXT_004,삼성역,삼성역[2호선],서울 강남구 삼성동,37.50824028,127.06379268,280178,seoul,16
OD_000305,ORG_006,네오위즈 판교타워,네오위즈판교타워,경기 성남시 분당구 삼평동,37.40047572,127.10387542,5387232,EXT_008,광교중앙역,광교중앙역[신분당선],경기 수원시 영통구 이의동,37.28845999,127.05163331,6518966,suwon,16
OD_000306,ORG_006,네오위즈 판교타워,네오위즈판교타워,경기 성남시 분당구 삼평동,37.40047572,127.10387542,5387232,HOME_001,성남판교백현마을2단지,백현마을2단지아파트,경기 성남시 분당구 백현동,37.39325459,127.11776325,1577354,seongnam,16
OD_000307,ORG_006,네오위즈 판교타워,네오위즈판교타워,경기 성남시 분당구 삼평동,37.40047572,127.10387542,5387232,HOME_005,봇들마을7단지,봇들마을7단지엔파트아파트,경기 성남시 분당구 삼평동,37.39639306,127.11495786,1577351,seongnam,16
OD_000308,ORG_006,네오위즈 판교타워,네오위즈판교타워,경기 성남시 분당구 삼평동,37.40047572,127.10387542,5387232,HOME_023,성남동어울림아파트,성남동어울림아파트,경기 성남시 중원구 성남동,37.43038953,127.13773261,1136792,seongnam,16
OD_000309,ORG_007,위메이드 판교 사옥,위메이드타워,경기 성남시 분당구 삼평동,37.40133688,127.11176357,5888704,EXT_002,잠실역,잠실역[2호선],서울 송파구 신천동,37.5140458,127.09934484,624344,seoul,16
OD_000310,ORG_007,위메이드 판교 사옥,위메이드타워,경기 성남시 분당구 삼평동,37.40133688,127.11176357,5888704,HOME_002,판교푸르지오그랑블,판교푸르지오그랑블아파트,경기 성남시 분당구 백현동,37.39333789,127.11654114,1577373,seongnam,16
OD_000311,ORG_007,위메이드 판교 사옥,위메이드타워,경기 성남시 분당구 삼평동,37.40133688,127.11176357,5888704,HOME_007,판교원마을7단지,판교원마을7단지아파트,경기 성남시 분당구 판교동,37.38642159,127.09237686,4084589,seongnam,16
OD_000312,ORG_007,위메이드 판교 사옥,위메이드타워,경기 성남시 분당구 삼평동,37.40133688,127.11176357,5888704,HOME_010,판교백현마을8단지,백현마을8단지아파트,경기 성남시 분당구 백현동,37.38725512,127.10859759,1577388,seongnam,16
OD_000313,ORG_007,위메이드 판교 사옥,위메이드타워,경기 성남시 분당구 삼평동,37.40133688,127.11176357,5888704,HOME_012,산운12단지 판교센트럴포레,산운마을12단지판교센트럴포레아파트,경기 성남시 분당구 운중동,37.38969861,127.07129535,1577445,seongnam,16
OD_000314,ORG_007,위메이드 판교 사옥,위메이드타워,경기 성남시 분당구 삼평동,37.40133688,127.11176357,5888704,HOME_021,성남 센트럴타운,센트럴타운아파트,경기 성남시 중원구 여수동,37.41864076,127.13056693,2821057,seongnam,16
OD_000315,ORG_008,카카오게임즈,카카오게임즈,경기 성남시 분당구 백현동,37.39447653,127.10987504,6508888,HOME_016,산운마을6단지신동아파밀리에,산운마을6단지아파트,경기 성남시 분당구 운중동,37.39322605,127.07507269,1577434,seongnam,16
OD_000316,ORG_009,스마일게이트,스마일게이트캠퍼스,경기 성남시 분당구 삼평동,37.40258673,127.11179131,2819486,EXT_008,광교중앙역,광교중앙역[신분당선],경기 수원시 영통구 이의동,37.28845999,127.05163331,6518966,suwon,16
OD_000317,ORG_009,스마일게이트,스마일게이트캠퍼스,경기 성남시 분당구 삼평동,37.40258673,127.11179131,2819486,HOME_005,봇들마을7단지,봇들마을7단지엔파트아파트,경기 성남시 분당구 삼평동,37.39639306,127.11495786,1577351,seongnam,16
OD_000318,ORG_009,스마일게이트,스마일게이트캠퍼스,경기 성남시 분당구 삼평동,37.40258673,127.11179131,2819486,HOME_008,판교봇들마을9단지금호어울림아파트,봇들마을9단지금호어울림아파트,경기 성남시 분당구 삼평동,37.39642089,127.11790204,1577338,seongnam,16
OD_000319,ORG_009,스마일게이트,스마일게이트캠퍼스,경기 성남시 분당구 삼평동,37.40258673,127.11179131,2819486,HOME_010,판교백현마을8단지,백현마을8단지아파트,경기 성남시 분당구 백현동,37.38725512,127.10859759,1577388,seongnam,16
OD_000320,ORG_009,스마일게이트,스마일게이트캠퍼스,경기 성남시 분당구 삼평동,37.40258673,127.11179131,2819486,HOME_018,판교 알파리움1단지,판교알파리움1단지아파트,경기 성남시 분당구 백현동,37.39603188,127.10859734,5656353,seongnam,16
OD_000321,ORG_009,스마일게이트,스마일게이트캠퍼스,경기 성남시 분당구 삼평동,37.40258673,127.11179131,2819486,HOME_022,성남단대푸르지오,단대푸르지오아파트,경기 성남시 수정구 단대동,37.4512208,127.15748022,2241323,seongnam,16
OD_000322,ORG_009,스마일게이트,스마일게이트캠퍼스,경기 성남시 분당구 삼평동,37.40258673,127.11179131,2819486,HOME_025,산성역 포레스티아 아파트,산성역포레스티아아파트,경기 성남시 수정구 신흥동,37.45080399,127.14689786,8466345,seongnam,16
OD_000323,ORG_010,웹젠,웹젠,경기 성남시 분당구 삼평동,37.40222547,127.10090342,6327390,HOME_025,산성역 포레스티아 아파트,산성역포레스티아아파트,경기 성남시 수정구 신흥동,37.45080399,127.14689786,8466345,seongnam,16
OD_000324,ORG_011,유라코퍼레이션,유라코퍼레이션,경기 성남시 분당구 삼평동,37.40258667,127.10826385,2264999,HOME_001,성남판교백현마을2단지,백현마을2단지아파트,경기 성남시 분당구 백현동,37.39325459,127.11776325,1577354,seongnam,16
OD_000325,ORG_011,유라코퍼레이션,유라코퍼레이션,경기 성남시 분당구 삼평동,37.40258667,127.10826385,2264999,HOME_002,판교푸르지오그랑블,판교푸르지오그랑블아파트,경기 성남시 분당구 백현동,37.39333789,127.11654114,1577373,seongnam,16
OD_000326,ORG_011,유라코퍼레이션,유라코퍼레이션,경기 성남시 분당구 삼평동,37.40258667,127.10826385,2264999,HOME_012,산운12단지 판교센트럴포레,산운마을12단지판교센트럴포레아파트,경기 성남시 분당구 운중동,37.38969861,127.07129535,1577445,seongnam,16
OD_000327,ORG_011,유라코퍼레이션,유라코퍼레이션,경기 성남시 분당구 삼평동,37.40258667,127.10826385,2264999,HOME_015,산운마을14단지경남아너스빌아파트,산운마을경남아너스빌14단지아파트,경기 성남시 분당구 운중동,37.3841993,127.07415636,1577453,seongnam,16
OD_000328,ORG_012,한국파스퇴르연구소,한국파스퇴르연구소,경기 성남시 분당구 삼평동,37.40647501,127.10270869,1587122,EXT_002,잠실역,잠실역[2호선],서울 송파구 신천동,37.5140458,127.09934484,624344,seoul,16
OD_000329,ORG_012,한국파스퇴르연구소,한국파스퇴르연구소,경기 성남시 분당구 삼평동,37.40647501,127.10270869,1587122,EXT_007,사당역,사당역[2호선],서울 동작구 사당동,37.47654804,126.98160661,280185,seoul,16
OD_000330,ORG_012,한국파스퇴르연구소,한국파스퇴르연구소,경기 성남시 분당구 삼평동,37.40647501,127.10270869,1587122,HOME_004,봇들마을4단지,봇들마을4단지아파트,경기 성남시 분당구 삼평동,37.40372558,127.11687415,1577335,seongnam,16
OD_000331,ORG_012,한국파스퇴르연구소,한국파스퇴르연구소,경기 성남시 분당구 삼평동,37.40647501,127.10270869,1587122,HOME_007,판교원마을7단지,판교원마을7단지아파트,경기 성남시 분당구 판교동,37.38642159,127.09237686,4084589,seongnam,16
OD_000332,ORG_012,한국파스퇴르연구소,한국파스퇴르연구소,경기 성남시 분당구 삼평동,37.40647501,127.10270869,1587122,HOME_018,판교 알파리움1단지,판교알파리움1단지아파트,경기 성남시 분당구 백현동,37.39603188,127.10859734,5656353,seongnam,16
OD_000333,ORG_012,한국파스퇴르연구소,한국파스퇴르연구소,경기 성남시 분당구 삼평동,37.40647501,127.10270869,1587122,HOME_025,산성역 포레스티아 아파트,산성역포레스티아아파트,경기 성남시 수정구 신흥동,37.45080399,127.14689786,8466345,seongnam,16
OD_000334,ORG_013,차바이오컴플렉스,차바이오컴플렉스,경기 성남시 분당구 삼평동,37.4041421,127.11129131,2849159,HOME_010,판교백현마을8단지,백현마을8단지아파트,경기 성남시 분당구 백현동,37.38725512,127.10859759,1577388,seongnam,16
OD_000335,ORG_013,차바이오컴플렉스,차바이오컴플렉스,경기 성남시 분당구 삼평동,37.4041421,127.11129131,2849159,HOME_019,판교알파리움2단지,판교알파리움2단지아파트,경기 성남시 분당구 백현동,37.39333776,127.1094029,5391791,seongnam,16
OD_000336,ORG_014,경기창조경제혁신센터,경기창조경제혁신센터,경기 성남시 분당구 삼평동,37.40047572,127.10393097,6289967,EXT_003,수서역,수서역,서울 강남구 수서동,37.48366056,127.10606731,6820888,seoul,16
OD_000337,ORG_014,경기창조경제혁신센터,경기창조경제혁신센터,경기 성남시 분당구 삼평동,37.40047572,127.10393097,6289967,HOME_009,판교백현마을7단지,백현마을7단지휴먼시아아파트,경기 성남시 분당구 백현동,37.38956044,127.11026404,1577384,seongnam,16
OD_000338,ORG_014,경기창조경제혁신센터,경기창조경제혁신센터,경기 성남시 분당구 삼평동,37.40047572,127.10393097,6289967,HOME_011,봇들마을휴먼시아8단지,봇들마을휴먼시아8단지아파트,경기 성남시 분당구 삼평동,37.39603199,127.11490232,1577357,seongnam,16
OD_000339,ORG_014,경기창조경제혁신센터,경기창조경제혁신센터,경기 성남시 분당구 삼평동,37.40047572,127.10393097,6289967,HOME_015,산운마을14단지경남아너스빌아파트,산운마을경남아너스빌14단지아파트,경기 성남시 분당구 운중동,37.3841993,127.07415636,1577453,seongnam,16
OD_000340,ORG_014,경기창조경제혁신센터,경기창조경제혁신센터,경기 성남시 분당구 삼평동,37.40047572,127.10393097,6289967,HOME_016,산운마을6단지신동아파밀리에,산운마을6단지아파트,경기 성남시 분당구 운중동,37.39322605,127.07507269,1577434,seongnam,16
OD_000341,ORG_014,경기창조경제혁신센터,경기창조경제혁신센터,경기 성남시 분당구 삼평동,37.40047572,127.10393097,6289967,HOME_021,성남 센트럴타운,센트럴타운아파트,경기 성남시 중원구 여수동,37.41864076,127.13056693,2821057,seongnam,16
OD_000342,ORG_015,유스페이스1,유스페이스 1동,경기 성남시 분당구 삼평동,37.40011472,127.10762509,2875928,HOME_012,산운12단지 판교센트럴포레,산운마을12단지판교센트럴포레아파트,경기 성남시 분당구 운중동,37.38969861,127.07129535,1577445,seongnam,16
OD_000343,ORG_015,유스페이스1,유스페이스 1동,경기 성남시 분당구 삼평동,37.40011472,127.10762509,2875928,HOME_019,판교알파리움2단지,판교알파리움2단지아파트,경기 성남시 분당구 백현동,37.39333776,127.1094029,5391791,seongnam,16
OD_000344,ORG_015,유스페이스1,유스페이스 1동,경기 성남시 분당구 삼평동,37.40011472,127.10762509,2875928,HOME_026,신흥역 하늘채 랜더스원 3단지,신흥역하늘채랜더스원3단지아파트,경기 성남시 중원구 중앙동,37.44002753,127.15028675,8922214,seongnam,16
OD_000345,ORG_001,LIG넥스원 판교하우스,LIG 디펜스&에어로스페이스 판교하우스R&D센터,경기 성남시 분당구 삼평동,37.4045865,127.11190235,2506828,EXT_002,잠실역,잠실역[2호선],서울 송파구 신천동,37.5140458,127.09934484,624344,seoul,15
OD_000346,ORG_001,LIG넥스원 판교하우스,LIG 디펜스&에어로스페이스 판교하우스R&D센터,경기 성남시 분당구 삼평동,37.4045865,127.11190235,2506828,EXT_010,죽전역,죽전역[수인분당선],경기 용인시 수지구 죽전동,37.32548448,127.10726611,1167140,yongin,15
OD_000347,ORG_001,LIG넥스원 판교하우스,LIG 디펜스&에어로스페이스 판교하우스R&D센터,경기 성남시 분당구 삼평동,37.4045865,127.11190235,2506828,HOME_014,산운마을13단지,산운마을13단지아파트,경기 성남시 분당구 운중동,37.38694898,127.07435071,1577535,seongnam,15
OD_000348,ORG_002,넥슨코리아,넥슨코리아,경기 성남시 분당구 삼평동,37.40230883,127.10306989,2906347,HOME_003,봇들마을3단지아파트,판교봇들마을3단지아파트,경기 성남시 분당구 삼평동,37.40269792,127.1166242,1565444,seongnam,15
OD_000349,ORG_002,넥슨코리아,넥슨코리아,경기 성남시 분당구 삼평동,37.40230883,127.10306989,2906347,HOME_014,산운마을13단지,산운마을13단지아파트,경기 성남시 분당구 운중동,37.38694898,127.07435071,1577535,seongnam,15
OD_000350,ORG_002,넥슨코리아,넥슨코리아,경기 성남시 분당구 삼평동,37.40230883,127.10306989,2906347,HOME_015,산운마을14단지경남아너스빌아파트,산운마을경남아너스빌14단지아파트,경기 성남시 분당구 운중동,37.3841993,127.07415636,1577453,seongnam,15
OD_000351,ORG_002,넥슨코리아,넥슨코리아,경기 성남시 분당구 삼평동,37.40230883,127.10306989,2906347,HOME_018,판교 알파리움1단지,판교알파리움1단지아파트,경기 성남시 분당구 백현동,37.39603188,127.10859734,5656353,seongnam,15
OD_000352,ORG_002,넥슨코리아,넥슨코리아,경기 성남시 분당구 삼평동,37.40230883,127.10306989,2906347,HOME_026,신흥역 하늘채 랜더스원 3단지,신흥역하늘채랜더스원3단지아파트,경기 성남시 중원구 중앙동,37.44002753,127.15028675,8922214,seongnam,15
OD_000353,ORG_003,엔씨소프트 판교 R&D센터,엔씨판교R&D센터,경기 성남시 분당구 삼평동,37.39975366,127.10809728,2849469,EXT_005,선릉역,선릉역[2호선],서울 강남구 삼성동,37.50451822,127.04893303,280179,seoul,15
OD_000354,ORG_003,엔씨소프트 판교 R&D센터,엔씨판교R&D센터,경기 성남시 분당구 삼평동,37.39975366,127.10809728,2849469,EXT_013,미사역,미사역[5호선],경기 하남시 망월동,37.56309735,127.19289048,8467712,hanam,15
OD_000355,ORG_003,엔씨소프트 판교 R&D센터,엔씨판교R&D센터,경기 성남시 분당구 삼평동,37.39975366,127.10809728,2849469,HOME_001,성남판교백현마을2단지,백현마을2단지아파트,경기 성남시 분당구 백현동,37.39325459,127.11776325,1577354,seongnam,15
OD_000356,ORG_003,엔씨소프트 판교 R&D센터,엔씨판교R&D센터,경기 성남시 분당구 삼평동,37.39975366,127.10809728,2849469,HOME_012,산운12단지 판교센트럴포레,산운마을12단지판교센트럴포레아파트,경기 성남시 분당구 운중동,37.38969861,127.07129535,1577445,seongnam,15
OD_000357,ORG_003,엔씨소프트 판교 R&D센터,엔씨판교R&D센터,경기 성남시 분당구 삼평동,37.39975366,127.10809728,2849469,HOME_013,산운마을11단지판교포레라움아파트,산운마을11단지판교포레라움아파트,경기 성남시 분당구 운중동,37.38947646,127.07393401,4084509,seongnam,15
OD_000358,ORG_003,엔씨소프트 판교 R&D센터,엔씨판교R&D센터,경기 성남시 분당구 삼평동,37.39975366,127.10809728,2849469,HOME_015,산운마을14단지경남아너스빌아파트,산운마을경남아너스빌14단지아파트,경기 성남시 분당구 운중동,37.3841993,127.07415636,1577453,seongnam,15
OD_000359,ORG_003,엔씨소프트 판교 R&D센터,엔씨판교R&D센터,경기 성남시 분당구 삼평동,37.39975366,127.10809728,2849469,HOME_025,산성역 포레스티아 아파트,산성역포레스티아아파트,경기 성남시 수정구 신흥동,37.45080399,127.14689786,8466345,seongnam,15
OD_000360,ORG_004,안랩,안랩,경기 성남시 분당구 삼평동,37.40083691,127.11023594,981514,EXT_003,수서역,수서역,서울 강남구 수서동,37.48366056,127.10606731,6820888,seoul,15
OD_000361,ORG_004,안랩,안랩,경기 성남시 분당구 삼평동,37.40083691,127.11023594,981514,HOME_009,판교백현마을7단지,백현마을7단지휴먼시아아파트,경기 성남시 분당구 백현동,37.38956044,127.11026404,1577384,seongnam,15
OD_000362,ORG_004,안랩,안랩,경기 성남시 분당구 삼평동,37.40083691,127.11023594,981514,HOME_012,산운12단지 판교센트럴포레,산운마을12단지판교센트럴포레아파트,경기 성남시 분당구 운중동,37.38969861,127.07129535,1577445,seongnam,15
OD_000363,ORG_004,안랩,안랩,경기 성남시 분당구 삼평동,37.40083691,127.11023594,981514,HOME_013,산운마을11단지판교포레라움아파트,산운마을11단지판교포레라움아파트,경기 성남시 분당구 운중동,37.38947646,127.07393401,4084509,seongnam,15
OD_000364,ORG_005,NHN Play Museum,NHN플레이뮤지엄(성남) 전기차충전소,경기 성남시 분당구 삼평동,37.4007257,127.10412539,11294177,HOME_001,성남판교백현마을2단지,백현마을2단지아파트,경기 성남시 분당구 백현동,37.39325459,127.11776325,1577354,seongnam,15
OD_000365,ORG_005,NHN Play Museum,NHN플레이뮤지엄(성남) 전기차충전소,경기 성남시 분당구 삼평동,37.4007257,127.10412539,11294177,HOME_022,성남단대푸르지오,단대푸르지오아파트,경기 성남시 수정구 단대동,37.4512208,127.15748022,2241323,seongnam,15
OD_000366,ORG_006,네오위즈 판교타워,네오위즈판교타워,경기 성남시 분당구 삼평동,37.40047572,127.10387542,5387232,HOME_027,신흥역 하늘채 랜더스원 4단지,신흥역하늘채랜더스원4단지아파트,경기 성남시 중원구 중앙동,37.44030526,127.14978679,8922194,seongnam,15
OD_000367,ORG_007,위메이드 판교 사옥,위메이드타워,경기 성남시 분당구 삼평동,37.40133688,127.11176357,5888704,EXT_009,수원역,수원역,경기 수원시 팔달구 매산로1가,37.26435073,126.99924985,10367609,suwon,15
OD_000368,ORG_008,카카오게임즈,카카오게임즈,경기 성남시 분당구 백현동,37.39447653,127.10987504,6508888,HOME_004,봇들마을4단지,봇들마을4단지아파트,경기 성남시 분당구 삼평동,37.40372558,127.11687415,1577335,seongnam,15
OD_000369,ORG_008,카카오게임즈,카카오게임즈,경기 성남시 분당구 백현동,37.39447653,127.10987504,6508888,HOME_011,봇들마을휴먼시아8단지,봇들마을휴먼시아8단지아파트,경기 성남시 분당구 삼평동,37.39603199,127.11490232,1577357,seongnam,15
OD_000370,ORG_009,스마일게이트,스마일게이트캠퍼스,경기 성남시 분당구 삼평동,37.40258673,127.11179131,2819486,EXT_005,선릉역,선릉역[2호선],서울 강남구 삼성동,37.50451822,127.04893303,280179,seoul,15
OD_000371,ORG_009,스마일게이트,스마일게이트캠퍼스,경기 성남시 분당구 삼평동,37.40258673,127.11179131,2819486,HOME_004,봇들마을4단지,봇들마을4단지아파트,경기 성남시 분당구 삼평동,37.40372558,127.11687415,1577335,seongnam,15
OD_000372,ORG_009,스마일게이트,스마일게이트캠퍼스,경기 성남시 분당구 삼평동,37.40258673,127.11179131,2819486,HOME_019,판교알파리움2단지,판교알파리움2단지아파트,경기 성남시 분당구 백현동,37.39333776,127.1094029,5391791,seongnam,15
OD_000373,ORG_009,스마일게이트,스마일게이트캠퍼스,경기 성남시 분당구 삼평동,37.40258673,127.11179131,2819486,HOME_020,판교대방노블랜드,판교대방노블랜드아파트,경기 성남시 분당구 운중동,37.39303163,127.07529489,4097065,seongnam,15
OD_000374,ORG_010,웹젠,웹젠,경기 성남시 분당구 삼평동,37.40222547,127.10090342,6327390,EXT_011,기흥역,기흥역[용인경전철],경기 용인시 기흥구 구갈동,37.27601815,127.11693329,1933629,yongin,15
OD_000375,ORG_010,웹젠,웹젠,경기 성남시 분당구 삼평동,37.40222547,127.10090342,6327390,EXT_012,경기광주역,경기광주역[경강선],경기 광주시 역동,37.39925633,127.25308413,6552665,gwangju,15
OD_000376,ORG_010,웹젠,웹젠,경기 성남시 분당구 삼평동,37.40222547,127.10090342,6327390,HOME_002,판교푸르지오그랑블,판교푸르지오그랑블아파트,경기 성남시 분당구 백현동,37.39333789,127.11654114,1577373,seongnam,15
OD_000377,ORG_010,웹젠,웹젠,경기 성남시 분당구 삼평동,37.40222547,127.10090342,6327390,HOME_008,판교봇들마을9단지금호어울림아파트,봇들마을9단지금호어울림아파트,경기 성남시 분당구 삼평동,37.39642089,127.11790204,1577338,seongnam,15
OD_000378,ORG_010,웹젠,웹젠,경기 성남시 분당구 삼평동,37.40222547,127.10090342,6327390,HOME_010,판교백현마을8단지,백현마을8단지아파트,경기 성남시 분당구 백현동,37.38725512,127.10859759,1577388,seongnam,15
OD_000379,ORG_010,웹젠,웹젠,경기 성남시 분당구 삼평동,37.40222547,127.10090342,6327390,HOME_020,판교대방노블랜드,판교대방노블랜드아파트,경기 성남시 분당구 운중동,37.39303163,127.07529489,4097065,seongnam,15
OD_000380,ORG_011,유라코퍼레이션,유라코퍼레이션,경기 성남시 분당구 삼평동,37.40258667,127.10826385,2264999,HOME_016,산운마을6단지신동아파밀리에,산운마을6단지아파트,경기 성남시 분당구 운중동,37.39322605,127.07507269,1577434,seongnam,15
OD_000381,ORG_011,유라코퍼레이션,유라코퍼레이션,경기 성남시 분당구 삼평동,37.40258667,127.10826385,2264999,HOME_021,성남 센트럴타운,센트럴타운아파트,경기 성남시 중원구 여수동,37.41864076,127.13056693,2821057,seongnam,15
OD_000382,ORG_011,유라코퍼레이션,유라코퍼레이션,경기 성남시 분당구 삼평동,37.40258667,127.10826385,2264999,HOME_022,성남단대푸르지오,단대푸르지오아파트,경기 성남시 수정구 단대동,37.4512208,127.15748022,2241323,seongnam,15
OD_000383,ORG_011,유라코퍼레이션,유라코퍼레이션,경기 성남시 분당구 삼평동,37.40258667,127.10826385,2264999,HOME_024,성남두산,성남두산아파트,경기 성남시 수정구 신흥동,37.44436034,127.14931449,374599,seongnam,15
OD_000384,ORG_011,유라코퍼레이션,유라코퍼레이션,경기 성남시 분당구 삼평동,37.40258667,127.10826385,2264999,HOME_027,신흥역 하늘채 랜더스원 4단지,신흥역하늘채랜더스원4단지아파트,경기 성남시 중원구 중앙동,37.44030526,127.14978679,8922194,seongnam,15
OD_000385,ORG_012,한국파스퇴르연구소,한국파스퇴르연구소,경기 성남시 분당구 삼평동,37.40647501,127.10270869,1587122,HOME_001,성남판교백현마을2단지,백현마을2단지아파트,경기 성남시 분당구 백현동,37.39325459,127.11776325,1577354,seongnam,15
OD_000386,ORG_012,한국파스퇴르연구소,한국파스퇴르연구소,경기 성남시 분당구 삼평동,37.40647501,127.10270869,1587122,HOME_014,산운마을13단지,산운마을13단지아파트,경기 성남시 분당구 운중동,37.38694898,127.07435071,1577535,seongnam,15
OD_000387,ORG_012,한국파스퇴르연구소,한국파스퇴르연구소,경기 성남시 분당구 삼평동,37.40647501,127.10270869,1587122,HOME_020,판교대방노블랜드,판교대방노블랜드아파트,경기 성남시 분당구 운중동,37.39303163,127.07529489,4097065,seongnam,15
OD_000388,ORG_012,한국파스퇴르연구소,한국파스퇴르연구소,경기 성남시 분당구 삼평동,37.40647501,127.10270869,1587122,HOME_027,신흥역 하늘채 랜더스원 4단지,신흥역하늘채랜더스원4단지아파트,경기 성남시 중원구 중앙동,37.44030526,127.14978679,8922194,seongnam,15
OD_000389,ORG_013,차바이오컴플렉스,차바이오컴플렉스,경기 성남시 분당구 삼평동,37.4041421,127.11129131,2849159,EXT_013,미사역,미사역[5호선],경기 하남시 망월동,37.56309735,127.19289048,8467712,hanam,15
OD_000390,ORG_013,차바이오컴플렉스,차바이오컴플렉스,경기 성남시 분당구 삼평동,37.4041421,127.11129131,2849159,HOME_017,파크타운아파트,파크타운롯데아파트,경기 성남시 분당구 수내동,37.372507,127.11812491,225355,seongnam,15
OD_000391,ORG_013,차바이오컴플렉스,차바이오컴플렉스,경기 성남시 분당구 삼평동,37.4041421,127.11129131,2849159,HOME_023,성남동어울림아파트,성남동어울림아파트,경기 성남시 중원구 성남동,37.43038953,127.13773261,1136792,seongnam,15
OD_000392,ORG_013,차바이오컴플렉스,차바이오컴플렉스,경기 성남시 분당구 삼평동,37.4041421,127.11129131,2849159,HOME_024,성남두산,성남두산아파트,경기 성남시 수정구 신흥동,37.44436034,127.14931449,374599,seongnam,15
OD_000393,ORG_014,경기창조경제혁신센터,경기창조경제혁신센터,경기 성남시 분당구 삼평동,37.40047572,127.10393097,6289967,HOME_005,봇들마을7단지,봇들마을7단지엔파트아파트,경기 성남시 분당구 삼평동,37.39639306,127.11495786,1577351,seongnam,15
OD_000394,ORG_014,경기창조경제혁신센터,경기창조경제혁신센터,경기 성남시 분당구 삼평동,37.40047572,127.10393097,6289967,HOME_008,판교봇들마을9단지금호어울림아파트,봇들마을9단지금호어울림아파트,경기 성남시 분당구 삼평동,37.39642089,127.11790204,1577338,seongnam,15
OD_000395,ORG_014,경기창조경제혁신센터,경기창조경제혁신센터,경기 성남시 분당구 삼평동,37.40047572,127.10393097,6289967,HOME_018,판교 알파리움1단지,판교알파리움1단지아파트,경기 성남시 분당구 백현동,37.39603188,127.10859734,5656353,seongnam,15
OD_000396,ORG_014,경기창조경제혁신센터,경기창조경제혁신센터,경기 성남시 분당구 삼평동,37.40047572,127.10393097,6289967,HOME_019,판교알파리움2단지,판교알파리움2단지아파트,경기 성남시 분당구 백현동,37.39333776,127.1094029,5391791,seongnam,15
OD_000397,ORG_015,유스페이스1,유스페이스 1동,경기 성남시 분당구 삼평동,37.40011472,127.10762509,2875928,EXT_008,광교중앙역,광교중앙역[신분당선],경기 수원시 영통구 이의동,37.28845999,127.05163331,6518966,suwon,15
OD_000398,ORG_015,유스페이스1,유스페이스 1동,경기 성남시 분당구 삼평동,37.40011472,127.10762509,2875928,HOME_011,봇들마을휴먼시아8단지,봇들마을휴먼시아8단지아파트,경기 성남시 분당구 삼평동,37.39603199,127.11490232,1577357,seongnam,15
OD_000399,ORG_015,유스페이스1,유스페이스 1동,경기 성남시 분당구 삼평동,37.40011472,127.10762509,2875928,HOME_013,산운마을11단지판교포레라움아파트,산운마을11단지판교포레라움아파트,경기 성남시 분당구 운중동,37.38947646,127.07393401,4084509,seongnam,15
OD_000400,ORG_015,유스페이스1,유스페이스 1동,경기 성남시 분당구 삼평동,37.40011472,127.10762509,2875928,HOME_016,산운마을6단지신동아파밀리에,산운마을6단지아파트,경기 성남시 분당구 운중동,37.39322605,127.07507269,1577434,seongnam,15
OD_000401,ORG_015,유스페이스1,유스페이스 1동,경기 성남시 분당구 삼평동,37.40011472,127.10762509,2875928,HOME_022,성남단대푸르지오,단대푸르지오아파트,경기 성남시 수정구 단대동,37.4512208,127.15748022,2241323,seongnam,15
OD_000402,ORG_015,유스페이스1,유스페이스 1동,경기 성남시 분당구 삼평동,37.40011472,127.10762509,2875928,HOME_027,신흥역 하늘채 랜더스원 4단지,신흥역하늘채랜더스원4단지아파트,경기 성남시 중원구 중앙동,37.44030526,127.14978679,8922194,seongnam,15
OD_000403,ORG_001,LIG넥스원 판교하우스,LIG 디펜스&에어로스페이스 판교하우스R&D센터,경기 성남시 분당구 삼평동,37.4045865,127.11190235,2506828,EXT_003,수서역,수서역,서울 강남구 수서동,37.48366056,127.10606731,6820888,seoul,14
OD_000404,ORG_001,LIG넥스원 판교하우스,LIG 디펜스&에어로스페이스 판교하우스R&D센터,경기 성남시 분당구 삼평동,37.4045865,127.11190235,2506828,EXT_006,교대역,교대역[2호선],서울 서초구 서초동,37.49399104,127.01435314,280182,seoul,14
OD_000405,ORG_001,LIG넥스원 판교하우스,LIG 디펜스&에어로스페이스 판교하우스R&D센터,경기 성남시 분당구 삼평동,37.4045865,127.11190235,2506828,HOME_015,산운마을14단지경남아너스빌아파트,산운마을경남아너스빌14단지아파트,경기 성남시 분당구 운중동,37.3841993,127.07415636,1577453,seongnam,14
OD_000406,ORG_002,넥슨코리아,넥슨코리아,경기 성남시 분당구 삼평동,37.40230883,127.10306989,2906347,EXT_008,광교중앙역,광교중앙역[신분당선],경기 수원시 영통구 이의동,37.28845999,127.05163331,6518966,suwon,14
OD_000407,ORG_002,넥슨코리아,넥슨코리아,경기 성남시 분당구 삼평동,37.40230883,127.10306989,2906347,EXT_012,경기광주역,경기광주역[경강선],경기 광주시 역동,37.39925633,127.25308413,6552665,gwangju,14
OD_000408,ORG_002,넥슨코리아,넥슨코리아,경기 성남시 분당구 삼평동,37.40230883,127.10306989,2906347,HOME_017,파크타운아파트,파크타운롯데아파트,경기 성남시 분당구 수내동,37.372507,127.11812491,225355,seongnam,14
OD_000409,ORG_003,엔씨소프트 판교 R&D센터,엔씨판교R&D센터,경기 성남시 분당구 삼평동,37.39975366,127.10809728,2849469,HOME_020,판교대방노블랜드,판교대방노블랜드아파트,경기 성남시 분당구 운중동,37.39303163,127.07529489,4097065,seongnam,14
OD_000410,ORG_004,안랩,안랩,경기 성남시 분당구 삼평동,37.40083691,127.11023594,981514,HOME_010,판교백현마을8단지,백현마을8단지아파트,경기 성남시 분당구 백현동,37.38725512,127.10859759,1577388,seongnam,14
OD_000411,ORG_004,안랩,안랩,경기 성남시 분당구 삼평동,37.40083691,127.11023594,981514,HOME_021,성남 센트럴타운,센트럴타운아파트,경기 성남시 중원구 여수동,37.41864076,127.13056693,2821057,seongnam,14
OD_000412,ORG_004,안랩,안랩,경기 성남시 분당구 삼평동,37.40083691,127.11023594,981514,HOME_024,성남두산,성남두산아파트,경기 성남시 수정구 신흥동,37.44436034,127.14931449,374599,seongnam,14
OD_000413,ORG_004,안랩,안랩,경기 성남시 분당구 삼평동,37.40083691,127.11023594,981514,HOME_027,신흥역 하늘채 랜더스원 4단지,신흥역하늘채랜더스원4단지아파트,경기 성남시 중원구 중앙동,37.44030526,127.14978679,8922194,seongnam,14
OD_000414,ORG_005,NHN Play Museum,NHN플레이뮤지엄(성남) 전기차충전소,경기 성남시 분당구 삼평동,37.4007257,127.10412539,11294177,HOME_002,판교푸르지오그랑블,판교푸르지오그랑블아파트,경기 성남시 분당구 백현동,37.39333789,127.11654114,1577373,seongnam,14
OD_000415,ORG_005,NHN Play Museum,NHN플레이뮤지엄(성남) 전기차충전소,경기 성남시 분당구 삼평동,37.4007257,127.10412539,11294177,HOME_023,성남동어울림아파트,성남동어울림아파트,경기 성남시 중원구 성남동,37.43038953,127.13773261,1136792,seongnam,14
OD_000416,ORG_005,NHN Play Museum,NHN플레이뮤지엄(성남) 전기차충전소,경기 성남시 분당구 삼평동,37.4007257,127.10412539,11294177,HOME_025,산성역 포레스티아 아파트,산성역포레스티아아파트,경기 성남시 수정구 신흥동,37.45080399,127.14689786,8466345,seongnam,14
OD_000417,ORG_006,네오위즈 판교타워,네오위즈판교타워,경기 성남시 분당구 삼평동,37.40047572,127.10387542,5387232,EXT_009,수원역,수원역,경기 수원시 팔달구 매산로1가,37.26435073,126.99924985,10367609,suwon,14
OD_000418,ORG_006,네오위즈 판교타워,네오위즈판교타워,경기 성남시 분당구 삼평동,37.40047572,127.10387542,5387232,HOME_009,판교백현마을7단지,백현마을7단지휴먼시아아파트,경기 성남시 분당구 백현동,37.38956044,127.11026404,1577384,seongnam,14
OD_000419,ORG_007,위메이드 판교 사옥,위메이드타워,경기 성남시 분당구 삼평동,37.40133688,127.11176357,5888704,HOME_006,백현마을5단지(주공),백현마을5단지아파트,경기 성남시 분당구 백현동,37.39036594,127.11276379,1577381,seongnam,14
OD_000420,ORG_007,위메이드 판교 사옥,위메이드타워,경기 성남시 분당구 삼평동,37.40133688,127.11176357,5888704,HOME_018,판교 알파리움1단지,판교알파리움1단지아파트,경기 성남시 분당구 백현동,37.39603188,127.10859734,5656353,seongnam,14
OD_000421,ORG_007,위메이드 판교 사옥,위메이드타워,경기 성남시 분당구 삼평동,37.40133688,127.11176357,5888704,HOME_026,신흥역 하늘채 랜더스원 3단지,신흥역하늘채랜더스원3단지아파트,경기 성남시 중원구 중앙동,37.44002753,127.15028675,8922214,seongnam,14
OD_000422,ORG_008,카카오게임즈,카카오게임즈,경기 성남시 분당구 백현동,37.39447653,127.10987504,6508888,EXT_002,잠실역,잠실역[2호선],서울 송파구 신천동,37.5140458,127.09934484,624344,seoul,14
OD_000423,ORG_008,카카오게임즈,카카오게임즈,경기 성남시 분당구 백현동,37.39447653,127.10987504,6508888,HOME_010,판교백현마을8단지,백현마을8단지아파트,경기 성남시 분당구 백현동,37.38725512,127.10859759,1577388,seongnam,14
OD_000424,ORG_008,카카오게임즈,카카오게임즈,경기 성남시 분당구 백현동,37.39447653,127.10987504,6508888,HOME_018,판교 알파리움1단지,판교알파리움1단지아파트,경기 성남시 분당구 백현동,37.39603188,127.10859734,5656353,seongnam,14
OD_000425,ORG_009,스마일게이트,스마일게이트캠퍼스,경기 성남시 분당구 삼평동,37.40258673,127.11179131,2819486,EXT_010,죽전역,죽전역[수인분당선],경기 용인시 수지구 죽전동,37.32548448,127.10726611,1167140,yongin,14
OD_000426,ORG_009,스마일게이트,스마일게이트캠퍼스,경기 성남시 분당구 삼평동,37.40258673,127.11179131,2819486,HOME_007,판교원마을7단지,판교원마을7단지아파트,경기 성남시 분당구 판교동,37.38642159,127.09237686,4084589,seongnam,14
OD_000427,ORG_009,스마일게이트,스마일게이트캠퍼스,경기 성남시 분당구 삼평동,37.40258673,127.11179131,2819486,HOME_009,판교백현마을7단지,백현마을7단지휴먼시아아파트,경기 성남시 분당구 백현동,37.38956044,127.11026404,1577384,seongnam,14
OD_000428,ORG_009,스마일게이트,스마일게이트캠퍼스,경기 성남시 분당구 삼평동,37.40258673,127.11179131,2819486,HOME_013,산운마을11단지판교포레라움아파트,산운마을11단지판교포레라움아파트,경기 성남시 분당구 운중동,37.38947646,127.07393401,4084509,seongnam,14
OD_000429,ORG_009,스마일게이트,스마일게이트캠퍼스,경기 성남시 분당구 삼평동,37.40258673,127.11179131,2819486,HOME_014,산운마을13단지,산운마을13단지아파트,경기 성남시 분당구 운중동,37.38694898,127.07435071,1577535,seongnam,14
OD_000430,ORG_009,스마일게이트,스마일게이트캠퍼스,경기 성남시 분당구 삼평동,37.40258673,127.11179131,2819486,HOME_026,신흥역 하늘채 랜더스원 3단지,신흥역하늘채랜더스원3단지아파트,경기 성남시 중원구 중앙동,37.44002753,127.15028675,8922214,seongnam,14
OD_000431,ORG_010,웹젠,웹젠,경기 성남시 분당구 삼평동,37.40222547,127.10090342,6327390,HOME_006,백현마을5단지(주공),백현마을5단지아파트,경기 성남시 분당구 백현동,37.39036594,127.11276379,1577381,seongnam,14
OD_000432,ORG_011,유라코퍼레이션,유라코퍼레이션,경기 성남시 분당구 삼평동,37.40258667,127.10826385,2264999,EXT_003,수서역,수서역,서울 강남구 수서동,37.48366056,127.10606731,6820888,seoul,14
OD_000433,ORG_011,유라코퍼레이션,유라코퍼레이션,경기 성남시 분당구 삼평동,37.40258667,127.10826385,2264999,HOME_007,판교원마을7단지,판교원마을7단지아파트,경기 성남시 분당구 판교동,37.38642159,127.09237686,4084589,seongnam,14
OD_000434,ORG_011,유라코퍼레이션,유라코퍼레이션,경기 성남시 분당구 삼평동,37.40258667,127.10826385,2264999,HOME_010,판교백현마을8단지,백현마을8단지아파트,경기 성남시 분당구 백현동,37.38725512,127.10859759,1577388,seongnam,14
OD_000435,ORG_011,유라코퍼레이션,유라코퍼레이션,경기 성남시 분당구 삼평동,37.40258667,127.10826385,2264999,HOME_011,봇들마을휴먼시아8단지,봇들마을휴먼시아8단지아파트,경기 성남시 분당구 삼평동,37.39603199,127.11490232,1577357,seongnam,14
OD_000436,ORG_011,유라코퍼레이션,유라코퍼레이션,경기 성남시 분당구 삼평동,37.40258667,127.10826385,2264999,HOME_017,파크타운아파트,파크타운롯데아파트,경기 성남시 분당구 수내동,37.372507,127.11812491,225355,seongnam,14
OD_000437,ORG_011,유라코퍼레이션,유라코퍼레이션,경기 성남시 분당구 삼평동,37.40258667,127.10826385,2264999,HOME_020,판교대방노블랜드,판교대방노블랜드아파트,경기 성남시 분당구 운중동,37.39303163,127.07529489,4097065,seongnam,14
OD_000438,ORG_012,한국파스퇴르연구소,한국파스퇴르연구소,경기 성남시 분당구 삼평동,37.40647501,127.10270869,1587122,HOME_009,판교백현마을7단지,백현마을7단지휴먼시아아파트,경기 성남시 분당구 백현동,37.38956044,127.11026404,1577384,seongnam,14
OD_000439,ORG_012,한국파스퇴르연구소,한국파스퇴르연구소,경기 성남시 분당구 삼평동,37.40647501,127.10270869,1587122,HOME_010,판교백현마을8단지,백현마을8단지아파트,경기 성남시 분당구 백현동,37.38725512,127.10859759,1577388,seongnam,14
OD_000440,ORG_013,차바이오컴플렉스,차바이오컴플렉스,경기 성남시 분당구 삼평동,37.4041421,127.11129131,2849159,HOME_016,산운마을6단지신동아파밀리에,산운마을6단지아파트,경기 성남시 분당구 운중동,37.39322605,127.07507269,1577434,seongnam,14
OD_000441,ORG_013,차바이오컴플렉스,차바이오컴플렉스,경기 성남시 분당구 삼평동,37.4041421,127.11129131,2849159,HOME_020,판교대방노블랜드,판교대방노블랜드아파트,경기 성남시 분당구 운중동,37.39303163,127.07529489,4097065,seongnam,14
OD_000442,ORG_014,경기창조경제혁신센터,경기창조경제혁신센터,경기 성남시 분당구 삼평동,37.40047572,127.10393097,6289967,EXT_006,교대역,교대역[2호선],서울 서초구 서초동,37.49399104,127.01435314,280182,seoul,14
OD_000443,ORG_014,경기창조경제혁신센터,경기창조경제혁신센터,경기 성남시 분당구 삼평동,37.40047572,127.10393097,6289967,HOME_027,신흥역 하늘채 랜더스원 4단지,신흥역하늘채랜더스원4단지아파트,경기 성남시 중원구 중앙동,37.44030526,127.14978679,8922194,seongnam,14
OD_000444,ORG_015,유스페이스1,유스페이스 1동,경기 성남시 분당구 삼평동,37.40011472,127.10762509,2875928,HOME_004,봇들마을4단지,봇들마을4단지아파트,경기 성남시 분당구 삼평동,37.40372558,127.11687415,1577335,seongnam,14
OD_000445,ORG_015,유스페이스1,유스페이스 1동,경기 성남시 분당구 삼평동,37.40011472,127.10762509,2875928,HOME_006,백현마을5단지(주공),백현마을5단지아파트,경기 성남시 분당구 백현동,37.39036594,127.11276379,1577381,seongnam,14
OD_000446,ORG_001,LIG넥스원 판교하우스,LIG 디펜스&에어로스페이스 판교하우스R&D센터,경기 성남시 분당구 삼평동,37.4045865,127.11190235,2506828,HOME_004,봇들마을4단지,봇들마을4단지아파트,경기 성남시 분당구 삼평동,37.40372558,127.11687415,1577335,seongnam,13
OD_000447,ORG_001,LIG넥스원 판교하우스,LIG 디펜스&에어로스페이스 판교하우스R&D센터,경기 성남시 분당구 삼평동,37.4045865,127.11190235,2506828,HOME_005,봇들마을7단지,봇들마을7단지엔파트아파트,경기 성남시 분당구 삼평동,37.39639306,127.11495786,1577351,seongnam,13
OD_000448,ORG_002,넥슨코리아,넥슨코리아,경기 성남시 분당구 삼평동,37.40230883,127.10306989,2906347,HOME_021,성남 센트럴타운,센트럴타운아파트,경기 성남시 중원구 여수동,37.41864076,127.13056693,2821057,seongnam,13
OD_000449,ORG_003,엔씨소프트 판교 R&D센터,엔씨판교R&D센터,경기 성남시 분당구 삼평동,37.39975366,127.10809728,2849469,HOME_003,봇들마을3단지아파트,판교봇들마을3단지아파트,경기 성남시 분당구 삼평동,37.40269792,127.1166242,1565444,seongnam,13
OD_000450,ORG_003,엔씨소프트 판교 R&D센터,엔씨판교R&D센터,경기 성남시 분당구 삼평동,37.39975366,127.10809728,2849469,HOME_017,파크타운아파트,파크타운롯데아파트,경기 성남시 분당구 수내동,37.372507,127.11812491,225355,seongnam,13
OD_000451,ORG_004,안랩,안랩,경기 성남시 분당구 삼평동,37.40083691,127.11023594,981514,HOME_001,성남판교백현마을2단지,백현마을2단지아파트,경기 성남시 분당구 백현동,37.39325459,127.11776325,1577354,seongnam,13
OD_000452,ORG_004,안랩,안랩,경기 성남시 분당구 삼평동,37.40083691,127.11023594,981514,HOME_005,봇들마을7단지,봇들마을7단지엔파트아파트,경기 성남시 분당구 삼평동,37.39639306,127.11495786,1577351,seongnam,13
OD_000453,ORG_004,안랩,안랩,경기 성남시 분당구 삼평동,37.40083691,127.11023594,981514,HOME_006,백현마을5단지(주공),백현마을5단지아파트,경기 성남시 분당구 백현동,37.39036594,127.11276379,1577381,seongnam,13
OD_000454,ORG_004,안랩,안랩,경기 성남시 분당구 삼평동,37.40083691,127.11023594,981514,HOME_014,산운마을13단지,산운마을13단지아파트,경기 성남시 분당구 운중동,37.38694898,127.07435071,1577535,seongnam,13
OD_000455,ORG_004,안랩,안랩,경기 성남시 분당구 삼평동,37.40083691,127.11023594,981514,HOME_020,판교대방노블랜드,판교대방노블랜드아파트,경기 성남시 분당구 운중동,37.39303163,127.07529489,4097065,seongnam,13
OD_000456,ORG_004,안랩,안랩,경기 성남시 분당구 삼평동,37.40083691,127.11023594,981514,HOME_025,산성역 포레스티아 아파트,산성역포레스티아아파트,경기 성남시 수정구 신흥동,37.45080399,127.14689786,8466345,seongnam,13
OD_000457,ORG_005,NHN Play Museum,NHN플레이뮤지엄(성남) 전기차충전소,경기 성남시 분당구 삼평동,37.4007257,127.10412539,11294177,HOME_009,판교백현마을7단지,백현마을7단지휴먼시아아파트,경기 성남시 분당구 백현동,37.38956044,127.11026404,1577384,seongnam,13
OD_000458,ORG_005,NHN Play Museum,NHN플레이뮤지엄(성남) 전기차충전소,경기 성남시 분당구 삼평동,37.4007257,127.10412539,11294177,HOME_013,산운마을11단지판교포레라움아파트,산운마을11단지판교포레라움아파트,경기 성남시 분당구 운중동,37.38947646,127.07393401,4084509,seongnam,13
OD_000459,ORG_006,네오위즈 판교타워,네오위즈판교타워,경기 성남시 분당구 삼평동,37.40047572,127.10387542,5387232,HOME_011,봇들마을휴먼시아8단지,봇들마을휴먼시아8단지아파트,경기 성남시 분당구 삼평동,37.39603199,127.11490232,1577357,seongnam,13
OD_000460,ORG_006,네오위즈 판교타워,네오위즈판교타워,경기 성남시 분당구 삼평동,37.40047572,127.10387542,5387232,HOME_024,성남두산,성남두산아파트,경기 성남시 수정구 신흥동,37.44436034,127.14931449,374599,seongnam,13
OD_000461,ORG_007,위메이드 판교 사옥,위메이드타워,경기 성남시 분당구 삼평동,37.40133688,127.11176357,5888704,EXT_005,선릉역,선릉역[2호선],서울 강남구 삼성동,37.50451822,127.04893303,280179,seoul,13
OD_000462,ORG_007,위메이드 판교 사옥,위메이드타워,경기 성남시 분당구 삼평동,37.40133688,127.11176357,5888704,HOME_004,봇들마을4단지,봇들마을4단지아파트,경기 성남시 분당구 삼평동,37.40372558,127.11687415,1577335,seongnam,13
OD_000463,ORG_007,위메이드 판교 사옥,위메이드타워,경기 성남시 분당구 삼평동,37.40133688,127.11176357,5888704,HOME_014,산운마을13단지,산운마을13단지아파트,경기 성남시 분당구 운중동,37.38694898,127.07435071,1577535,seongnam,13
OD_000464,ORG_007,위메이드 판교 사옥,위메이드타워,경기 성남시 분당구 삼평동,37.40133688,127.11176357,5888704,HOME_015,산운마을14단지경남아너스빌아파트,산운마을경남아너스빌14단지아파트,경기 성남시 분당구 운중동,37.3841993,127.07415636,1577453,seongnam,13
OD_000465,ORG_007,위메이드 판교 사옥,위메이드타워,경기 성남시 분당구 삼평동,37.40133688,127.11176357,5888704,HOME_019,판교알파리움2단지,판교알파리움2단지아파트,경기 성남시 분당구 백현동,37.39333776,127.1094029,5391791,seongnam,13
OD_000466,ORG_008,카카오게임즈,카카오게임즈,경기 성남시 분당구 백현동,37.39447653,127.10987504,6508888,EXT_003,수서역,수서역,서울 강남구 수서동,37.48366056,127.10606731,6820888,seoul,13
OD_000467,ORG_008,카카오게임즈,카카오게임즈,경기 성남시 분당구 백현동,37.39447653,127.10987504,6508888,HOME_006,백현마을5단지(주공),백현마을5단지아파트,경기 성남시 분당구 백현동,37.39036594,127.11276379,1577381,seongnam,13
OD_000468,ORG_008,카카오게임즈,카카오게임즈,경기 성남시 분당구 백현동,37.39447653,127.10987504,6508888,HOME_023,성남동어울림아파트,성남동어울림아파트,경기 성남시 중원구 성남동,37.43038953,127.13773261,1136792,seongnam,13
OD_000469,ORG_009,스마일게이트,스마일게이트캠퍼스,경기 성남시 분당구 삼평동,37.40258673,127.11179131,2819486,HOME_001,성남판교백현마을2단지,백현마을2단지아파트,경기 성남시 분당구 백현동,37.39325459,127.11776325,1577354,seongnam,13
OD_000470,ORG_009,스마일게이트,스마일게이트캠퍼스,경기 성남시 분당구 삼평동,37.40258673,127.11179131,2819486,HOME_024,성남두산,성남두산아파트,경기 성남시 수정구 신흥동,37.44436034,127.14931449,374599,seongnam,13
OD_000471,ORG_011,유라코퍼레이션,유라코퍼레이션,경기 성남시 분당구 삼평동,37.40258667,127.10826385,2264999,EXT_002,잠실역,잠실역[2호선],서울 송파구 신천동,37.5140458,127.09934484,624344,seoul,13
OD_000472,ORG_011,유라코퍼레이션,유라코퍼레이션,경기 성남시 분당구 삼평동,37.40258667,127.10826385,2264999,HOME_023,성남동어울림아파트,성남동어울림아파트,경기 성남시 중원구 성남동,37.43038953,127.13773261,1136792,seongnam,13
OD_000473,ORG_011,유라코퍼레이션,유라코퍼레이션,경기 성남시 분당구 삼평동,37.40258667,127.10826385,2264999,HOME_025,산성역 포레스티아 아파트,산성역포레스티아아파트,경기 성남시 수정구 신흥동,37.45080399,127.14689786,8466345,seongnam,13
OD_000474,ORG_012,한국파스퇴르연구소,한국파스퇴르연구소,경기 성남시 분당구 삼평동,37.40647501,127.10270869,1587122,HOME_021,성남 센트럴타운,센트럴타운아파트,경기 성남시 중원구 여수동,37.41864076,127.13056693,2821057,seongnam,13
OD_000475,ORG_013,차바이오컴플렉스,차바이오컴플렉스,경기 성남시 분당구 삼평동,37.4041421,127.11129131,2849159,HOME_007,판교원마을7단지,판교원마을7단지아파트,경기 성남시 분당구 판교동,37.38642159,127.09237686,4084589,seongnam,13
OD_000476,ORG_013,차바이오컴플렉스,차바이오컴플렉스,경기 성남시 분당구 삼평동,37.4041421,127.11129131,2849159,HOME_012,산운12단지 판교센트럴포레,산운마을12단지판교센트럴포레아파트,경기 성남시 분당구 운중동,37.38969861,127.07129535,1577445,seongnam,13
OD_000477,ORG_013,차바이오컴플렉스,차바이오컴플렉스,경기 성남시 분당구 삼평동,37.4041421,127.11129131,2849159,HOME_021,성남 센트럴타운,센트럴타운아파트,경기 성남시 중원구 여수동,37.41864076,127.13056693,2821057,seongnam,13
OD_000478,ORG_013,차바이오컴플렉스,차바이오컴플렉스,경기 성남시 분당구 삼평동,37.4041421,127.11129131,2849159,HOME_026,신흥역 하늘채 랜더스원 3단지,신흥역하늘채랜더스원3단지아파트,경기 성남시 중원구 중앙동,37.44002753,127.15028675,8922214,seongnam,13
OD_000479,ORG_014,경기창조경제혁신센터,경기창조경제혁신센터,경기 성남시 분당구 삼평동,37.40047572,127.10393097,6289967,HOME_002,판교푸르지오그랑블,판교푸르지오그랑블아파트,경기 성남시 분당구 백현동,37.39333789,127.11654114,1577373,seongnam,13
OD_000480,ORG_014,경기창조경제혁신센터,경기창조경제혁신센터,경기 성남시 분당구 삼평동,37.40047572,127.10393097,6289967,HOME_007,판교원마을7단지,판교원마을7단지아파트,경기 성남시 분당구 판교동,37.38642159,127.09237686,4084589,seongnam,13
OD_000481,ORG_014,경기창조경제혁신센터,경기창조경제혁신센터,경기 성남시 분당구 삼평동,37.40047572,127.10393097,6289967,HOME_017,파크타운아파트,파크타운롯데아파트,경기 성남시 분당구 수내동,37.372507,127.11812491,225355,seongnam,13
OD_000482,ORG_015,유스페이스1,유스페이스 1동,경기 성남시 분당구 삼평동,37.40011472,127.10762509,2875928,HOME_010,판교백현마을8단지,백현마을8단지아파트,경기 성남시 분당구 백현동,37.38725512,127.10859759,1577388,seongnam,13
OD_000483,ORG_001,LIG넥스원 판교하우스,LIG 디펜스&에어로스페이스 판교하우스R&D센터,경기 성남시 분당구 삼평동,37.4045865,127.11190235,2506828,HOME_002,판교푸르지오그랑블,판교푸르지오그랑블아파트,경기 성남시 분당구 백현동,37.39333789,127.11654114,1577373,seongnam,12
OD_000484,ORG_001,LIG넥스원 판교하우스,LIG 디펜스&에어로스페이스 판교하우스R&D센터,경기 성남시 분당구 삼평동,37.4045865,127.11190235,2506828,HOME_020,판교대방노블랜드,판교대방노블랜드아파트,경기 성남시 분당구 운중동,37.39303163,127.07529489,4097065,seongnam,12
OD_000485,ORG_002,넥슨코리아,넥슨코리아,경기 성남시 분당구 삼평동,37.40230883,127.10306989,2906347,HOME_010,판교백현마을8단지,백현마을8단지아파트,경기 성남시 분당구 백현동,37.38725512,127.10859759,1577388,seongnam,12
OD_000486,ORG_002,넥슨코리아,넥슨코리아,경기 성남시 분당구 삼평동,37.40230883,127.10306989,2906347,HOME_011,봇들마을휴먼시아8단지,봇들마을휴먼시아8단지아파트,경기 성남시 분당구 삼평동,37.39603199,127.11490232,1577357,seongnam,12
OD_000487,ORG_003,엔씨소프트 판교 R&D센터,엔씨판교R&D센터,경기 성남시 분당구 삼평동,37.39975366,127.10809728,2849469,HOME_002,판교푸르지오그랑블,판교푸르지오그랑블아파트,경기 성남시 분당구 백현동,37.39333789,127.11654114,1577373,seongnam,12
OD_000488,ORG_003,엔씨소프트 판교 R&D센터,엔씨판교R&D센터,경기 성남시 분당구 삼평동,37.39975366,127.10809728,2849469,HOME_005,봇들마을7단지,봇들마을7단지엔파트아파트,경기 성남시 분당구 삼평동,37.39639306,127.11495786,1577351,seongnam,12
OD_000489,ORG_003,엔씨소프트 판교 R&D센터,엔씨판교R&D센터,경기 성남시 분당구 삼평동,37.39975366,127.10809728,2849469,HOME_010,판교백현마을8단지,백현마을8단지아파트,경기 성남시 분당구 백현동,37.38725512,127.10859759,1577388,seongnam,12
OD_000490,ORG_005,NHN Play Museum,NHN플레이뮤지엄(성남) 전기차충전소,경기 성남시 분당구 삼평동,37.4007257,127.10412539,11294177,HOME_005,봇들마을7단지,봇들마을7단지엔파트아파트,경기 성남시 분당구 삼평동,37.39639306,127.11495786,1577351,seongnam,12
OD_000491,ORG_005,NHN Play Museum,NHN플레이뮤지엄(성남) 전기차충전소,경기 성남시 분당구 삼평동,37.4007257,127.10412539,11294177,HOME_017,파크타운아파트,파크타운롯데아파트,경기 성남시 분당구 수내동,37.372507,127.11812491,225355,seongnam,12
OD_000492,ORG_005,NHN Play Museum,NHN플레이뮤지엄(성남) 전기차충전소,경기 성남시 분당구 삼평동,37.4007257,127.10412539,11294177,HOME_020,판교대방노블랜드,판교대방노블랜드아파트,경기 성남시 분당구 운중동,37.39303163,127.07529489,4097065,seongnam,12
OD_000493,ORG_005,NHN Play Museum,NHN플레이뮤지엄(성남) 전기차충전소,경기 성남시 분당구 삼평동,37.4007257,127.10412539,11294177,HOME_026,신흥역 하늘채 랜더스원 3단지,신흥역하늘채랜더스원3단지아파트,경기 성남시 중원구 중앙동,37.44002753,127.15028675,8922214,seongnam,12
OD_000494,ORG_006,네오위즈 판교타워,네오위즈판교타워,경기 성남시 분당구 삼평동,37.40047572,127.10387542,5387232,HOME_014,산운마을13단지,산운마을13단지아파트,경기 성남시 분당구 운중동,37.38694898,127.07435071,1577535,seongnam,12
OD_000495,ORG_006,네오위즈 판교타워,네오위즈판교타워,경기 성남시 분당구 삼평동,37.40047572,127.10387542,5387232,HOME_018,판교 알파리움1단지,판교알파리움1단지아파트,경기 성남시 분당구 백현동,37.39603188,127.10859734,5656353,seongnam,12
OD_000496,ORG_007,위메이드 판교 사옥,위메이드타워,경기 성남시 분당구 삼평동,37.40133688,127.11176357,5888704,HOME_003,봇들마을3단지아파트,판교봇들마을3단지아파트,경기 성남시 분당구 삼평동,37.40269792,127.1166242,1565444,seongnam,12
OD_000497,ORG_007,위메이드 판교 사옥,위메이드타워,경기 성남시 분당구 삼평동,37.40133688,127.11176357,5888704,HOME_011,봇들마을휴먼시아8단지,봇들마을휴먼시아8단지아파트,경기 성남시 분당구 삼평동,37.39603199,127.11490232,1577357,seongnam,12
OD_000498,ORG_007,위메이드 판교 사옥,위메이드타워,경기 성남시 분당구 삼평동,37.40133688,127.11176357,5888704,HOME_023,성남동어울림아파트,성남동어울림아파트,경기 성남시 중원구 성남동,37.43038953,127.13773261,1136792,seongnam,12
OD_000499,ORG_009,스마일게이트,스마일게이트캠퍼스,경기 성남시 분당구 삼평동,37.40258673,127.11179131,2819486,HOME_017,파크타운아파트,파크타운롯데아파트,경기 성남시 분당구 수내동,37.372507,127.11812491,225355,seongnam,12
OD_000500,ORG_009,스마일게이트,스마일게이트캠퍼스,경기 성남시 분당구 삼평동,37.40258673,127.11179131,2819486,HOME_027,신흥역 하늘채 랜더스원 4단지,신흥역하늘채랜더스원4단지아파트,경기 성남시 중원구 중앙동,37.44030526,127.14978679,8922194,seongnam,12
OD_000501,ORG_010,웹젠,웹젠,경기 성남시 분당구 삼평동,37.40222547,127.10090342,6327390,EXT_008,광교중앙역,광교중앙역[신분당선],경기 수원시 영통구 이의동,37.28845999,127.05163331,6518966,suwon,12
OD_000502,ORG_010,웹젠,웹젠,경기 성남시 분당구 삼평동,37.40222547,127.10090342,6327390,HOME_024,성남두산,성남두산아파트,경기 성남시 수정구 신흥동,37.44436034,127.14931449,374599,seongnam,12
OD_000503,ORG_011,유라코퍼레이션,유라코퍼레이션,경기 성남시 분당구 삼평동,37.40258667,127.10826385,2264999,HOME_013,산운마을11단지판교포레라움아파트,산운마을11단지판교포레라움아파트,경기 성남시 분당구 운중동,37.38947646,127.07393401,4084509,seongnam,12
OD_000504,ORG_011,유라코퍼레이션,유라코퍼레이션,경기 성남시 분당구 삼평동,37.40258667,127.10826385,2264999,HOME_026,신흥역 하늘채 랜더스원 3단지,신흥역하늘채랜더스원3단지아파트,경기 성남시 중원구 중앙동,37.44002753,127.15028675,8922214,seongnam,12
OD_000505,ORG_012,한국파스퇴르연구소,한국파스퇴르연구소,경기 성남시 분당구 삼평동,37.40647501,127.10270869,1587122,EXT_004,삼성역,삼성역[2호선],서울 강남구 삼성동,37.50824028,127.06379268,280178,seoul,12
OD_000506,ORG_012,한국파스퇴르연구소,한국파스퇴르연구소,경기 성남시 분당구 삼평동,37.40647501,127.10270869,1587122,HOME_005,봇들마을7단지,봇들마을7단지엔파트아파트,경기 성남시 분당구 삼평동,37.39639306,127.11495786,1577351,seongnam,12
OD_000507,ORG_013,차바이오컴플렉스,차바이오컴플렉스,경기 성남시 분당구 삼평동,37.4041421,127.11129131,2849159,HOME_008,판교봇들마을9단지금호어울림아파트,봇들마을9단지금호어울림아파트,경기 성남시 분당구 삼평동,37.39642089,127.11790204,1577338,seongnam,12
OD_000508,ORG_013,차바이오컴플렉스,차바이오컴플렉스,경기 성남시 분당구 삼평동,37.4041421,127.11129131,2849159,HOME_018,판교 알파리움1단지,판교알파리움1단지아파트,경기 성남시 분당구 백현동,37.39603188,127.10859734,5656353,seongnam,12
OD_000509,ORG_014,경기창조경제혁신센터,경기창조경제혁신센터,경기 성남시 분당구 삼평동,37.40047572,127.10393097,6289967,EXT_001,강남역,강남역[2호선],서울 강남구 역삼동,37.49804637,127.0279629,280181,seoul,12
OD_000510,ORG_014,경기창조경제혁신센터,경기창조경제혁신센터,경기 성남시 분당구 삼평동,37.40047572,127.10393097,6289967,HOME_013,산운마을11단지판교포레라움아파트,산운마을11단지판교포레라움아파트,경기 성남시 분당구 운중동,37.38947646,127.07393401,4084509,seongnam,12
OD_000511,ORG_015,유스페이스1,유스페이스 1동,경기 성남시 분당구 삼평동,37.40011472,127.10762509,2875928,HOME_014,산운마을13단지,산운마을13단지아파트,경기 성남시 분당구 운중동,37.38694898,127.07435071,1577535,seongnam,12
OD_000512,ORG_015,유스페이스1,유스페이스 1동,경기 성남시 분당구 삼평동,37.40011472,127.10762509,2875928,HOME_020,판교대방노블랜드,판교대방노블랜드아파트,경기 성남시 분당구 운중동,37.39303163,127.07529489,4097065,seongnam,12
OD_000513,ORG_001,LIG넥스원 판교하우스,LIG 디펜스&에어로스페이스 판교하우스R&D센터,경기 성남시 분당구 삼평동,37.4045865,127.11190235,2506828,HOME_001,성남판교백현마을2단지,백현마을2단지아파트,경기 성남시 분당구 백현동,37.39325459,127.11776325,1577354,seongnam,11
OD_000514,ORG_001,LIG넥스원 판교하우스,LIG 디펜스&에어로스페이스 판교하우스R&D센터,경기 성남시 분당구 삼평동,37.4045865,127.11190235,2506828,HOME_025,산성역 포레스티아 아파트,산성역포레스티아아파트,경기 성남시 수정구 신흥동,37.45080399,127.14689786,8466345,seongnam,11
OD_000515,ORG_002,넥슨코리아,넥슨코리아,경기 성남시 분당구 삼평동,37.40230883,127.10306989,2906347,HOME_002,판교푸르지오그랑블,판교푸르지오그랑블아파트,경기 성남시 분당구 백현동,37.39333789,127.11654114,1577373,seongnam,11
OD_000516,ORG_002,넥슨코리아,넥슨코리아,경기 성남시 분당구 삼평동,37.40230883,127.10306989,2906347,HOME_012,산운12단지 판교센트럴포레,산운마을12단지판교센트럴포레아파트,경기 성남시 분당구 운중동,37.38969861,127.07129535,1577445,seongnam,11
OD_000517,ORG_002,넥슨코리아,넥슨코리아,경기 성남시 분당구 삼평동,37.40230883,127.10306989,2906347,HOME_020,판교대방노블랜드,판교대방노블랜드아파트,경기 성남시 분당구 운중동,37.39303163,127.07529489,4097065,seongnam,11
OD_000518,ORG_003,엔씨소프트 판교 R&D센터,엔씨판교R&D센터,경기 성남시 분당구 삼평동,37.39975366,127.10809728,2849469,HOME_021,성남 센트럴타운,센트럴타운아파트,경기 성남시 중원구 여수동,37.41864076,127.13056693,2821057,seongnam,11
OD_000519,ORG_005,NHN Play Museum,NHN플레이뮤지엄(성남) 전기차충전소,경기 성남시 분당구 삼평동,37.4007257,127.10412539,11294177,HOME_011,봇들마을휴먼시아8단지,봇들마을휴먼시아8단지아파트,경기 성남시 분당구 삼평동,37.39603199,127.11490232,1577357,seongnam,11
OD_000520,ORG_006,네오위즈 판교타워,네오위즈판교타워,경기 성남시 분당구 삼평동,37.40047572,127.10387542,5387232,HOME_010,판교백현마을8단지,백현마을8단지아파트,경기 성남시 분당구 백현동,37.38725512,127.10859759,1577388,seongnam,11
OD_000521,ORG_006,네오위즈 판교타워,네오위즈판교타워,경기 성남시 분당구 삼평동,37.40047572,127.10387542,5387232,HOME_017,파크타운아파트,파크타운롯데아파트,경기 성남시 분당구 수내동,37.372507,127.11812491,225355,seongnam,11
OD_000522,ORG_006,네오위즈 판교타워,네오위즈판교타워,경기 성남시 분당구 삼평동,37.40047572,127.10387542,5387232,HOME_025,산성역 포레스티아 아파트,산성역포레스티아아파트,경기 성남시 수정구 신흥동,37.45080399,127.14689786,8466345,seongnam,11
OD_000523,ORG_008,카카오게임즈,카카오게임즈,경기 성남시 분당구 백현동,37.39447653,127.10987504,6508888,HOME_020,판교대방노블랜드,판교대방노블랜드아파트,경기 성남시 분당구 운중동,37.39303163,127.07529489,4097065,seongnam,11
OD_000524,ORG_009,스마일게이트,스마일게이트캠퍼스,경기 성남시 분당구 삼평동,37.40258673,127.11179131,2819486,HOME_003,봇들마을3단지아파트,판교봇들마을3단지아파트,경기 성남시 분당구 삼평동,37.40269792,127.1166242,1565444,seongnam,11
OD_000525,ORG_009,스마일게이트,스마일게이트캠퍼스,경기 성남시 분당구 삼평동,37.40258673,127.11179131,2819486,HOME_012,산운12단지 판교센트럴포레,산운마을12단지판교센트럴포레아파트,경기 성남시 분당구 운중동,37.38969861,127.07129535,1577445,seongnam,11
OD_000526,ORG_009,스마일게이트,스마일게이트캠퍼스,경기 성남시 분당구 삼평동,37.40258673,127.11179131,2819486,HOME_021,성남 센트럴타운,센트럴타운아파트,경기 성남시 중원구 여수동,37.41864076,127.13056693,2821057,seongnam,11
OD_000527,ORG_010,웹젠,웹젠,경기 성남시 분당구 삼평동,37.40222547,127.10090342,6327390,HOME_005,봇들마을7단지,봇들마을7단지엔파트아파트,경기 성남시 분당구 삼평동,37.39639306,127.11495786,1577351,seongnam,11
OD_000528,ORG_010,웹젠,웹젠,경기 성남시 분당구 삼평동,37.40222547,127.10090342,6327390,HOME_017,파크타운아파트,파크타운롯데아파트,경기 성남시 분당구 수내동,37.372507,127.11812491,225355,seongnam,11
OD_000529,ORG_011,유라코퍼레이션,유라코퍼레이션,경기 성남시 분당구 삼평동,37.40258667,127.10826385,2264999,HOME_006,백현마을5단지(주공),백현마을5단지아파트,경기 성남시 분당구 백현동,37.39036594,127.11276379,1577381,seongnam,11
OD_000530,ORG_012,한국파스퇴르연구소,한국파스퇴르연구소,경기 성남시 분당구 삼평동,37.40647501,127.10270869,1587122,HOME_012,산운12단지 판교센트럴포레,산운마을12단지판교센트럴포레아파트,경기 성남시 분당구 운중동,37.38969861,127.07129535,1577445,seongnam,11
OD_000531,ORG_012,한국파스퇴르연구소,한국파스퇴르연구소,경기 성남시 분당구 삼평동,37.40647501,127.10270869,1587122,HOME_024,성남두산,성남두산아파트,경기 성남시 수정구 신흥동,37.44436034,127.14931449,374599,seongnam,11
OD_000532,ORG_013,차바이오컴플렉스,차바이오컴플렉스,경기 성남시 분당구 삼평동,37.4041421,127.11129131,2849159,HOME_004,봇들마을4단지,봇들마을4단지아파트,경기 성남시 분당구 삼평동,37.40372558,127.11687415,1577335,seongnam,11
OD_000533,ORG_013,차바이오컴플렉스,차바이오컴플렉스,경기 성남시 분당구 삼평동,37.4041421,127.11129131,2849159,HOME_013,산운마을11단지판교포레라움아파트,산운마을11단지판교포레라움아파트,경기 성남시 분당구 운중동,37.38947646,127.07393401,4084509,seongnam,11
OD_000534,ORG_013,차바이오컴플렉스,차바이오컴플렉스,경기 성남시 분당구 삼평동,37.4041421,127.11129131,2849159,HOME_014,산운마을13단지,산운마을13단지아파트,경기 성남시 분당구 운중동,37.38694898,127.07435071,1577535,seongnam,11
OD_000535,ORG_014,경기창조경제혁신센터,경기창조경제혁신센터,경기 성남시 분당구 삼평동,37.40047572,127.10393097,6289967,EXT_013,미사역,미사역[5호선],경기 하남시 망월동,37.56309735,127.19289048,8467712,hanam,11
OD_000536,ORG_014,경기창조경제혁신센터,경기창조경제혁신센터,경기 성남시 분당구 삼평동,37.40047572,127.10393097,6289967,HOME_014,산운마을13단지,산운마을13단지아파트,경기 성남시 분당구 운중동,37.38694898,127.07435071,1577535,seongnam,11
OD_000537,ORG_015,유스페이스1,유스페이스 1동,경기 성남시 분당구 삼평동,37.40011472,127.10762509,2875928,HOME_015,산운마을14단지경남아너스빌아파트,산운마을경남아너스빌14단지아파트,경기 성남시 분당구 운중동,37.3841993,127.07415636,1577453,seongnam,11
OD_000538,ORG_015,유스페이스1,유스페이스 1동,경기 성남시 분당구 삼평동,37.40011472,127.10762509,2875928,HOME_021,성남 센트럴타운,센트럴타운아파트,경기 성남시 중원구 여수동,37.41864076,127.13056693,2821057,seongnam,11
OD_000539,ORG_001,LIG넥스원 판교하우스,LIG 디펜스&에어로스페이스 판교하우스R&D센터,경기 성남시 분당구 삼평동,37.4045865,127.11190235,2506828,HOME_006,백현마을5단지(주공),백현마을5단지아파트,경기 성남시 분당구 백현동,37.39036594,127.11276379,1577381,seongnam,10
OD_000540,ORG_001,LIG넥스원 판교하우스,LIG 디펜스&에어로스페이스 판교하우스R&D센터,경기 성남시 분당구 삼평동,37.4045865,127.11190235,2506828,HOME_007,판교원마을7단지,판교원마을7단지아파트,경기 성남시 분당구 판교동,37.38642159,127.09237686,4084589,seongnam,10
OD_000541,ORG_001,LIG넥스원 판교하우스,LIG 디펜스&에어로스페이스 판교하우스R&D센터,경기 성남시 분당구 삼평동,37.4045865,127.11190235,2506828,HOME_008,판교봇들마을9단지금호어울림아파트,봇들마을9단지금호어울림아파트,경기 성남시 분당구 삼평동,37.39642089,127.11790204,1577338,seongnam,10
OD_000542,ORG_001,LIG넥스원 판교하우스,LIG 디펜스&에어로스페이스 판교하우스R&D센터,경기 성남시 분당구 삼평동,37.4045865,127.11190235,2506828,HOME_023,성남동어울림아파트,성남동어울림아파트,경기 성남시 중원구 성남동,37.43038953,127.13773261,1136792,seongnam,10
OD_000543,ORG_002,넥슨코리아,넥슨코리아,경기 성남시 분당구 삼평동,37.40230883,127.10306989,2906347,HOME_007,판교원마을7단지,판교원마을7단지아파트,경기 성남시 분당구 판교동,37.38642159,127.09237686,4084589,seongnam,10
OD_000544,ORG_004,안랩,안랩,경기 성남시 분당구 삼평동,37.40083691,127.11023594,981514,HOME_007,판교원마을7단지,판교원마을7단지아파트,경기 성남시 분당구 판교동,37.38642159,127.09237686,4084589,seongnam,10
OD_000545,ORG_004,안랩,안랩,경기 성남시 분당구 삼평동,37.40083691,127.11023594,981514,HOME_019,판교알파리움2단지,판교알파리움2단지아파트,경기 성남시 분당구 백현동,37.39333776,127.1094029,5391791,seongnam,10
OD_000546,ORG_005,NHN Play Museum,NHN플레이뮤지엄(성남) 전기차충전소,경기 성남시 분당구 삼평동,37.4007257,127.10412539,11294177,HOME_004,봇들마을4단지,봇들마을4단지아파트,경기 성남시 분당구 삼평동,37.40372558,127.11687415,1577335,seongnam,10
OD_000547,ORG_005,NHN Play Museum,NHN플레이뮤지엄(성남) 전기차충전소,경기 성남시 분당구 삼평동,37.4007257,127.10412539,11294177,HOME_007,판교원마을7단지,판교원마을7단지아파트,경기 성남시 분당구 판교동,37.38642159,127.09237686,4084589,seongnam,10
OD_000548,ORG_005,NHN Play Museum,NHN플레이뮤지엄(성남) 전기차충전소,경기 성남시 분당구 삼평동,37.4007257,127.10412539,11294177,HOME_018,판교 알파리움1단지,판교알파리움1단지아파트,경기 성남시 분당구 백현동,37.39603188,127.10859734,5656353,seongnam,10
OD_000549,ORG_006,네오위즈 판교타워,네오위즈판교타워,경기 성남시 분당구 삼평동,37.40047572,127.10387542,5387232,HOME_022,성남단대푸르지오,단대푸르지오아파트,경기 성남시 수정구 단대동,37.4512208,127.15748022,2241323,seongnam,10
OD_000550,ORG_007,위메이드 판교 사옥,위메이드타워,경기 성남시 분당구 삼평동,37.40133688,127.11176357,5888704,HOME_020,판교대방노블랜드,판교대방노블랜드아파트,경기 성남시 분당구 운중동,37.39303163,127.07529489,4097065,seongnam,10
OD_000551,ORG_008,카카오게임즈,카카오게임즈,경기 성남시 분당구 백현동,37.39447653,127.10987504,6508888,HOME_009,판교백현마을7단지,백현마을7단지휴먼시아아파트,경기 성남시 분당구 백현동,37.38956044,127.11026404,1577384,seongnam,10
OD_000552,ORG_008,카카오게임즈,카카오게임즈,경기 성남시 분당구 백현동,37.39447653,127.10987504,6508888,HOME_017,파크타운아파트,파크타운롯데아파트,경기 성남시 분당구 수내동,37.372507,127.11812491,225355,seongnam,10
OD_000553,ORG_008,카카오게임즈,카카오게임즈,경기 성남시 분당구 백현동,37.39447653,127.10987504,6508888,HOME_024,성남두산,성남두산아파트,경기 성남시 수정구 신흥동,37.44436034,127.14931449,374599,seongnam,10
OD_000554,ORG_009,스마일게이트,스마일게이트캠퍼스,경기 성남시 분당구 삼평동,37.40258673,127.11179131,2819486,HOME_006,백현마을5단지(주공),백현마을5단지아파트,경기 성남시 분당구 백현동,37.39036594,127.11276379,1577381,seongnam,10
OD_000555,ORG_010,웹젠,웹젠,경기 성남시 분당구 삼평동,37.40222547,127.10090342,6327390,HOME_001,성남판교백현마을2단지,백현마을2단지아파트,경기 성남시 분당구 백현동,37.39325459,127.11776325,1577354,seongnam,10
OD_000556,ORG_010,웹젠,웹젠,경기 성남시 분당구 삼평동,37.40222547,127.10090342,6327390,HOME_019,판교알파리움2단지,판교알파리움2단지아파트,경기 성남시 분당구 백현동,37.39333776,127.1094029,5391791,seongnam,10
OD_000557,ORG_011,유라코퍼레이션,유라코퍼레이션,경기 성남시 분당구 삼평동,37.40258667,127.10826385,2264999,HOME_008,판교봇들마을9단지금호어울림아파트,봇들마을9단지금호어울림아파트,경기 성남시 분당구 삼평동,37.39642089,127.11790204,1577338,seongnam,10
OD_000558,ORG_012,한국파스퇴르연구소,한국파스퇴르연구소,경기 성남시 분당구 삼평동,37.40647501,127.10270869,1587122,EXT_012,경기광주역,경기광주역[경강선],경기 광주시 역동,37.39925633,127.25308413,6552665,gwangju,10
OD_000559,ORG_012,한국파스퇴르연구소,한국파스퇴르연구소,경기 성남시 분당구 삼평동,37.40647501,127.10270869,1587122,HOME_015,산운마을14단지경남아너스빌아파트,산운마을경남아너스빌14단지아파트,경기 성남시 분당구 운중동,37.3841993,127.07415636,1577453,seongnam,10
OD_000560,ORG_012,한국파스퇴르연구소,한국파스퇴르연구소,경기 성남시 분당구 삼평동,37.40647501,127.10270869,1587122,HOME_017,파크타운아파트,파크타운롯데아파트,경기 성남시 분당구 수내동,37.372507,127.11812491,225355,seongnam,10
OD_000561,ORG_012,한국파스퇴르연구소,한국파스퇴르연구소,경기 성남시 분당구 삼평동,37.40647501,127.10270869,1587122,HOME_019,판교알파리움2단지,판교알파리움2단지아파트,경기 성남시 분당구 백현동,37.39333776,127.1094029,5391791,seongnam,10
OD_000562,ORG_013,차바이오컴플렉스,차바이오컴플렉스,경기 성남시 분당구 삼평동,37.4041421,127.11129131,2849159,HOME_005,봇들마을7단지,봇들마을7단지엔파트아파트,경기 성남시 분당구 삼평동,37.39639306,127.11495786,1577351,seongnam,10
OD_000563,ORG_014,경기창조경제혁신센터,경기창조경제혁신센터,경기 성남시 분당구 삼평동,37.40047572,127.10393097,6289967,HOME_024,성남두산,성남두산아파트,경기 성남시 수정구 신흥동,37.44436034,127.14931449,374599,seongnam,10
OD_000564,ORG_015,유스페이스1,유스페이스 1동,경기 성남시 분당구 삼평동,37.40011472,127.10762509,2875928,HOME_005,봇들마을7단지,봇들마을7단지엔파트아파트,경기 성남시 분당구 삼평동,37.39639306,127.11495786,1577351,seongnam,10
OD_000565,ORG_002,넥슨코리아,넥슨코리아,경기 성남시 분당구 삼평동,37.40230883,127.10306989,2906347,HOME_008,판교봇들마을9단지금호어울림아파트,봇들마을9단지금호어울림아파트,경기 성남시 분당구 삼평동,37.39642089,127.11790204,1577338,seongnam,9
OD_000566,ORG_003,엔씨소프트 판교 R&D센터,엔씨판교R&D센터,경기 성남시 분당구 삼평동,37.39975366,127.10809728,2849469,HOME_019,판교알파리움2단지,판교알파리움2단지아파트,경기 성남시 분당구 백현동,37.39333776,127.1094029,5391791,seongnam,9
OD_000567,ORG_006,네오위즈 판교타워,네오위즈판교타워,경기 성남시 분당구 삼평동,37.40047572,127.10387542,5387232,HOME_012,산운12단지 판교센트럴포레,산운마을12단지판교센트럴포레아파트,경기 성남시 분당구 운중동,37.38969861,127.07129535,1577445,seongnam,9
OD_000568,ORG_007,위메이드 판교 사옥,위메이드타워,경기 성남시 분당구 삼평동,37.40133688,127.11176357,5888704,HOME_008,판교봇들마을9단지금호어울림아파트,봇들마을9단지금호어울림아파트,경기 성남시 분당구 삼평동,37.39642089,127.11790204,1577338,seongnam,9
OD_000569,ORG_007,위메이드 판교 사옥,위메이드타워,경기 성남시 분당구 삼평동,37.40133688,127.11176357,5888704,HOME_025,산성역 포레스티아 아파트,산성역포레스티아아파트,경기 성남시 수정구 신흥동,37.45080399,127.14689786,8466345,seongnam,9
OD_000570,ORG_009,스마일게이트,스마일게이트캠퍼스,경기 성남시 분당구 삼평동,37.40258673,127.11179131,2819486,HOME_002,판교푸르지오그랑블,판교푸르지오그랑블아파트,경기 성남시 분당구 백현동,37.39333789,127.11654114,1577373,seongnam,9
OD_000571,ORG_009,스마일게이트,스마일게이트캠퍼스,경기 성남시 분당구 삼평동,37.40258673,127.11179131,2819486,HOME_023,성남동어울림아파트,성남동어울림아파트,경기 성남시 중원구 성남동,37.43038953,127.13773261,1136792,seongnam,9
OD_000572,ORG_010,웹젠,웹젠,경기 성남시 분당구 삼평동,37.40222547,127.10090342,6327390,HOME_015,산운마을14단지경남아너스빌아파트,산운마을경남아너스빌14단지아파트,경기 성남시 분당구 운중동,37.3841993,127.07415636,1577453,seongnam,9
OD_000573,ORG_012,한국파스퇴르연구소,한국파스퇴르연구소,경기 성남시 분당구 삼평동,37.40647501,127.10270869,1587122,HOME_002,판교푸르지오그랑블,판교푸르지오그랑블아파트,경기 성남시 분당구 백현동,37.39333789,127.11654114,1577373,seongnam,9
OD_000574,ORG_012,한국파스퇴르연구소,한국파스퇴르연구소,경기 성남시 분당구 삼평동,37.40647501,127.10270869,1587122,HOME_023,성남동어울림아파트,성남동어울림아파트,경기 성남시 중원구 성남동,37.43038953,127.13773261,1136792,seongnam,9
OD_000575,ORG_014,경기창조경제혁신센터,경기창조경제혁신센터,경기 성남시 분당구 삼평동,37.40047572,127.10393097,6289967,HOME_003,봇들마을3단지아파트,판교봇들마을3단지아파트,경기 성남시 분당구 삼평동,37.40269792,127.1166242,1565444,seongnam,9
OD_000576,ORG_014,경기창조경제혁신센터,경기창조경제혁신센터,경기 성남시 분당구 삼평동,37.40047572,127.10393097,6289967,HOME_012,산운12단지 판교센트럴포레,산운마을12단지판교센트럴포레아파트,경기 성남시 분당구 운중동,37.38969861,127.07129535,1577445,seongnam,9
OD_000577,ORG_001,LIG넥스원 판교하우스,LIG 디펜스&에어로스페이스 판교하우스R&D센터,경기 성남시 분당구 삼평동,37.4045865,127.11190235,2506828,HOME_003,봇들마을3단지아파트,판교봇들마을3단지아파트,경기 성남시 분당구 삼평동,37.40269792,127.1166242,1565444,seongnam,8
OD_000578,ORG_002,넥슨코리아,넥슨코리아,경기 성남시 분당구 삼평동,37.40230883,127.10306989,2906347,HOME_024,성남두산,성남두산아파트,경기 성남시 수정구 신흥동,37.44436034,127.14931449,374599,seongnam,8
OD_000579,ORG_003,엔씨소프트 판교 R&D센터,엔씨판교R&D센터,경기 성남시 분당구 삼평동,37.39975366,127.10809728,2849469,HOME_018,판교 알파리움1단지,판교알파리움1단지아파트,경기 성남시 분당구 백현동,37.39603188,127.10859734,5656353,seongnam,8
OD_000580,ORG_003,엔씨소프트 판교 R&D센터,엔씨판교R&D센터,경기 성남시 분당구 삼평동,37.39975366,127.10809728,2849469,HOME_027,신흥역 하늘채 랜더스원 4단지,신흥역하늘채랜더스원4단지아파트,경기 성남시 중원구 중앙동,37.44030526,127.14978679,8922194,seongnam,8
OD_000581,ORG_004,안랩,안랩,경기 성남시 분당구 삼평동,37.40083691,127.11023594,981514,HOME_026,신흥역 하늘채 랜더스원 3단지,신흥역하늘채랜더스원3단지아파트,경기 성남시 중원구 중앙동,37.44002753,127.15028675,8922214,seongnam,8
OD_000582,ORG_007,위메이드 판교 사옥,위메이드타워,경기 성남시 분당구 삼평동,37.40133688,127.11176357,5888704,HOME_005,봇들마을7단지,봇들마을7단지엔파트아파트,경기 성남시 분당구 삼평동,37.39639306,127.11495786,1577351,seongnam,8
OD_000583,ORG_008,카카오게임즈,카카오게임즈,경기 성남시 분당구 백현동,37.39447653,127.10987504,6508888,HOME_022,성남단대푸르지오,단대푸르지오아파트,경기 성남시 수정구 단대동,37.4512208,127.15748022,2241323,seongnam,8
OD_000584,ORG_011,유라코퍼레이션,유라코퍼레이션,경기 성남시 분당구 삼평동,37.40258667,127.10826385,2264999,HOME_004,봇들마을4단지,봇들마을4단지아파트,경기 성남시 분당구 삼평동,37.40372558,127.11687415,1577335,seongnam,8
OD_000585,ORG_013,차바이오컴플렉스,차바이오컴플렉스,경기 성남시 분당구 삼평동,37.4041421,127.11129131,2849159,HOME_022,성남단대푸르지오,단대푸르지오아파트,경기 성남시 수정구 단대동,37.4512208,127.15748022,2241323,seongnam,8
OD_000586,ORG_014,경기창조경제혁신센터,경기창조경제혁신센터,경기 성남시 분당구 삼평동,37.40047572,127.10393097,6289967,HOME_020,판교대방노블랜드,판교대방노블랜드아파트,경기 성남시 분당구 운중동,37.39303163,127.07529489,4097065,seongnam,8
OD_000587,ORG_015,유스페이스1,유스페이스 1동,경기 성남시 분당구 삼평동,37.40011472,127.10762509,2875928,HOME_003,봇들마을3단지아파트,판교봇들마을3단지아파트,경기 성남시 분당구 삼평동,37.40269792,127.1166242,1565444,seongnam,8
OD_000588,ORG_015,유스페이스1,유스페이스 1동,경기 성남시 분당구 삼평동,37.40011472,127.10762509,2875928,HOME_007,판교원마을7단지,판교원마을7단지아파트,경기 성남시 분당구 판교동,37.38642159,127.09237686,4084589,seongnam,8
OD_000589,ORG_001,LIG넥스원 판교하우스,LIG 디펜스&에어로스페이스 판교하우스R&D센터,경기 성남시 분당구 삼평동,37.4045865,127.11190235,2506828,HOME_009,판교백현마을7단지,백현마을7단지휴먼시아아파트,경기 성남시 분당구 백현동,37.38956044,127.11026404,1577384,seongnam,7
OD_000590,ORG_002,넥슨코리아,넥슨코리아,경기 성남시 분당구 삼평동,37.40230883,127.10306989,2906347,HOME_009,판교백현마을7단지,백현마을7단지휴먼시아아파트,경기 성남시 분당구 백현동,37.38956044,127.11026404,1577384,seongnam,7
OD_000591,ORG_002,넥슨코리아,넥슨코리아,경기 성남시 분당구 삼평동,37.40230883,127.10306989,2906347,HOME_013,산운마을11단지판교포레라움아파트,산운마을11단지판교포레라움아파트,경기 성남시 분당구 운중동,37.38947646,127.07393401,4084509,seongnam,7
OD_000592,ORG_003,엔씨소프트 판교 R&D센터,엔씨판교R&D센터,경기 성남시 분당구 삼평동,37.39975366,127.10809728,2849469,HOME_006,백현마을5단지(주공),백현마을5단지아파트,경기 성남시 분당구 백현동,37.39036594,127.11276379,1577381,seongnam,7
OD_000593,ORG_004,안랩,안랩,경기 성남시 분당구 삼평동,37.40083691,127.11023594,981514,HOME_018,판교 알파리움1단지,판교알파리움1단지아파트,경기 성남시 분당구 백현동,37.39603188,127.10859734,5656353,seongnam,7
OD_000594,ORG_008,카카오게임즈,카카오게임즈,경기 성남시 분당구 백현동,37.39447653,127.10987504,6508888,HOME_012,산운12단지 판교센트럴포레,산운마을12단지판교센트럴포레아파트,경기 성남시 분당구 운중동,37.38969861,127.07129535,1577445,seongnam,7
OD_000595,ORG_014,경기창조경제혁신센터,경기창조경제혁신센터,경기 성남시 분당구 삼평동,37.40047572,127.10393097,6289967,HOME_006,백현마을5단지(주공),백현마을5단지아파트,경기 성남시 분당구 백현동,37.39036594,127.11276379,1577381,seongnam,7
OD_000596,ORG_015,유스페이스1,유스페이스 1동,경기 성남시 분당구 삼평동,37.40011472,127.10762509,2875928,HOME_018,판교 알파리움1단지,판교알파리움1단지아파트,경기 성남시 분당구 백현동,37.39603188,127.10859734,5656353,seongnam,7
OD_000597,ORG_005,NHN Play Museum,NHN플레이뮤지엄(성남) 전기차충전소,경기 성남시 분당구 삼평동,37.4007257,127.10412539,11294177,HOME_016,산운마을6단지신동아파밀리에,산운마을6단지아파트,경기 성남시 분당구 운중동,37.39322605,127.07507269,1577434,seongnam,6
OD_000598,ORG_005,NHN Play Museum,NHN플레이뮤지엄(성남) 전기차충전소,경기 성남시 분당구 삼평동,37.4007257,127.10412539,11294177,HOME_021,성남 센트럴타운,센트럴타운아파트,경기 성남시 중원구 여수동,37.41864076,127.13056693,2821057,seongnam,6
OD_000599,ORG_007,위메이드 판교 사옥,위메이드타워,경기 성남시 분당구 삼평동,37.40133688,127.11176357,5888704,HOME_027,신흥역 하늘채 랜더스원 4단지,신흥역하늘채랜더스원4단지아파트,경기 성남시 중원구 중앙동,37.44030526,127.14978679,8922194,seongnam,6
OD_000600,ORG_005,NHN Play Museum,NHN플레이뮤지엄(성남) 전기차충전소,경기 성남시 분당구 삼평동,37.4007257,127.10412539,11294177,HOME_019,판교알파리움2단지,판교알파리움2단지아파트,경기 성남시 분당구 백현동,37.39333776,127.1094029,5391791,seongnam,4
