user_id,od_id
user_00001,OD_000248
user_00002,OD_000108
user_00003,OD_000032
user_00004,OD_000218
user_00005,OD_000447
user_00006,OD_000274
user_00007,OD_000064
user_00008,OD_000382
user_00009,OD_000393
user_00010,OD_000120
user_00011,OD_000366
user_00012,OD_000344
user_00013,OD_000131
user_00014,OD_000415
user_00015,OD_000024
user_00016,OD_000025
user_00017,OD_000392
user_00018,OD_000154
user_00019,OD_000459
user_00020,OD_000126
user_00021,OD_000373
user_00022,OD_000010
user_00023,OD_000270
user_00024,OD_000545
user_00025,OD_000272
user_00026,OD_000537
user_00027,OD_000325
user_00028,OD_000039
user_00029,OD_000349
user_00030,OD_000008
user_00031,OD_000524
user_00032,OD_000213
user_00033,OD_000227
user_00034,OD_000504
user_00035,OD_000276
user_00036,OD_000314
user_00037,OD_000170
user_00038,OD_000428
user_00039,OD_000143
user_00040,OD_000338
user_00041,OD_000550
user_00042,OD_000148
user_00043,OD_000491
user_00044,OD_000186
user_00045,OD_000136
user_00046,OD_000130
user_00047,OD_000091
user_00048,OD_000453
user_00049,OD_000268
user_00050,OD_000180
user_00051,OD_000268
user_00052,OD_000548
user_00053,OD_000261
user_00054,OD_000417
user_00055,OD_000468
user_00056,OD_000131
user_00057,OD_000151
user_00058,OD_000004
user_00059,OD_000445
user_00060,OD_000208
user_00061,OD_000260
user_00062,OD_000167
user_00063,OD_000396
user_00064,OD_000384
user_00065,OD_000209
user_00066,OD_000066
user_00067,OD_000097
user_00068,OD_000252
user_00069,OD_000111
user_00070,OD_000087
user_00071,OD_000121
user_00072,OD_000200
user_00073,OD_000089
user_00074,OD_000298
user_00075,OD_000528
user_00076,OD_000542
user_00077,OD_000152
user_00078,OD_000112
user_00079,OD_000422
user_00080,OD_000535
user_00081,OD_000105
user_00082,OD_000222
user_00083,OD_000362
user_00084,OD_000420
user_00085,OD_000109
user_00086,OD_000495
user_00087,OD_000271
user_00088,OD_000022
user_00089,OD_000324
user_00090,OD_000516
user_00091,OD_000480
user_00092,OD_000206
user_00093,OD_000210
user_00094,OD_000475
user_00095,OD_000027
user_00096,OD_000131
user_00097,OD_000518
user_00098,OD_000327
user_00099,OD_000467
user_00100,OD_000322
user_00101,OD_000422
user_00102,OD_000249
user_00103,OD_000103
user_00104,OD_000253
user_00105,OD_000044
user_00106,OD_000468
user_00107,OD_000239
user_00108,OD_000045
user_00109,OD_000305
user_00110,OD_000167
user_00111,OD_000251
user_00112,OD_000044
user_00113,OD_000026
user_00114,OD_000398
user_00115,OD_000129
user_00116,OD_000159
user_00117,OD_000184
user_00118,OD_000566
user_00119,OD_000474
user_00120,OD_000350
user_00121,OD_000118
user_00122,OD_000108
user_00123,OD_000012
user_00124,OD_000075
user_00125,OD_000318
user_00126,OD_000087
user_00127,OD_000296
user_00128,OD_000307
user_00129,OD_000136
user_00130,OD_000021
user_00131,OD_000354
user_00132,OD_000115
user_00133,OD_000017
user_00134,OD_000390
user_00135,OD_000436
user_00136,OD_000359
user_00137,OD_000271
user_00138,OD_000065
user_00139,OD_000165
user_00140,OD_000094
user_00141,OD_000055
user_00142,OD_000268
user_00143,OD_000485
user_00144,OD_000576
user_00145,OD_000007
user_00146,OD_000231
user_00147,OD_000307
user_00148,OD_000076
user_00149,OD_000121
user_00150,OD_000478
user_00151,OD_000185
user_00152,OD_000041
user_00153,OD_000569
user_00154,OD_000260
user_00155,OD_000218
user_00156,OD_000022
user_00157,OD_000010
user_00158,OD_000221
user_00159,OD_000025
user_00160,OD_000064
user_00161,OD_000028
user_00162,OD_000394
user_00163,OD_000245
user_00164,OD_000587
user_00165,OD_000233
user_00166,OD_000439
user_00167,OD_000482
user_00168,OD_000281
user_00169,OD_000090
user_00170,OD_000015
user_00171,OD_000057
user_00172,OD_000048
user_00173,OD_000088
user_00174,OD_000005
user_00175,OD_000260
user_00176,OD_000286
user_00177,OD_000033
user_00178,OD_000201
user_00179,OD_000029
user_00180,OD_000014
user_00181,OD_000279
user_00182,OD_000356
user_00183,OD_000219
user_00184,OD_000167
user_00185,OD_000376
user_00186,OD_000385
user_00187,OD_000210
user_00188,OD_000106
user_00189,OD_000012
user_00190,OD_000200
user_00191,OD_000477
user_00192,OD_000360
user_00193,OD_000520
user_00194,OD_000052
user_00195,OD_000351
user_00196,OD_000239
user_00197,OD_000352
user_00198,OD_000543
user_00199,OD_000138
user_00200,OD_000558
user_00201,OD_000048
user_00202,OD_000139
user_00203,OD_000530
user_00204,OD_000175
user_00205,OD_000544
user_00206,OD_000323
user_00207,OD_000437
user_00208,OD_000054
user_00209,OD_000358
user_00210,OD_000420
user_00211,OD_000496
user_00212,OD_000292
user_00213,OD_000410
user_00214,OD_000336
user_00215,OD_000291
user_00216,OD_000200
user_00217,OD_000076
user_00218,OD_000409
user_00219,OD_000407
user_00220,OD_000331
user_00221,OD_000524
user_00222,OD_000121
user_00223,OD_000118
user_00224,OD_000069
user_00225,OD_000029
user_00226,OD_000203
user_00227,OD_000373
user_00228,OD_000022
user_00229,OD_000018
user_00230,OD_000224
user_00231,OD_000288
user_00232,OD_000253
user_00233,OD_000461
user_00234,OD_000092
user_00235,OD_000061
user_00236,OD_000243
user_00237,OD_000289
user_00238,OD_000070
user_00239,OD_000077
user_00240,OD_000449
user_00241,OD_000433
user_00242,OD_000248
user_00243,OD_000420
user_00244,OD_000388
user_00245,OD_000505
user_00246,OD_000406
user_00247,OD_000063
user_00248,OD_000057
user_00249,OD_000006
user_00250,OD_000053
user_00251,OD_000059
user_00252,OD_000114
user_00253,OD_000194
user_00254,OD_000287
user_00255,OD_000284
user_00256,OD_000074
user_00257,OD_000159
user_00258,OD_000372
user_00259,OD_000243
user_00260,OD_000199
user_00261,OD_000389
user_00262,OD_000423
user_00263,OD_000404
user_00264,OD_000509
user_00265,OD_000565
user_00266,OD_000331
user_00267,OD_000237
user_00268,OD_000514
user_00269,OD_000193
user_00270,OD_000493
user_00271,OD_000124
user_00272,OD_000494
user_00273,OD_000097
user_00274,OD_000590
user_00275,OD_000046
user_00276,OD_000009
user_00277,OD_000313
user_00278,OD_000283
user_00279,OD_000019
user_00280,OD_000594
user_00281,OD_000033
user_00282,OD_000153
user_00283,OD_000136
user_00284,OD_000217
user_00285,OD_000156
user_00286,OD_000004
user_00287,OD_000392
user_00288,OD_000297
user_00289,OD_000252
user_00290,OD_000095
user_00291,OD_000380
user_00292,OD_000030
user_00293,OD_000267
user_00294,OD_000013
user_00295,OD_000279
user_00296,OD_000010
user_00297,OD_000404
user_00298,OD_000391
user_00299,OD_000272
user_00300,OD_000189
user_00301,OD_000038
user_00302,OD_000396
user_00303,OD_000262
user_00304,OD_000142
user_00305,OD_000158
user_00306,OD_000169
user_00307,OD_000339
user_00308,OD_000117
user_00309,OD_000251
user_00310,OD_000260
user_00311,OD_000214
user_00312,OD_000004
user_00313,OD_000065
user_00314,OD_000377
user_00315,OD_000113
user_00316,OD_000354
user_00317,OD_000544
user_00318,OD_000559
user_00319,OD_000513
user_00320,OD_000368
user_00321,OD_000270
user_00322,OD_000417
user_00323,OD_000189
user_00324,OD_000235
user_00325,OD_000181
user_00326,OD_000575
user_00327,OD_000102
user_00328,OD_000280
user_00329,OD_000168
user_00330,OD_000453
user_00331,OD_000048
user_00332,OD_000451
user_00333,OD_000093
user_00334,OD_000003
user_00335,OD_000596
user_00336,OD_000440
user_00337,OD_000303
user_00338,OD_000194
user_00339,OD_000224
user_00340,OD_000320
user_00341,OD_000455
user_00342,OD_000538
user_00343,OD_000063
user_00344,OD_000369
user_00345,OD_000502
user_00346,OD_000283
user_00347,OD_000181
user_00348,OD_000488
user_00349,OD_000177
user_00350,OD_000596
user_00351,OD_000113
user_00352,OD_000079
user_00353,OD_000417
user_00354,OD_000014
user_00355,OD_000125
user_00356,OD_000084
user_00357,OD_000455
user_00358,OD_000532
user_00359,OD_000343
user_00360,OD_000421
user_00361,OD_000240
user_00362,OD_000482
user_00363,OD_000554
user_00364,OD_000093
user_00365,OD_000080
user_00366,OD_000424
user_00367,OD_000426
user_00368,OD_000571
user_00369,OD_000218
user_00370,OD_000214
user_00371,OD_000341
user_00372,OD_000452
user_00373,OD_000593
user_00374,OD_000117
user_00375,OD_000301
user_00376,OD_000080
user_00377,OD_000049
user_00378,OD_000521
user_00379,OD_000126
user_00380,OD_000421
user_00381,OD_000491
user_00382,OD_000054
user_00383,OD_000001
user_00384,OD_000546
user_00385,OD_000568
user_00386,OD_000009
user_00387,OD_000200
user_00388,OD_000241
user_00389,OD_000297
user_00390,OD_000369
user_00391,OD_000104
user_00392,OD_000572
user_00393,OD_000086
user_00394,OD_000345
user_00395,OD_000160
user_00396,OD_000319
user_00397,OD_000077
user_00398,OD_000242
user_00399,OD_000333
user_00400,OD_000457
user_00401,OD_000140
user_00402,OD_000305
user_00403,OD_000579
user_00404,OD_000290
user_00405,OD_000415
user_00406,OD_000159
user_00407,OD_000309
user_00408,OD_000023
user_00409,OD_000428
user_00410,OD_000078
user_00411,OD_000101
user_00412,OD_000192
user_00413,OD_000480
user_00414,OD_000190
user_00415,OD_000242
user_00416,OD_000373
user_00417,OD_000062
user_00418,OD_000531
user_00419,OD_000282
user_00420,OD_000459
user_00421,OD_000308
user_00422,OD_000186
user_00423,OD_000313
user_00424,OD_000012
user_00425,OD_000245
user_00426,OD_000215
user_00427,OD_000080
user_00428,OD_000068
user_00429,OD_000416
user_00430,OD_000394
user_00431,OD_000176
user_00432,OD_000590
user_00433,OD_000005
user_00434,OD_000048
user_00435,OD_000191
user_00436,OD_000186
user_00437,OD_000382
user_00438,OD_000418
user_00439,OD_000167
user_00440,OD_000028
user_00441,OD_000421
user_00442,OD_000252
user_00443,OD_000240
user_00444,OD_000577
user_00445,OD_000243
user_00446,OD_000065
user_00447,OD_000488
user_00448,OD_000220
user_00449,OD_000061
user_00450,OD_000428
user_00451,OD_000234
user_00452,OD_000551
user_00453,OD_000185
user_00454,OD_000330
user_00455,OD_000071
user_00456,OD_000274
user_00457,OD_000232
user_00458,OD_000080
user_00459,OD_000139
user_00460,OD_000593
user_00461,OD_000549
user_00462,OD_000005
user_00463,OD_000087
user_00464,OD_000279
user_00465,OD_000327
user_00466,OD_000282
user_00467,OD_000015
user_00468,OD_000025
user_00469,OD_000033
user_00470,OD_000556
user_00471,OD_000023
user_00472,OD_000326
user_00473,OD_000280
user_00474,OD_000348
user_00475,OD_000454
user_00476,OD_000033
user_00477,OD_000273
user_00478,OD_000142
user_00479,OD_000235
user_00480,OD_000361
user_00481,OD_000034
user_00482,OD_000045
user_00483,OD_000427
user_00484,OD_000412
user_00485,OD_000067
user_00486,OD_000117
user_00487,OD_000386
user_00488,OD_000024
user_00489,OD_000219
user_00490,OD_000308
user_00491,OD_000031
user_00492,OD_000308
user_00493,OD_000118
user_00494,OD_000237
user_00495,OD_000044
user_00496,OD_000303
user_00497,OD_000502
user_00498,OD_000463
user_00499,OD_000261
user_00500,OD_000490
user_00501,OD_000094
user_00502,OD_000333
user_00503,OD_000072
user_00504,OD_000020
user_00505,OD_000530
user_00506,OD_000536
user_00507,OD_000155
user_00508,OD_000127
user_00509,OD_000469
user_00510,OD_000446
user_00511,OD_000216
user_00512,OD_000114
user_00513,OD_000575
user_00514,OD_000327
user_00515,OD_000048
user_00516,OD_000049
user_00517,OD_000134
user_00518,OD_000334
user_00519,OD_000010
user_00520,OD_000167
user_00521,OD_000063
user_00522,OD_000549
user_00523,OD_000201
user_00524,OD_000054
user_00525,OD_000593
user_00526,OD_000413
user_00527,OD_000295
user_00528,OD_000301
user_00529,OD_000425
user_00530,OD_000001
user_00531,OD_000013
user_00532,OD_000325
user_00533,OD_000577
user_00534,OD_000131
user_00535,OD_000008
user_00536,OD_000200
user_00537,OD_000472
user_00538,OD_000378
user_00539,OD_000381
user_00540,OD_000212
user_00541,OD_000496
user_00542,OD_000531
user_00543,OD_000158
user_00544,OD_000337
user_00545,OD_000142
user_00546,OD_000378
user_00547,OD_000319
user_00548,OD_000290
user_00549,OD_000012
user_00550,OD_000293
user_00551,OD_000136
user_00552,OD_000143
user_00553,OD_000248
user_00554,OD_000187
user_00555,OD_000233
user_00556,OD_000139
user_00557,OD_000205
user_00558,OD_000207
user_00559,OD_000293
user_00560,OD_000430
user_00561,OD_000001
user_00562,OD_000027
user_00563,OD_000380
user_00564,OD_000263
user_00565,OD_000013
user_00566,OD_000158
user_00567,OD_000564
user_00568,OD_000497
user_00569,OD_000066
user_00570,OD_000327
user_00571,OD_000019
user_00572,OD_000201
user_00573,OD_000486
user_00574,OD_000223
user_00575,OD_000099
user_00576,OD_000267
user_00577,OD_000481
user_00578,OD_000339
user_00579,OD_000151
user_00580,OD_000145
user_00581,OD_000234
user_00582,OD_000161
user_00583,OD_000047
user_00584,OD_000192
user_00585,OD_000001
user_00586,OD_000042
user_00587,OD_000349
user_00588,OD_000348
user_00589,OD_000101
user_00590,OD_000123
user_00591,OD_000054
user_00592,OD_000056
user_00593,OD_000243
user_00594,OD_000034
user_00595,OD_000121
user_00596,OD_000335
user_00597,OD_000171
user_00598,OD_000334
user_00599,OD_000245
user_00600,OD_000334
user_00601,OD_000073
user_00602,OD_000412
user_00603,OD_000535
user_00604,OD_000030
user_00605,OD_000046
user_00606,OD_000341
user_00607,OD_000092
user_00608,OD_000268
user_00609,OD_000207
user_00610,OD_000270
user_00611,OD_000423
user_00612,OD_000321
user_00613,OD_000020
user_00614,OD_000176
user_00615,OD_000483
user_00616,OD_000008
user_00617,OD_000371
user_00618,OD_000432
user_00619,OD_000304
user_00620,OD_000154
user_00621,OD_000444
user_00622,OD_000449
user_00623,OD_000477
user_00624,OD_000333
user_00625,OD_000500
user_00626,OD_000280
user_00627,OD_000359
user_00628,OD_000357
user_00629,OD_000219
user_00630,OD_000376
user_00631,OD_000227
user_00632,OD_000184
user_00633,OD_000216
user_00634,OD_000447
user_00635,OD_000429
user_00636,OD_000014
user_00637,OD_000095
user_00638,OD_000426
user_00639,OD_000396
user_00640,OD_000326
user_00641,OD_000175
user_00642,OD_000461
user_00643,OD_000569
user_00644,OD_000279
user_00645,OD_000317
user_00646,OD_000291
user_00647,OD_000089
user_00648,OD_000189
user_00649,OD_000205
user_00650,OD_000072
user_00651,OD_000283
user_00652,OD_000033
user_00653,OD_000228
user_00654,OD_000405
user_00655,OD_000076
user_00656,OD_000207
user_00657,OD_000068
user_00658,OD_000077
user_00659,OD_000436
user_00660,OD_000392
user_00661,OD_000054
user_00662,OD_000010
user_00663,OD_000002
user_00664,OD_000234
user_00665,OD_000453
user_00666,OD_000097
user_00667,OD_000275
user_00668,OD_000093
user_00669,OD_000089
user_00670,OD_000179
user_00671,OD_000361
user_00672,OD_000427
user_00673,OD_000527
user_00674,OD_000472
user_00675,OD_000329
user_00676,OD_000553
user_00677,OD_000548
user_00678,OD_000254
user_00679,OD_000006
user_00680,OD_000409
user_00681,OD_000313
user_00682,OD_000035
user_00683,OD_000334
user_00684,OD_000045
user_00685,OD_000092
user_00686,OD_000497
user_00687,OD_000466
user_00688,OD_000130
user_00689,OD_000003
user_00690,OD_000186
user_00691,OD_000291
user_00692,OD_000179
user_00693,OD_000120
user_00694,OD_000350
user_00695,OD_000260
user_00696,OD_000067
user_00697,OD_000087
user_00698,OD_000076
user_00699,OD_000540
user_00700,OD_000519
user_00701,OD_000562
user_00702,OD_000562
user_00703,OD_000539
user_00704,OD_000419
user_00705,OD_000214
user_00706,OD_000158
user_00707,OD_000360
user_00708,OD_000020
user_00709,OD_000253
user_00710,OD_000116
user_00711,OD_000104
user_00712,OD_000342
user_00713,OD_000170
user_00714,OD_000451
user_00715,OD_000182
user_00716,OD_000236
user_00717,OD_000220
user_00718,OD_000275
user_00719,OD_000416
user_00720,OD_000005
user_00721,OD_000329
user_00722,OD_000157
user_00723,OD_000349
user_00724,OD_000108
user_00725,OD_000518
user_00726,OD_000036
user_00727,OD_000172
user_00728,OD_000072
user_00729,OD_000165
user_00730,OD_000154
user_00731,OD_000332
user_00732,OD_000122
user_00733,OD_000477
user_00734,OD_000070
user_00735,OD_000483
user_00736,OD_000232
user_00737,OD_000366
user_00738,OD_000480
user_00739,OD_000216
user_00740,OD_000146
user_00741,OD_000214
user_00742,OD_000011
user_00743,OD_000452
user_00744,OD_000172
user_00745,OD_000544
user_00746,OD_000490
user_00747,OD_000579
user_00748,OD_000308
user_00749,OD_000419
user_00750,OD_000093
user_00751,OD_000318
user_00752,OD_000217
user_00753,OD_000191
user_00754,OD_000095
user_00755,OD_000017
user_00756,OD_000592
user_00757,OD_000522
user_00758,OD_000015
user_00759,OD_000515
user_00760,OD_000038
user_00761,OD_000064
user_00762,OD_000256
user_00763,OD_000033
user_00764,OD_000574
user_00765,OD_000144
user_00766,OD_000280
user_00767,OD_000032
user_00768,OD_000490
user_00769,OD_000433
user_00770,OD_000414
user_00771,OD_000412
user_00772,OD_000173
user_00773,OD_000547
user_00774,OD_000298
user_00775,OD_000191
user_00776,OD_000208
user_00777,OD_000448
user_00778,OD_000111
user_00779,OD_000344
user_00780,OD_000426
user_00781,OD_000427
user_00782,OD_000249
user_00783,OD_000473
user_00784,OD_000200
user_00785,OD_000129
user_00786,OD_000008
user_00787,OD_000324
user_00788,OD_000050
user_00789,OD_000206
user_00790,OD_000243
user_00791,OD_000068
user_00792,OD_000474
user_00793,OD_000229
user_00794,OD_000585
user_00795,OD_000584
user_00796,OD_000172
user_00797,OD_000134
user_00798,OD_000420
user_00799,OD_000016
user_00800,OD_000503
user_00801,OD_000125
user_00802,OD_000113
user_00803,OD_000520
user_00804,OD_000051
user_00805,OD_000020
user_00806,OD_000294
user_00807,OD_000250
user_00808,OD_000472
user_00809,OD_000430
user_00810,OD_000206
user_00811,OD_000134
user_00812,OD_000295
user_00813,OD_000364
user_00814,OD_000166
user_00815,OD_000090
user_00816,OD_000265
user_00817,OD_000205
user_00818,OD_000227
user_00819,OD_000499
user_00820,OD_000251
user_00821,OD_000361
user_00822,OD_000090
user_00823,OD_000320
user_00824,OD_000411
user_00825,OD_000335
user_00826,OD_000240
user_00827,OD_000501
user_00828,OD_000379
user_00829,OD_000583
user_00830,OD_000436
user_00831,OD_000095
user_00832,OD_000433
user_00833,OD_000290
user_00834,OD_000306
user_00835,OD_000360
user_00836,OD_000517
user_00837,OD_000525
user_00838,OD_000335
user_00839,OD_000074
user_00840,OD_000003
user_00841,OD_000476
user_00842,OD_000271
user_00843,OD_000382
user_00844,OD_000385
user_00845,OD_000153
user_00846,OD_000241
user_00847,OD_000463
user_00848,OD_000114
user_00849,OD_000436
user_00850,OD_000314
user_00851,OD_000473
user_00852,OD_000241
user_00853,OD_000327
user_00854,OD_000048
user_00855,OD_000254
user_00856,OD_000175
user_00857,OD_000276
user_00858,OD_000396
user_00859,OD_000134
user_00860,OD_000257
user_00861,OD_000452
user_00862,OD_000372
user_00863,OD_000460
user_00864,OD_000042
user_00865,OD_000047
user_00866,OD_000240
user_00867,OD_000177
user_00868,OD_000353
user_00869,OD_000292
user_00870,OD_000419
user_00871,OD_000294
user_00872,OD_000128
user_00873,OD_000323
user_00874,OD_000568
user_00875,OD_000401
user_00876,OD_000007
user_00877,OD_000545
user_00878,OD_000184
user_00879,OD_000455
user_00880,OD_000260
user_00881,OD_000261
user_00882,OD_000239
user_00883,OD_000025
user_00884,OD_000246
user_00885,OD_000044
user_00886,OD_000085
user_00887,OD_000439
user_00888,OD_000313
user_00889,OD_000002
user_00890,OD_000381
user_00891,OD_000166
user_00892,OD_000287
user_00893,OD_000077
user_00894,OD_000170
user_00895,OD_000483
user_00896,OD_000245
user_00897,OD_000575
user_00898,OD_000151
user_00899,OD_000245
user_00900,OD_000274
user_00901,OD_000363
user_00902,OD_000503
user_00903,OD_000208
user_00904,OD_000268
user_00905,OD_000460
user_00906,OD_000065
user_00907,OD_000274
user_00908,OD_000064
user_00909,OD_000388
user_00910,OD_000592
user_00911,OD_000505
user_00912,OD_000300
user_00913,OD_000551
user_00914,OD_000015
user_00915,OD_000042
user_00916,OD_000253
user_00917,OD_000252
user_00918,OD_000271
user_00919,OD_000042
user_00920,OD_000346
user_00921,OD_000148
user_00922,OD_000223
user_00923,OD_000169
user_00924,OD_000531
user_00925,OD_000281
user_00926,OD_000170
user_00927,OD_000020
user_00928,OD_000295
user_00929,OD_000303
user_00930,OD_000146
user_00931,OD_000220
user_00932,OD_000508
user_00933,OD_000343
user_00934,OD_000472
user_00935,OD_000205
user_00936,OD_000008
user_00937,OD_000251
user_00938,OD_000028
user_00939,OD_000161
user_00940,OD_000254
user_00941,OD_000236
user_00942,OD_000234
user_00943,OD_000324
user_00944,OD_000015
user_00945,OD_000422
user_00946,OD_000511
user_00947,OD_000083
user_00948,OD_000136
user_00949,OD_000229
user_00950,OD_000111
user_00951,OD_000284
user_00952,OD_000160
user_00953,OD_000440
user_00954,OD_000095
user_00955,OD_000231
user_00956,OD_000463
user_00957,OD_000069
user_00958,OD_000049
user_00959,OD_000475
user_00960,OD_000091
user_00961,OD_000316
user_00962,OD_000139
user_00963,OD_000144
user_00964,OD_000010
user_00965,OD_000033
user_00966,OD_000307
user_00967,OD_000372
user_00968,OD_000016
user_00969,OD_000027
user_00970,OD_000003
user_00971,OD_000075
user_00972,OD_000426
user_00973,OD_000008
user_00974,OD_000334
user_00975,OD_000559
user_00976,OD_000175
user_00977,OD_000528
user_00978,OD_000146
user_00979,OD_000499
user_00980,OD_000122
user_00981,OD_000302
user_00982,OD_000337
user_00983,OD_000163
user_00984,OD_000259
user_00985,OD_000108
user_00986,OD_000043
user_00987,OD_000029
user_00988,OD_000419
user_00989,OD_000187
user_00990,OD_000447
user_00991,OD_000158
user_00992,OD_000425
user_00993,OD_000031
user_00994,OD_000074
user_00995,OD_000461
user_00996,OD_000002
user_00997,OD_000374
user_00998,OD_000036
user_00999,OD_000011
user_01000,OD_000416
user_01001,OD_000394
user_01002,OD_000418
user_01003,OD_000257
user_01004,OD_000087
user_01005,OD_000294
user_01006,OD_000202
user_01007,OD_000326
user_01008,OD_000052
user_01009,OD_000394
user_01010,OD_000258
user_01011,OD_000285
user_01012,OD_000320
user_01013,OD_000540
user_01014,OD_000162
user_01015,OD_000214
user_01016,OD_000458
user_01017,OD_000252
user_01018,OD_000482
user_01019,OD_000110
user_01020,OD_000240
user_01021,OD_000172
user_01022,OD_000049
user_01023,OD_000050
user_01024,OD_000216
user_01025,OD_000343
user_01026,OD_000289
user_01027,OD_000267
user_01028,OD_000496
user_01029,OD_000244
user_01030,OD_000352
user_01031,OD_000163
user_01032,OD_000507
user_01033,OD_000561
user_01034,OD_000279
user_01035,OD_000498
user_01036,OD_000567
user_01037,OD_000430
user_01038,OD_000498
user_01039,OD_000571
user_01040,OD_000194
user_01041,OD_000448
user_01042,OD_000055
user_01043,OD_000117
user_01044,OD_000275
user_01045,OD_000039
user_01046,OD_000521
user_01047,OD_000015
user_01048,OD_000037
user_01049,OD_000127
user_01050,OD_000034
user_01051,OD_000498
user_01052,OD_000136
user_01053,OD_000052
user_01054,OD_000152
user_01055,OD_000177
user_01056,OD_000460
user_01057,OD_000514
user_01058,OD_000189
user_01059,OD_000203
user_01060,OD_000213
user_01061,OD_000340
user_01062,OD_000038
user_01063,OD_000029
user_01064,OD_000285
user_01065,OD_000060
user_01066,OD_000276
user_01067,OD_000476
user_01068,OD_000073
user_01069,OD_000351
user_01070,OD_000516
user_01071,OD_000029
user_01072,OD_000216
user_01073,OD_000538
user_01074,OD_000140
user_01075,OD_000069
user_01076,OD_000556
user_01077,OD_000335
user_01078,OD_000152
user_01079,OD_000399
user_01080,OD_000088
user_01081,OD_000530
user_01082,OD_000404
user_01083,OD_000165
user_01084,OD_000226
user_01085,OD_000384
user_01086,OD_000010
user_01087,OD_000015
user_01088,OD_000396
user_01089,OD_000420
user_01090,OD_000175
user_01091,OD_000429
user_01092,OD_000585
user_01093,OD_000175
user_01094,OD_000173
user_01095,OD_000469
user_01096,OD_000045
user_01097,OD_000527
user_01098,OD_000043
user_01099,OD_000090
user_01100,OD_000275
user_01101,OD_000395
user_01102,OD_000194
user_01103,OD_000476
user_01104,OD_000097
user_01105,OD_000114
user_01106,OD_000517
user_01107,OD_000496
user_01108,OD_000203
user_01109,OD_000544
user_01110,OD_000393
user_01111,OD_000291
user_01112,OD_000048
user_01113,OD_000044
user_01114,OD_000488
user_01115,OD_000196
user_01116,OD_000142
user_01117,OD_000273
user_01118,OD_000151
user_01119,OD_000283
user_01120,OD_000207
user_01121,OD_000074
user_01122,OD_000287
user_01123,OD_000171
user_01124,OD_000320
user_01125,OD_000249
user_01126,OD_000099
user_01127,OD_000007
user_01128,OD_000469
user_01129,OD_000169
user_01130,OD_000348
user_01131,OD_000268
user_01132,OD_000190
user_01133,OD_000392
user_01134,OD_000099
user_01135,OD_000016
user_01136,OD_000158
user_01137,OD_000465
user_01138,OD_000576
user_01139,OD_000349
user_01140,OD_000250
user_01141,OD_000056
user_01142,OD_000294
user_01143,OD_000351
user_01144,OD_000310
user_01145,OD_000341
user_01146,OD_000199
user_01147,OD_000078
user_01148,OD_000383
user_01149,OD_000293
user_01150,OD_000474
user_01151,OD_000137
user_01152,OD_000074
user_01153,OD_000379
user_01154,OD_000011
user_01155,OD_000121
user_01156,OD_000153
user_01157,OD_000103
user_01158,OD_000020
user_01159,OD_000322
user_01160,OD_000106
user_01161,OD_000090
user_01162,OD_000347
user_01163,OD_000562
user_01164,OD_000297
user_01165,OD_000334
user_01166,OD_000074
user_01167,OD_000103
user_01168,OD_000367
user_01169,OD_000472
user_01170,OD_000571
user_01171,OD_000228
user_01172,OD_000285
user_01173,OD_000343
user_01174,OD_000269
user_01175,OD_000471
user_01176,OD_000323
user_01177,OD_000420
user_01178,OD_000148
user_01179,OD_000306
user_01180,OD_000127
user_01181,OD_000348
user_01182,OD_000359
user_01183,OD_000283
user_01184,OD_000038
user_01185,OD_000052
user_01186,OD_000107
user_01187,OD_000002
user_01188,OD_000083
user_01189,OD_000290
user_01190,OD_000046
user_01191,OD_000235
user_01192,OD_000123
user_01193,OD_000232
user_01194,OD_000534
user_01195,OD_000479
user_01196,OD_000046
user_01197,OD_000267
user_01198,OD_000387
user_01199,OD_000368
user_01200,OD_000414
user_01201,OD_000389
user_01202,OD_000500
user_01203,OD_000048
user_01204,OD_000465
user_01205,OD_000418
user_01206,OD_000124
user_01207,OD_000021
user_01208,OD_000283
user_01209,OD_000252
user_01210,OD_000374
user_01211,OD_000033
user_01212,OD_000366
user_01213,OD_000145
user_01214,OD_000147
user_01215,OD_000393
user_01216,OD_000559
user_01217,OD_000519
user_01218,OD_000463
user_01219,OD_000263
user_01220,OD_000208
user_01221,OD_000374
user_01222,OD_000108
user_01223,OD_000055
user_01224,OD_000097
user_01225,OD_000082
user_01226,OD_000069
user_01227,OD_000118
user_01228,OD_000079
user_01229,OD_000374
user_01230,OD_000059
user_01231,OD_000087
user_01232,OD_000017
user_01233,OD_000172
user_01234,OD_000154
user_01235,OD_000480
user_01236,OD_000088
user_01237,OD_000030
user_01238,OD_000050
user_01239,OD_000002
user_01240,OD_000214
user_01241,OD_000517
user_01242,OD_000092
user_01243,OD_000158
user_01244,OD_000023
user_01245,OD_000276
user_01246,OD_000217
user_01247,OD_000018
user_01248,OD_000462
user_01249,OD_000007
user_01250,OD_000071
user_01251,OD_000367
user_01252,OD_000167
user_01253,OD_000192
user_01254,OD_000024
user_01255,OD_000184
user_01256,OD_000409
user_01257,OD_000274
user_01258,OD_000496
user_01259,OD_000119
user_01260,OD_000040
user_01261,OD_000359
user_01262,OD_000332
user_01263,OD_000463
user_01264,OD_000076
user_01265,OD_000410
user_01266,OD_000179
user_01267,OD_000036
user_01268,OD_000533
user_01269,OD_000596
user_01270,OD_000055
user_01271,OD_000058
user_01272,OD_000053
user_01273,OD_000325
user_01274,OD_000591
user_01275,OD_000249
user_01276,OD_000580
user_01277,OD_000001
user_01278,OD_000256
user_01279,OD_000434
user_01280,OD_000403
user_01281,OD_000198
user_01282,OD_000340
user_01283,OD_000061
user_01284,OD_000407
user_01285,OD_000154
user_01286,OD_000036
user_01287,OD_000061
user_01288,OD_000127
user_01289,OD_000366
user_01290,OD_000269
user_01291,OD_000479
user_01292,OD_000077
user_01293,OD_000460
user_01294,OD_000034
user_01295,OD_000586
user_01296,OD_000492
user_01297,OD_000496
user_01298,OD_000467
user_01299,OD_000198
user_01300,OD_000479
user_01301,OD_000085
user_01302,OD_000098
user_01303,OD_000326
user_01304,OD_000047
user_01305,OD_000193
user_01306,OD_000166
user_01307,OD_000271
user_01308,OD_000412
user_01309,OD_000408
user_01310,OD_000125
user_01311,OD_000511
user_01312,OD_000149
user_01313,OD_000228
user_01314,OD_000377
user_01315,OD_000102
user_01316,OD_000061
user_01317,OD_000488
user_01318,OD_000558
user_01319,OD_000330
user_01320,OD_000346
user_01321,OD_000060
user_01322,OD_000239
user_01323,OD_000123
user_01324,OD_000047
user_01325,OD_000412
user_01326,OD_000352
user_01327,OD_000337
user_01328,OD_000114
user_01329,OD_000088
user_01330,OD_000118
user_01331,OD_000189
user_01332,OD_000508
user_01333,OD_000344
user_01334,OD_000008
user_01335,OD_000361
user_01336,OD_000010
user_01337,OD_000480
user_01338,OD_000230
user_01339,OD_000067
user_01340,OD_000323
user_01341,OD_000221
user_01342,OD_000231
user_01343,OD_000514
user_01344,OD_000202
user_01345,OD_000444
user_01346,OD_000215
user_01347,OD_000063
user_01348,OD_000543
user_01349,OD_000106
user_01350,OD_000134
user_01351,OD_000114
user_01352,OD_000107
user_01353,OD_000107
user_01354,OD_000324
user_01355,OD_000076
user_01356,OD_000031
user_01357,OD_000105
user_01358,OD_000278
user_01359,OD_000295
user_01360,OD_000212
user_01361,OD_000068
user_01362,OD_000323
user_01363,OD_000057
user_01364,OD_000137
user_01365,OD_000435
user_01366,OD_000521
user_01367,OD_000176
user_01368,OD_000416
user_01369,OD_000576
user_01370,OD_000393
user_01371,OD_000311
user_01372,OD_000391
user_01373,OD_000491
user_01374,OD_000320
user_01375,OD_000204
user_01376,OD_000333
user_01377,OD_000256
user_01378,OD_000432
user_01379,OD_000162
user_01380,OD_000051
user_01381,OD_000488
user_01382,OD_000435
user_01383,OD_000248
user_01384,OD_000242
user_01385,OD_000397
user_01386,OD_000321
user_01387,OD_000322
user_01388,OD_000120
user_01389,OD_000149
user_01390,OD_000541
user_01391,OD_000519
user_01392,OD_000211
user_01393,OD_000224
user_01394,OD_000221
user_01395,OD_000133
user_01396,OD_000098
user_01397,OD_000050
user_01398,OD_000130
user_01399,OD_000040
user_01400,OD_000399
user_01401,OD_000573
user_01402,OD_000317
user_01403,OD_000320
user_01404,OD_000007
user_01405,OD_000014
user_01406,OD_000112
user_01407,OD_000175
user_01408,OD_000270
user_01409,OD_000098
user_01410,OD_000265
user_01411,OD_000304
user_01412,OD_000289
user_01413,OD_000443
user_01414,OD_000064
user_01415,OD_000399
user_01416,OD_000108
user_01417,OD_000015
user_01418,OD_000516
user_01419,OD_000093
user_01420,OD_000090
user_01421,OD_000105
user_01422,OD_000289
user_01423,OD_000325
user_01424,OD_000007
user_01425,OD_000267
user_01426,OD_000083
user_01427,OD_000302
user_01428,OD_000197
user_01429,OD_000277
user_01430,OD_000076
user_01431,OD_000309
user_01432,OD_000303
user_01433,OD_000307
user_01434,OD_000225
user_01435,OD_000141
user_01436,OD_000312
user_01437,OD_000308
user_01438,OD_000423
user_01439,OD_000100
user_01440,OD_000156
user_01441,OD_000110
user_01442,OD_000501
user_01443,OD_000352
user_01444,OD_000289
user_01445,OD_000442
user_01446,OD_000298
user_01447,OD_000394
user_01448,OD_000012
user_01449,OD_000335
user_01450,OD_000397
user_01451,OD_000409
user_01452,OD_000214
user_01453,OD_000173
user_01454,OD_000285
user_01455,OD_000236
user_01456,OD_000505
user_01457,OD_000477
user_01458,OD_000302
user_01459,OD_000123
user_01460,OD_000379
user_01461,OD_000171
user_01462,OD_000574
user_01463,OD_000571
user_01464,OD_000366
user_01465,OD_000571
user_01466,OD_000314
user_01467,OD_000407
user_01468,OD_000223
user_01469,OD_000524
user_01470,OD_000073
user_01471,OD_000257
user_01472,OD_000542
user_01473,OD_000344
user_01474,OD_000564
user_01475,OD_000198
user_01476,OD_000556
user_01477,OD_000292
user_01478,OD_000069
user_01479,OD_000122
user_01480,OD_000568
user_01481,OD_000317
user_01482,OD_000423
user_01483,OD_000376
user_01484,OD_000011
user_01485,OD_000297
user_01486,OD_000592
user_01487,OD_000063
user_01488,OD_000141
user_01489,OD_000418
user_01490,OD_000029
user_01491,OD_000397
user_01492,OD_000148
user_01493,OD_000170
user_01494,OD_000471
user_01495,OD_000051
user_01496,OD_000047
user_01497,OD_000145
user_01498,OD_000581
user_01499,OD_000367
user_01500,OD_000007
user_01501,OD_000067
user_01502,OD_000072
user_01503,OD_000364
user_01504,OD_000173
user_01505,OD_000080
user_01506,OD_000040
user_01507,OD_000142
user_01508,OD_000027
user_01509,OD_000513
user_01510,OD_000327
user_01511,OD_000054
user_01512,OD_000244
user_01513,OD_000395
user_01514,OD_000393
user_01515,OD_000060
user_01516,OD_000058
user_01517,OD_000030
user_01518,OD_000202
user_01519,OD_000228
user_01520,OD_000011
user_01521,OD_000481
user_01522,OD_000420
user_01523,OD_000292
user_01524,OD_000430
user_01525,OD_000083
user_01526,OD_000217
user_01527,OD_000066
user_01528,OD_000010
user_01529,OD_000247
user_01530,OD_000544
user_01531,OD_000509
user_01532,OD_000482
user_01533,OD_000333
user_01534,OD_000129
user_01535,OD_000259
user_01536,OD_000178
user_01537,OD_000473
user_01538,OD_000147
user_01539,OD_000065
user_01540,OD_000310
user_01541,OD_000116
user_01542,OD_000525
user_01543,OD_000297
user_01544,OD_000204
user_01545,OD_000102
user_01546,OD_000012
user_01547,OD_000248
user_01548,OD_000430
user_01549,OD_000438
user_01550,OD_000179
user_01551,OD_000078
user_01552,OD_000018
user_01553,OD_000083
user_01554,OD_000313
user_01555,OD_000200
user_01556,OD_000082
user_01557,OD_000284
user_01558,OD_000510
user_01559,OD_000091
user_01560,OD_000008
user_01561,OD_000056
user_01562,OD_000009
user_01563,OD_000089
user_01564,OD_000548
user_01565,OD_000531
user_01566,OD_000038
user_01567,OD_000066
user_01568,OD_000436
user_01569,OD_000348
user_01570,OD_000386
user_01571,OD_000188
user_01572,OD_000087
user_01573,OD_000342
user_01574,OD_000388
user_01575,OD_000430
user_01576,OD_000071
user_01577,OD_000167
user_01578,OD_000012
user_01579,OD_000202
user_01580,OD_000377
user_01581,OD_000219
user_01582,OD_000475
user_01583,OD_000444
user_01584,OD_000456
user_01585,OD_000004
user_01586,OD_000064
user_01587,OD_000003
user_01588,OD_000501
user_01589,OD_000155
user_01590,OD_000464
user_01591,OD_000215
user_01592,OD_000315
user_01593,OD_000171
user_01594,OD_000015
user_01595,OD_000085
user_01596,OD_000429
user_01597,OD_000152
user_01598,OD_000142
user_01599,OD_000161
user_01600,OD_000007
user_01601,OD_000180
user_01602,OD_000044
user_01603,OD_000038
user_01604,OD_000395
user_01605,OD_000280
user_01606,OD_000111
user_01607,OD_000334
user_01608,OD_000062
user_01609,OD_000272
user_01610,OD_000336
user_01611,OD_000037
user_01612,OD_000379
user_01613,OD_000151
user_01614,OD_000440
user_01615,OD_000510
user_01616,OD_000198
user_01617,OD_000189
user_01618,OD_000446
user_01619,OD_000348
user_01620,OD_000455
user_01621,OD_000486
user_01622,OD_000491
user_01623,OD_000148
user_01624,OD_000082
user_01625,OD_000331
user_01626,OD_000461
user_01627,OD_000106
user_01628,OD_000359
user_01629,OD_000118
user_01630,OD_000070
user_01631,OD_000577
user_01632,OD_000281
user_01633,OD_000428
user_01634,OD_000352
user_01635,OD_000399
user_01636,OD_000275
user_01637,OD_000402
user_01638,OD_000210
user_01639,OD_000001
user_01640,OD_000555
user_01641,OD_000102
user_01642,OD_000585
user_01643,OD_000556
user_01644,OD_000198
user_01645,OD_000400
user_01646,OD_000299
user_01647,OD_000183
user_01648,OD_000053
user_01649,OD_000070
user_01650,OD_000053
user_01651,OD_000557
user_01652,OD_000464
user_01653,OD_000098
user_01654,OD_000134
user_01655,OD_000462
user_01656,OD_000282
user_01657,OD_000354
user_01658,OD_000206
user_01659,OD_000295
user_01660,OD_000302
user_01661,OD_000529
user_01662,OD_000150
user_01663,OD_000068
user_01664,OD_000465
user_01665,OD_000501
user_01666,OD_000036
user_01667,OD_000021
user_01668,OD_000181
user_01669,OD_000289
user_01670,OD_000142
user_01671,OD_000326
user_01672,OD_000549
user_01673,OD_000106
user_01674,OD_000453
user_01675,OD_000272
user_01676,OD_000173
user_01677,OD_000078
user_01678,OD_000435
user_01679,OD_000102
user_01680,OD_000042
user_01681,OD_000073
user_01682,OD_000380
user_01683,OD_000205
user_01684,OD_000237
user_01685,OD_000388
user_01686,OD_000004
user_01687,OD_000346
user_01688,OD_000215
user_01689,OD_000027
user_01690,OD_000223
user_01691,OD_000332
user_01692,OD_000074
user_01693,OD_000030
user_01694,OD_000569
user_01695,OD_000284
user_01696,OD_000146
user_01697,OD_000177
user_01698,OD_000135
user_01699,OD_000218
user_01700,OD_000521
user_01701,OD_000130
user_01702,OD_000141
user_01703,OD_000210
user_01704,OD_000064
user_01705,OD_000011
user_01706,OD_000536
user_01707,OD_000123
user_01708,OD_000400
user_01709,OD_000539
user_01710,OD_000168
user_01711,OD_000292
user_01712,OD_000053
user_01713,OD_000266
user_01714,OD_000344
user_01715,OD_000476
user_01716,OD_000262
user_01717,OD_000478
user_01718,OD_000051
user_01719,OD_000521
user_01720,OD_000041
user_01721,OD_000329
user_01722,OD_000214
user_01723,OD_000210
user_01724,OD_000055
user_01725,OD_000050
user_01726,OD_000328
user_01727,OD_000567
user_01728,OD_000341
user_01729,OD_000033
user_01730,OD_000048
user_01731,OD_000073
user_01732,OD_000116
user_01733,OD_000338
user_01734,OD_000183
user_01735,OD_000136
user_01736,OD_000036
user_01737,OD_000076
user_01738,OD_000211
user_01739,OD_000067
user_01740,OD_000203
user_01741,OD_000183
user_01742,OD_000224
user_01743,OD_000365
user_01744,OD_000020
user_01745,OD_000425
user_01746,OD_000497
user_01747,OD_000011
user_01748,OD_000437
user_01749,OD_000519
user_01750,OD_000192
user_01751,OD_000122
user_01752,OD_000275
user_01753,OD_000418
user_01754,OD_000570
user_01755,OD_000440
user_01756,OD_000029
user_01757,OD_000304
user_01758,OD_000222
user_01759,OD_000064
user_01760,OD_000108
user_01761,OD_000190
user_01762,OD_000015
user_01763,OD_000245
user_01764,OD_000042
user_01765,OD_000454
user_01766,OD_000262
user_01767,OD_000051
user_01768,OD_000029
user_01769,OD_000438
user_01770,OD_000093
user_01771,OD_000035
user_01772,OD_000206
user_01773,OD_000121
user_01774,OD_000273
user_01775,OD_000198
user_01776,OD_000195
user_01777,OD_000190
user_01778,OD_000453
user_01779,OD_000391
user_01780,OD_000025
user_01781,OD_000084
user_01782,OD_000282
user_01783,OD_000506
user_01784,OD_000313
user_01785,OD_000318
user_01786,OD_000395
user_01787,OD_000017
user_01788,OD_000227
user_01789,OD_000037
user_01790,OD_000012
user_01791,OD_000190
user_01792,OD_000007
user_01793,OD_000266
user_01794,OD_000301
user_01795,OD_000057
user_01796,OD_000536
user_01797,OD_000573
user_01798,OD_000037
user_01799,OD_000393
user_01800,OD_000397
user_01801,OD_000413
user_01802,OD_000234
user_01803,OD_000181
user_01804,OD_000039
user_01805,OD_000251
user_01806,OD_000024
user_01807,OD_000195
user_01808,OD_000335
user_01809,OD_000039
user_01810,OD_000577
user_01811,OD_000403
user_01812,OD_000380
user_01813,OD_000052
user_01814,OD_000255
user_01815,OD_000371
user_01816,OD_000437
user_01817,OD_000084
user_01818,OD_000312
user_01819,OD_000427
user_01820,OD_000572
user_01821,OD_000219
user_01822,OD_000265
user_01823,OD_000299
user_01824,OD_000298
user_01825,OD_000443
user_01826,OD_000147
user_01827,OD_000118
user_01828,OD_000547
user_01829,OD_000398
user_01830,OD_000017
user_01831,OD_000162
user_01832,OD_000019
user_01833,OD_000425
user_01834,OD_000248
user_01835,OD_000076
user_01836,OD_000021
user_01837,OD_000473
user_01838,OD_000058
user_01839,OD_000529
user_01840,OD_000310
user_01841,OD_000354
user_01842,OD_000173
user_01843,OD_000269
user_01844,OD_000034
user_01845,OD_000171
user_01846,OD_000002
user_01847,OD_000174
user_01848,OD_000175
user_01849,OD_000472
user_01850,OD_000321
user_01851,OD_000060
user_01852,OD_000178
user_01853,OD_000064
user_01854,OD_000309
user_01855,OD_000480
user_01856,OD_000226
user_01857,OD_000061
user_01858,OD_000176
user_01859,OD_000125
user_01860,OD_000374
user_01861,OD_000528
user_01862,OD_000365
user_01863,OD_000407
user_01864,OD_000331
user_01865,OD_000193
user_01866,OD_000172
user_01867,OD_000145
user_01868,OD_000173
user_01869,OD_000308
user_01870,OD_000322
user_01871,OD_000097
user_01872,OD_000180
user_01873,OD_000005
user_01874,OD_000504
user_01875,OD_000533
user_01876,OD_000341
user_01877,OD_000165
user_01878,OD_000144
user_01879,OD_000536
user_01880,OD_000025
user_01881,OD_000174
user_01882,OD_000552
user_01883,OD_000038
user_01884,OD_000321
user_01885,OD_000045
user_01886,OD_000008
user_01887,OD_000438
user_01888,OD_000426
user_01889,OD_000005
user_01890,OD_000048
user_01891,OD_000500
user_01892,OD_000092
user_01893,OD_000170
user_01894,OD_000003
user_01895,OD_000434
user_01896,OD_000270
user_01897,OD_000059
user_01898,OD_000012
user_01899,OD_000178
user_01900,OD_000467
user_01901,OD_000029
user_01902,OD_000555
user_01903,OD_000297
user_01904,OD_000339
user_01905,OD_000500
user_01906,OD_000222
user_01907,OD_000058
user_01908,OD_000057
user_01909,OD_000273
user_01910,OD_000412
user_01911,OD_000023
user_01912,OD_000553
user_01913,OD_000177
user_01914,OD_000387
user_01915,OD_000370
user_01916,OD_000457
user_01917,OD_000115
user_01918,OD_000320
user_01919,OD_000031
user_01920,OD_000021
user_01921,OD_000032
user_01922,OD_000121
user_01923,OD_000453
user_01924,OD_000325
user_01925,OD_000017
user_01926,OD_000342
user_01927,OD_000052
user_01928,OD_000113
user_01929,OD_000442
user_01930,OD_000062
user_01931,OD_000379
user_01932,OD_000005
user_01933,OD_000407
user_01934,OD_000127
user_01935,OD_000413
user_01936,OD_000538
user_01937,OD_000403
user_01938,OD_000070
user_01939,OD_000135
user_01940,OD_000169
user_01941,OD_000037
user_01942,OD_000484
user_01943,OD_000595
user_01944,OD_000011
user_01945,OD_000027
user_01946,OD_000162
user_01947,OD_000541
user_01948,OD_000405
user_01949,OD_000055
user_01950,OD_000042
user_01951,OD_000092
user_01952,OD_000493
user_01953,OD_000275
user_01954,OD_000282
user_01955,OD_000079
user_01956,OD_000218
user_01957,OD_000445
user_01958,OD_000446
user_01959,OD_000518
user_01960,OD_000087
user_01961,OD_000081
user_01962,OD_000177
user_01963,OD_000513
user_01964,OD_000082
user_01965,OD_000081
user_01966,OD_000030
user_01967,OD_000099
user_01968,OD_000514
user_01969,OD_000269
user_01970,OD_000145
user_01971,OD_000024
user_01972,OD_000115
user_01973,OD_000491
user_01974,OD_000094
user_01975,OD_000391
user_01976,OD_000196
user_01977,OD_000121
user_01978,OD_000021
user_01979,OD_000300
user_01980,OD_000415
user_01981,OD_000170
user_01982,OD_000145
user_01983,OD_000212
user_01984,OD_000275
user_01985,OD_000523
user_01986,OD_000170
user_01987,OD_000225
user_01988,OD_000470
user_01989,OD_000036
user_01990,OD_000113
user_01991,OD_000129
user_01992,OD_000435
user_01993,OD_000246
user_01994,OD_000277
user_01995,OD_000164
user_01996,OD_000554
user_01997,OD_000217
user_01998,OD_000279
user_01999,OD_000456
user_02000,OD_000317
user_02001,OD_000066
user_02002,OD_000393
user_02003,OD_000044
user_02004,OD_000094
user_02005,OD_000177
user_02006,OD_000356
user_02007,OD_000129
user_02008,OD_000017
user_02009,OD_000002
user_02010,OD_000068
user_02011,OD_000018
user_02012,OD_000267
user_02013,OD_000128
user_02014,OD_000376
user_02015,OD_000121
user_02016,OD_000145
user_02017,OD_000288
user_02018,OD_000216
user_02019,OD_000388
user_02020,OD_000261
user_02021,OD_000278
user_02022,OD_000051
user_02023,OD_000316
user_02024,OD_000462
user_02025,OD_000504
user_02026,OD_000306
user_02027,OD_000113
user_02028,OD_000334
user_02029,OD_000320
user_02030,OD_000600
user_02031,OD_000330
user_02032,OD_000194
user_02033,OD_000338
user_02034,OD_000385
user_02035,OD_000425
user_02036,OD_000293
user_02037,OD_000123
user_02038,OD_000054
user_02039,OD_000414
user_02040,OD_000157
user_02041,OD_000035
user_02042,OD_000511
user_02043,OD_000044
user_02044,OD_000213
user_02045,OD_000103
user_02046,OD_000232
user_02047,OD_000137
user_02048,OD_000128
user_02049,OD_000223
user_02050,OD_000515
user_02051,OD_000068
user_02052,OD_000506
user_02053,OD_000185
user_02054,OD_000176
user_02055,OD_000238
user_02056,OD_000050
user_02057,OD_000272
user_02058,OD_000380
user_02059,OD_000400
user_02060,OD_000160
user_02061,OD_000178
user_02062,OD_000520
user_02063,OD_000194
user_02064,OD_000200
user_02065,OD_000299
user_02066,OD_000466
user_02067,OD_000276
user_02068,OD_000561
user_02069,OD_000478
user_02070,OD_000207
user_02071,OD_000181
user_02072,OD_000376
user_02073,OD_000097
user_02074,OD_000195
user_02075,OD_000160
user_02076,OD_000342
user_02077,OD_000069
user_02078,OD_000370
user_02079,OD_000182
user_02080,OD_000386
user_02081,OD_000007
user_02082,OD_000047
user_02083,OD_000277
user_02084,OD_000040
user_02085,OD_000061
user_02086,OD_000031
user_02087,OD_000085
user_02088,OD_000253
user_02089,OD_000340
user_02090,OD_000200
user_02091,OD_000128
user_02092,OD_000377
user_02093,OD_000026
user_02094,OD_000445
user_02095,OD_000274
user_02096,OD_000053
user_02097,OD_000492
user_02098,OD_000010
user_02099,OD_000241
user_02100,OD_000546
user_02101,OD_000233
user_02102,OD_000146
user_02103,OD_000155
user_02104,OD_000079
user_02105,OD_000086
user_02106,OD_000304
user_02107,OD_000140
user_02108,OD_000210
user_02109,OD_000165
user_02110,OD_000474
user_02111,OD_000361
user_02112,OD_000287
user_02113,OD_000006
user_02114,OD_000479
user_02115,OD_000149
user_02116,OD_000160
user_02117,OD_000495
user_02118,OD_000038
user_02119,OD_000160
user_02120,OD_000103
user_02121,OD_000128
user_02122,OD_000511
user_02123,OD_000233
user_02124,OD_000349
user_02125,OD_000018
user_02126,OD_000037
user_02127,OD_000085
user_02128,OD_000006
user_02129,OD_000468
user_02130,OD_000142
user_02131,OD_000040
user_02132,OD_000029
user_02133,OD_000068
user_02134,OD_000044
user_02135,OD_000235
user_02136,OD_000083
user_02137,OD_000561
user_02138,OD_000285
user_02139,OD_000257
user_02140,OD_000033
user_02141,OD_000148
user_02142,OD_000081
user_02143,OD_000422
user_02144,OD_000128
user_02145,OD_000380
user_02146,OD_000108
user_02147,OD_000237
user_02148,OD_000448
user_02149,OD_000561
user_02150,OD_000219
user_02151,OD_000298
user_02152,OD_000420
user_02153,OD_000052
user_02154,OD_000441
user_02155,OD_000557
user_02156,OD_000575
user_02157,OD_000230
user_02158,OD_000310
user_02159,OD_000372
user_02160,OD_000046
user_02161,OD_000320
user_02162,OD_000028
user_02163,OD_000183
user_02164,OD_000515
user_02165,OD_000567
user_02166,OD_000093
user_02167,OD_000426
user_02168,OD_000180
user_02169,OD_000242
user_02170,OD_000304
user_02171,OD_000098
user_02172,OD_000357
user_02173,OD_000414
user_02174,OD_000484
user_02175,OD_000331
user_02176,OD_000382
user_02177,OD_000505
user_02178,OD_000331
user_02179,OD_000227
user_02180,OD_000122
user_02181,OD_000109
user_02182,OD_000355
user_02183,OD_000382
user_02184,OD_000193
user_02185,OD_000320
user_02186,OD_000265
user_02187,OD_000554
user_02188,OD_000056
user_02189,OD_000223
user_02190,OD_000043
user_02191,OD_000319
user_02192,OD_000049
user_02193,OD_000371
user_02194,OD_000093
user_02195,OD_000569
user_02196,OD_000254
user_02197,OD_000168
user_02198,OD_000231
user_02199,OD_000191
user_02200,OD_000099
user_02201,OD_000280
user_02202,OD_000410
user_02203,OD_000571
user_02204,OD_000060
user_02205,OD_000082
user_02206,OD_000333
user_02207,OD_000463
user_02208,OD_000597
user_02209,OD_000082
user_02210,OD_000388
user_02211,OD_000312
user_02212,OD_000364
user_02213,OD_000049
user_02214,OD_000030
user_02215,OD_000456
user_02216,OD_000088
user_02217,OD_000359
user_02218,OD_000523
user_02219,OD_000004
user_02220,OD_000568
user_02221,OD_000523
user_02222,OD_000058
user_02223,OD_000417
user_02224,OD_000013
user_02225,OD_000332
user_02226,OD_000067
user_02227,OD_000278
user_02228,OD_000124
user_02229,OD_000178
user_02230,OD_000101
user_02231,OD_000258
user_02232,OD_000471
user_02233,OD_000123
user_02234,OD_000599
user_02235,OD_000015
user_02236,OD_000234
user_02237,OD_000182
user_02238,OD_000304
user_02239,OD_000352
user_02240,OD_000128
user_02241,OD_000534
user_02242,OD_000312
user_02243,OD_000432
user_02244,OD_000455
user_02245,OD_000025
user_02246,OD_000293
user_02247,OD_000002
user_02248,OD_000234
user_02249,OD_000235
user_02250,OD_000395
user_02251,OD_000110
user_02252,OD_000066
user_02253,OD_000335
user_02254,OD_000040
user_02255,OD_000253
user_02256,OD_000139
user_02257,OD_000242
user_02258,OD_000030
user_02259,OD_000580
user_02260,OD_000203
user_02261,OD_000478
user_02262,OD_000063
user_02263,OD_000473
user_02264,OD_000381
user_02265,OD_000006
user_02266,OD_000036
user_02267,OD_000367
user_02268,OD_000466
user_02269,OD_000487
user_02270,OD_000206
user_02271,OD_000037
user_02272,OD_000468
user_02273,OD_000322
user_02274,OD_000025
user_02275,OD_000253
user_02276,OD_000267
user_02277,OD_000299
user_02278,OD_000130
user_02279,OD_000012
user_02280,OD_000112
user_02281,OD_000250
user_02282,OD_000222
user_02283,OD_000059
user_02284,OD_000238
user_02285,OD_000103
user_02286,OD_000253
user_02287,OD_000238
user_02288,OD_000088
user_02289,OD_000583
user_02290,OD_000065
user_02291,OD_000074
user_02292,OD_000344
user_02293,OD_000085
user_02294,OD_000552
user_02295,OD_000367
user_02296,OD_000324
user_02297,OD_000404
user_02298,OD_000164
user_02299,OD_000563
user_02300,OD_000357
user_02301,OD_000383
user_02302,OD_000017
user_02303,OD_000461
user_02304,OD_000045
user_02305,OD_000260
user_02306,OD_000454
user_02307,OD_000011
user_02308,OD_000358
user_02309,OD_000404
user_02310,OD_000462
user_02311,OD_000101
user_02312,OD_000166
user_02313,OD_000116
user_02314,OD_000273
user_02315,OD_000487
user_02316,OD_000148
user_02317,OD_000449
user_02318,OD_000030
user_02319,OD_000464
user_02320,OD_000050
user_02321,OD_000328
user_02322,OD_000576
user_02323,OD_000487
user_02324,OD_000248
user_02325,OD_000448
user_02326,OD_000042
user_02327,OD_000179
user_02328,OD_000028
user_02329,OD_000183
user_02330,OD_000238
user_02331,OD_000003
user_02332,OD_000471
user_02333,OD_000298
user_02334,OD_000495
user_02335,OD_000163
user_02336,OD_000107
user_02337,OD_000186
user_02338,OD_000453
user_02339,OD_000336
user_02340,OD_000032
user_02341,OD_000133
user_02342,OD_000511
user_02343,OD_000054
user_02344,OD_000360
user_02345,OD_000073
user_02346,OD_000031
user_02347,OD_000574
user_02348,OD_000514
user_02349,OD_000490
user_02350,OD_000037
user_02351,OD_000107
user_02352,OD_000241
user_02353,OD_000281
user_02354,OD_000139
user_02355,OD_000042
user_02356,OD_000019
user_02357,OD_000483
user_02358,OD_000127
user_02359,OD_000203
user_02360,OD_000408
user_02361,OD_000125
user_02362,OD_000256
user_02363,OD_000473
user_02364,OD_000278
user_02365,OD_000228
user_02366,OD_000057
user_02367,OD_000251
user_02368,OD_000109
user_02369,OD_000307
user_02370,OD_000173
user_02371,OD_000268
user_02372,OD_000251
user_02373,OD_000227
user_02374,OD_000078
user_02375,OD_000138
user_02376,OD_000157
user_02377,OD_000145
user_02378,OD_000480
user_02379,OD_000059
user_02380,OD_000189
user_02381,OD_000265
user_02382,OD_000001
user_02383,OD_000047
user_02384,OD_000187
user_02385,OD_000152
user_02386,OD_000347
user_02387,OD_000285
user_02388,OD_000323
user_02389,OD_000244
user_02390,OD_000023
user_02391,OD_000425
user_02392,OD_000423
user_02393,OD_000085
user_02394,OD_000588
user_02395,OD_000073
user_02396,OD_000485
user_02397,OD_000132
user_02398,OD_000393
user_02399,OD_000059
user_02400,OD_000081
user_02401,OD_000178
user_02402,OD_000007
user_02403,OD_000038
user_02404,OD_000286
user_02405,OD_000040
user_02406,OD_000313
user_02407,OD_000310
user_02408,OD_000063
user_02409,OD_000080
user_02410,OD_000349
user_02411,OD_000128
user_02412,OD_000029
user_02413,OD_000569
user_02414,OD_000036
user_02415,OD_000171
user_02416,OD_000459
user_02417,OD_000295
user_02418,OD_000217
user_02419,OD_000115
user_02420,OD_000264
user_02421,OD_000314
user_02422,OD_000397
user_02423,OD_000573
user_02424,OD_000358
user_02425,OD_000187
user_02426,OD_000285
user_02427,OD_000404
user_02428,OD_000047
user_02429,OD_000443
user_02430,OD_000401
user_02431,OD_000190
user_02432,OD_000316
user_02433,OD_000147
user_02434,OD_000109
user_02435,OD_000212
user_02436,OD_000291
user_02437,OD_000060
user_02438,OD_000407
user_02439,OD_000107
user_02440,OD_000004
user_02441,OD_000468
user_02442,OD_000015
user_02443,OD_000233
user_02444,OD_000362
user_02445,OD_000478
user_02446,OD_000247
user_02447,OD_000507
user_02448,OD_000391
user_02449,OD_000011
user_02450,OD_000197
user_02451,OD_000442
user_02452,OD_000300
user_02453,OD_000051
user_02454,OD_000182
user_02455,OD_000084
user_02456,OD_000004
user_02457,OD_000305
user_02458,OD_000479
user_02459,OD_000537
user_02460,OD_000378
user_02461,OD_000360
user_02462,OD_000277
user_02463,OD_000560
user_02464,OD_000158
user_02465,OD_000036
user_02466,OD_000357
user_02467,OD_000045
user_02468,OD_000054
user_02469,OD_000430
user_02470,OD_000028
user_02471,OD_000401
user_02472,OD_000014
user_02473,OD_000288
user_02474,OD_000447
user_02475,OD_000089
user_02476,OD_000161
user_02477,OD_000142
user_02478,OD_000056
user_02479,OD_000014
user_02480,OD_000300
user_02481,OD_000029
user_02482,OD_000092
user_02483,OD_000284
user_02484,OD_000015
user_02485,OD_000410
user_02486,OD_000002
user_02487,OD_000014
user_02488,OD_000298
user_02489,OD_000311
user_02490,OD_000507
user_02491,OD_000404
user_02492,OD_000001
user_02493,OD_000092
user_02494,OD_000231
user_02495,OD_000206
user_02496,OD_000089
user_02497,OD_000196
user_02498,OD_000395
user_02499,OD_000012
user_02500,OD_000023
user_02501,OD_000138
user_02502,OD_000122
user_02503,OD_000397
user_02504,OD_000197
user_02505,OD_000185
user_02506,OD_000119
user_02507,OD_000173
user_02508,OD_000563
user_02509,OD_000050
user_02510,OD_000446
user_02511,OD_000595
user_02512,OD_000308
user_02513,OD_000032
user_02514,OD_000120
user_02515,OD_000006
user_02516,OD_000143
user_02517,OD_000544
user_02518,OD_000006
user_02519,OD_000396
user_02520,OD_000019
user_02521,OD_000350
user_02522,OD_000030
user_02523,OD_000249
user_02524,OD_000107
user_02525,OD_000086
user_02526,OD_000572
user_02527,OD_000026
user_02528,OD_000251
user_02529,OD_000406
user_02530,OD_000091
user_02531,OD_000333
user_02532,OD_000377
user_02533,OD_000514
user_02534,OD_000267
user_02535,OD_000151
user_02536,OD_000460
user_02537,OD_000366
user_02538,OD_000042
user_02539,OD_000533
user_02540,OD_000323
user_02541,OD_000222
user_02542,OD_000159
user_02543,OD_000056
user_02544,OD_000219
user_02545,OD_000080
user_02546,OD_000102
user_02547,OD_000173
user_02548,OD_000373
user_02549,OD_000388
user_02550,OD_000051
user_02551,OD_000025
user_02552,OD_000003
user_02553,OD_000558
user_02554,OD_000477
user_02555,OD_000125
user_02556,OD_000393
user_02557,OD_000188
user_02558,OD_000043
user_02559,OD_000402
user_02560,OD_000305
user_02561,OD_000016
user_02562,OD_000086
user_02563,OD_000442
user_02564,OD_000196
user_02565,OD_000458
user_02566,OD_000355
user_02567,OD_000008
user_02568,OD_000538
user_02569,OD_000494
user_02570,OD_000293
user_02571,OD_000268
user_02572,OD_000368
user_02573,OD_000134
user_02574,OD_000336
user_02575,OD_000252
user_02576,OD_000233
user_02577,OD_000402
user_02578,OD_000382
user_02579,OD_000421
user_02580,OD_000388
user_02581,OD_000078
user_02582,OD_000257
user_02583,OD_000029
user_02584,OD_000330
user_02585,OD_000484
user_02586,OD_000191
user_02587,OD_000080
user_02588,OD_000509
user_02589,OD_000055
user_02590,OD_000243
user_02591,OD_000124
user_02592,OD_000283
user_02593,OD_000524
user_02594,OD_000327
user_02595,OD_000483
user_02596,OD_000095
user_02597,OD_000155
user_02598,OD_000329
user_02599,OD_000529
user_02600,OD_000469
user_02601,OD_000213
user_02602,OD_000230
user_02603,OD_000560
user_02604,OD_000176
user_02605,OD_000340
user_02606,OD_000340
user_02607,OD_000005
user_02608,OD_000590
user_02609,OD_000135
user_02610,OD_000217
user_02611,OD_000269
user_02612,OD_000317
user_02613,OD_000075
user_02614,OD_000243
user_02615,OD_000027
user_02616,OD_000381
user_02617,OD_000033
user_02618,OD_000262
user_02619,OD_000126
user_02620,OD_000097
user_02621,OD_000218
user_02622,OD_000435
user_02623,OD_000044
user_02624,OD_000054
user_02625,OD_000234
user_02626,OD_000584
user_02627,OD_000228
user_02628,OD_000488
user_02629,OD_000150
user_02630,OD_000443
user_02631,OD_000444
user_02632,OD_000362
user_02633,OD_000568
user_02634,OD_000020
user_02635,OD_000396
user_02636,OD_000114
user_02637,OD_000265
user_02638,OD_000138
user_02639,OD_000112
user_02640,OD_000585
user_02641,OD_000431
user_02642,OD_000026
user_02643,OD_000035
user_02644,OD_000165
user_02645,OD_000053
user_02646,OD_000231
user_02647,OD_000344
user_02648,OD_000560
user_02649,OD_000314
user_02650,OD_000218
user_02651,OD_000495
user_02652,OD_000351
user_02653,OD_000245
user_02654,OD_000406
user_02655,OD_000072
user_02656,OD_000491
user_02657,OD_000007
user_02658,OD_000176
user_02659,OD_000377
user_02660,OD_000103
user_02661,OD_000239
user_02662,OD_000382
user_02663,OD_000028
user_02664,OD_000319
user_02665,OD_000246
user_02666,OD_000362
user_02667,OD_000550
user_02668,OD_000070
user_02669,OD_000009
user_02670,OD_000286
user_02671,OD_000307
user_02672,OD_000005
user_02673,OD_000094
user_02674,OD_000043
user_02675,OD_000195
user_02676,OD_000066
user_02677,OD_000314
user_02678,OD_000226
user_02679,OD_000357
user_02680,OD_000272
user_02681,OD_000288
user_02682,OD_000288
user_02683,OD_000465
user_02684,OD_000043
user_02685,OD_000362
user_02686,OD_000208
user_02687,OD_000240
user_02688,OD_000056
user_02689,OD_000038
user_02690,OD_000133
user_02691,OD_000426
user_02692,OD_000149
user_02693,OD_000184
user_02694,OD_000221
user_02695,OD_000430
user_02696,OD_000531
user_02697,OD_000272
user_02698,OD_000211
user_02699,OD_000248
user_02700,OD_000442
user_02701,OD_000295
user_02702,OD_000268
user_02703,OD_000447
user_02704,OD_000134
user_02705,OD_000416
user_02706,OD_000133
user_02707,OD_000597
user_02708,OD_000371
user_02709,OD_000286
user_02710,OD_000221
user_02711,OD_000214
user_02712,OD_000279
user_02713,OD_000043
user_02714,OD_000051
user_02715,OD_000165
user_02716,OD_000132
user_02717,OD_000431
user_02718,OD_000562
user_02719,OD_000566
user_02720,OD_000081
user_02721,OD_000041
user_02722,OD_000552
user_02723,OD_000003
user_02724,OD_000192
user_02725,OD_000137
user_02726,OD_000055
user_02727,OD_000365
user_02728,OD_000010
user_02729,OD_000073
user_02730,OD_000366
user_02731,OD_000477
user_02732,OD_000183
user_02733,OD_000128
user_02734,OD_000001
user_02735,OD_000265
user_02736,OD_000072
user_02737,OD_000234
user_02738,OD_000350
user_02739,OD_000547
user_02740,OD_000200
user_02741,OD_000045
user_02742,OD_000048
user_02743,OD_000435
user_02744,OD_000362
user_02745,OD_000299
user_02746,OD_000194
user_02747,OD_000242
user_02748,OD_000187
user_02749,OD_000594
user_02750,OD_000196
user_02751,OD_000358
user_02752,OD_000487
user_02753,OD_000260
user_02754,OD_000029
user_02755,OD_000010
user_02756,OD_000080
user_02757,OD_000375
user_02758,OD_000576
user_02759,OD_000041
user_02760,OD_000027
user_02761,OD_000409
user_02762,OD_000547
user_02763,OD_000545
user_02764,OD_000023
user_02765,OD_000428
user_02766,OD_000191
user_02767,OD_000131
user_02768,OD_000390
user_02769,OD_000108
user_02770,OD_000026
user_02771,OD_000465
user_02772,OD_000273
user_02773,OD_000456
user_02774,OD_000343
user_02775,OD_000186
user_02776,OD_000083
user_02777,OD_000515
user_02778,OD_000391
user_02779,OD_000284
user_02780,OD_000490
user_02781,OD_000340
user_02782,OD_000033
user_02783,OD_000181
user_02784,OD_000124
user_02785,OD_000157
user_02786,OD_000124
user_02787,OD_000294
user_02788,OD_000192
user_02789,OD_000199
user_02790,OD_000271
user_02791,OD_000320
user_02792,OD_000006
user_02793,OD_000259
user_02794,OD_000070
user_02795,OD_000471
user_02796,OD_000360
user_02797,OD_000477
user_02798,OD_000377
user_02799,OD_000305
user_02800,OD_000304
user_02801,OD_000319
user_02802,OD_000390
user_02803,OD_000006
user_02804,OD_000078
user_02805,OD_000198
user_02806,OD_000019
user_02807,OD_000540
user_02808,OD_000050
user_02809,OD_000249
user_02810,OD_000197
user_02811,OD_000201
user_02812,OD_000312
user_02813,OD_000279
user_02814,OD_000357
user_02815,OD_000353
user_02816,OD_000442
user_02817,OD_000021
user_02818,OD_000101
user_02819,OD_000098
user_02820,OD_000096
user_02821,OD_000201
user_02822,OD_000157
user_02823,OD_000438
user_02824,OD_000533
user_02825,OD_000375
user_02826,OD_000090
user_02827,OD_000079
user_02828,OD_000247
user_02829,OD_000364
user_02830,OD_000256
user_02831,OD_000094
user_02832,OD_000274
user_02833,OD_000208
user_02834,OD_000100
user_02835,OD_000458
user_02836,OD_000310
user_02837,OD_000191
user_02838,OD_000261
user_02839,OD_000337
user_02840,OD_000017
user_02841,OD_000281
user_02842,OD_000325
user_02843,OD_000310
user_02844,OD_000478
user_02845,OD_000545
user_02846,OD_000107
user_02847,OD_000035
user_02848,OD_000323
user_02849,OD_000165
user_02850,OD_000311
user_02851,OD_000307
user_02852,OD_000118
user_02853,OD_000088
user_02854,OD_000267
user_02855,OD_000268
user_02856,OD_000403
user_02857,OD_000489
user_02858,OD_000584
user_02859,OD_000369
user_02860,OD_000496
user_02861,OD_000215
user_02862,OD_000484
user_02863,OD_000494
user_02864,OD_000102
user_02865,OD_000094
user_02866,OD_000470
user_02867,OD_000398
user_02868,OD_000039
user_02869,OD_000037
user_02870,OD_000264
user_02871,OD_000040
user_02872,OD_000014
user_02873,OD_000235
user_02874,OD_000450
user_02875,OD_000103
user_02876,OD_000140
user_02877,OD_000027
user_02878,OD_000333
user_02879,OD_000021
user_02880,OD_000371
user_02881,OD_000041
user_02882,OD_000226
user_02883,OD_000326
user_02884,OD_000019
user_02885,OD_000554
user_02886,OD_000109
user_02887,OD_000187
user_02888,OD_000099
user_02889,OD_000138
user_02890,OD_000178
user_02891,OD_000202
user_02892,OD_000141
user_02893,OD_000094
user_02894,OD_000230
user_02895,OD_000013
user_02896,OD_000082
user_02897,OD_000070
user_02898,OD_000512
user_02899,OD_000491
user_02900,OD_000118
user_02901,OD_000485
user_02902,OD_000514
user_02903,OD_000543
user_02904,OD_000034
user_02905,OD_000014
user_02906,OD_000329
user_02907,OD_000343
user_02908,OD_000043
user_02909,OD_000226
user_02910,OD_000209
user_02911,OD_000497
user_02912,OD_000355
user_02913,OD_000444
user_02914,OD_000336
user_02915,OD_000020
user_02916,OD_000345
user_02917,OD_000423
user_02918,OD_000144
user_02919,OD_000098
user_02920,OD_000179
user_02921,OD_000434
user_02922,OD_000231
user_02923,OD_000550
user_02924,OD_000223
user_02925,OD_000428
user_02926,OD_000003
user_02927,OD_000378
user_02928,OD_000524
user_02929,OD_000112
user_02930,OD_000358
user_02931,OD_000024
user_02932,OD_000226
user_02933,OD_000208
user_02934,OD_000464
user_02935,OD_000006
user_02936,OD_000251
user_02937,OD_000023
user_02938,OD_000123
user_02939,OD_000474
user_02940,OD_000226
user_02941,OD_000021
user_02942,OD_000038
user_02943,OD_000245
user_02944,OD_000199
user_02945,OD_000324
user_02946,OD_000444
user_02947,OD_000543
user_02948,OD_000022
user_02949,OD_000307
user_02950,OD_000156
user_02951,OD_000249
user_02952,OD_000395
user_02953,OD_000237
user_02954,OD_000193
user_02955,OD_000082
user_02956,OD_000427
user_02957,OD_000194
user_02958,OD_000281
user_02959,OD_000488
user_02960,OD_000047
user_02961,OD_000114
user_02962,OD_000012
user_02963,OD_000105
user_02964,OD_000130
user_02965,OD_000575
user_02966,OD_000264
user_02967,OD_000237
user_02968,OD_000403
user_02969,OD_000211
user_02970,OD_000402
user_02971,OD_000273
user_02972,OD_000061
user_02973,OD_000429
user_02974,OD_000009
user_02975,OD_000283
user_02976,OD_000315
user_02977,OD_000252
user_02978,OD_000083
user_02979,OD_000409
user_02980,OD_000047
user_02981,OD_000411
user_02982,OD_000382
user_02983,OD_000135
user_02984,OD_000508
user_02985,OD_000041
user_02986,OD_000386
user_02987,OD_000269
user_02988,OD_000400
user_02989,OD_000414
user_02990,OD_000224
user_02991,OD_000397
user_02992,OD_000466
user_02993,OD_000515
user_02994,OD_000041
user_02995,OD_000127
user_02996,OD_000334
user_02997,OD_000113
user_02998,OD_000117
user_02999,OD_000413
user_03000,OD_000159
user_03001,OD_000076
user_03002,OD_000164
user_03003,OD_000195
user_03004,OD_000384
user_03005,OD_000093
user_03006,OD_000182
user_03007,OD_000340
user_03008,OD_000564
user_03009,OD_000493
user_03010,OD_000009
user_03011,OD_000356
user_03012,OD_000209
user_03013,OD_000003
user_03014,OD_000039
user_03015,OD_000216
user_03016,OD_000058
user_03017,OD_000372
user_03018,OD_000433
user_03019,OD_000431
user_03020,OD_000254
user_03021,OD_000392
user_03022,OD_000391
user_03023,OD_000091
user_03024,OD_000263
user_03025,OD_000014
user_03026,OD_000063
user_03027,OD_000018
user_03028,OD_000352
user_03029,OD_000221
user_03030,OD_000139
user_03031,OD_000043
user_03032,OD_000399
user_03033,OD_000433
user_03034,OD_000230
user_03035,OD_000359
user_03036,OD_000339
user_03037,OD_000018
user_03038,OD_000215
user_03039,OD_000035
user_03040,OD_000047
user_03041,OD_000144
user_03042,OD_000209
user_03043,OD_000264
user_03044,OD_000212
user_03045,OD_000058
user_03046,OD_000081
user_03047,OD_000373
user_03048,OD_000087
user_03049,OD_000377
user_03050,OD_000201
user_03051,OD_000578
user_03052,OD_000253
user_03053,OD_000556
user_03054,OD_000293
user_03055,OD_000448
user_03056,OD_000157
user_03057,OD_000410
user_03058,OD_000019
user_03059,OD_000089
user_03060,OD_000306
user_03061,OD_000340
user_03062,OD_000341
user_03063,OD_000035
user_03064,OD_000594
user_03065,OD_000281
user_03066,OD_000223
user_03067,OD_000191
user_03068,OD_000012
user_03069,OD_000069
user_03070,OD_000031
user_03071,OD_000070
user_03072,OD_000057
user_03073,OD_000038
user_03074,OD_000212
user_03075,OD_000215
user_03076,OD_000054
user_03077,OD_000105
user_03078,OD_000140
user_03079,OD_000246
user_03080,OD_000144
user_03081,OD_000238
user_03082,OD_000343
user_03083,OD_000164
user_03084,OD_000225
user_03085,OD_000276
user_03086,OD_000370
user_03087,OD_000530
user_03088,OD_000051
user_03089,OD_000244
user_03090,OD_000342
user_03091,OD_000261
user_03092,OD_000165
user_03093,OD_000037
user_03094,OD_000573
user_03095,OD_000188
user_03096,OD_000042
user_03097,OD_000520
user_03098,OD_000243
user_03099,OD_000311
user_03100,OD_000472
user_03101,OD_000084
user_03102,OD_000047
user_03103,OD_000328
user_03104,OD_000346
user_03105,OD_000053
user_03106,OD_000519
user_03107,OD_000013
user_03108,OD_000581
user_03109,OD_000190
user_03110,OD_000363
user_03111,OD_000476
user_03112,OD_000032
user_03113,OD_000404
user_03114,OD_000385
user_03115,OD_000161
user_03116,OD_000170
user_03117,OD_000466
user_03118,OD_000063
user_03119,OD_000490
user_03120,OD_000498
user_03121,OD_000256
user_03122,OD_000068
user_03123,OD_000272
user_03124,OD_000509
user_03125,OD_000331
user_03126,OD_000006
user_03127,OD_000061
user_03128,OD_000030
user_03129,OD_000060
user_03130,OD_000524
user_03131,OD_000175
user_03132,OD_000191
user_03133,OD_000481
user_03134,OD_000141
user_03135,OD_000383
user_03136,OD_000323
user_03137,OD_000362
user_03138,OD_000278
user_03139,OD_000327
user_03140,OD_000270
user_03141,OD_000020
user_03142,OD_000127
user_03143,OD_000277
user_03144,OD_000286
user_03145,OD_000553
user_03146,OD_000103
user_03147,OD_000568
user_03148,OD_000440
user_03149,OD_000402
user_03150,OD_000081
user_03151,OD_000118
user_03152,OD_000015
user_03153,OD_000156
user_03154,OD_000192
user_03155,OD_000499
user_03156,OD_000105
user_03157,OD_000158
user_03158,OD_000004
user_03159,OD_000333
user_03160,OD_000213
user_03161,OD_000069
user_03162,OD_000183
user_03163,OD_000240
user_03164,OD_000034
user_03165,OD_000199
user_03166,OD_000005
user_03167,OD_000064
user_03168,OD_000461
user_03169,OD_000525
user_03170,OD_000328
user_03171,OD_000325
user_03172,OD_000144
user_03173,OD_000449
user_03174,OD_000221
user_03175,OD_000161
user_03176,OD_000231
user_03177,OD_000022
user_03178,OD_000350
user_03179,OD_000403
user_03180,OD_000427
user_03181,OD_000496
user_03182,OD_000314
user_03183,OD_000133
user_03184,OD_000258
user_03185,OD_000088
user_03186,OD_000264
user_03187,OD_000359
user_03188,OD_000118
user_03189,OD_000070
user_03190,OD_000181
user_03191,OD_000189
user_03192,OD_000208
user_03193,OD_000355
user_03194,OD_000547
user_03195,OD_000045
user_03196,OD_000265
user_03197,OD_000547
user_03198,OD_000331
user_03199,OD_000303
user_03200,OD_000294
user_03201,OD_000347
user_03202,OD_000164
user_03203,OD_000479
user_03204,OD_000235
user_03205,OD_000210
user_03206,OD_000052
user_03207,OD_000285
user_03208,OD_000045
user_03209,OD_000543
user_03210,OD_000565
user_03211,OD_000567
user_03212,OD_000014
user_03213,OD_000219
user_03214,OD_000490
user_03215,OD_000195
user_03216,OD_000220
user_03217,OD_000079
user_03218,OD_000185
user_03219,OD_000557
user_03220,OD_000044
user_03221,OD_000002
user_03222,OD_000020
user_03223,OD_000217
user_03224,OD_000056
user_03225,OD_000086
user_03226,OD_000389
user_03227,OD_000290
user_03228,OD_000068
user_03229,OD_000441
user_03230,OD_000191
user_03231,OD_000372
user_03232,OD_000133
user_03233,OD_000332
user_03234,OD_000402
user_03235,OD_000315
user_03236,OD_000130
user_03237,OD_000019
user_03238,OD_000342
user_03239,OD_000094
user_03240,OD_000246
user_03241,OD_000176
user_03242,OD_000056
user_03243,OD_000024
user_03244,OD_000247
user_03245,OD_000524
user_03246,OD_000425
user_03247,OD_000455
user_03248,OD_000041
user_03249,OD_000088
user_03250,OD_000098
user_03251,OD_000300
user_03252,OD_000132
user_03253,OD_000589
user_03254,OD_000084
user_03255,OD_000260
user_03256,OD_000459
user_03257,OD_000560
user_03258,OD_000215
user_03259,OD_000275
user_03260,OD_000013
user_03261,OD_000010
user_03262,OD_000001
user_03263,OD_000048
user_03264,OD_000351
user_03265,OD_000321
user_03266,OD_000097
user_03267,OD_000134
user_03268,OD_000002
user_03269,OD_000051
user_03270,OD_000325
user_03271,OD_000411
user_03272,OD_000088
user_03273,OD_000198
user_03274,OD_000400
user_03275,OD_000238
user_03276,OD_000108
user_03277,OD_000043
user_03278,OD_000239
user_03279,OD_000291
user_03280,OD_000526
user_03281,OD_000304
user_03282,OD_000503
user_03283,OD_000506
user_03284,OD_000150
user_03285,OD_000116
user_03286,OD_000276
user_03287,OD_000015
user_03288,OD_000507
user_03289,OD_000431
user_03290,OD_000175
user_03291,OD_000135
user_03292,OD_000418
user_03293,OD_000347
user_03294,OD_000299
user_03295,OD_000494
user_03296,OD_000397
user_03297,OD_000403
user_03298,OD_000195
user_03299,OD_000041
user_03300,OD_000291
user_03301,OD_000166
user_03302,OD_000008
user_03303,OD_000186
user_03304,OD_000098
user_03305,OD_000229
user_03306,OD_000028
user_03307,OD_000229
user_03308,OD_000188
user_03309,OD_000137
user_03310,OD_000229
user_03311,OD_000123
user_03312,OD_000191
user_03313,OD_000479
user_03314,OD_000009
user_03315,OD_000145
user_03316,OD_000561
user_03317,OD_000266
user_03318,OD_000067
user_03319,OD_000112
user_03320,OD_000481
user_03321,OD_000430
user_03322,OD_000431
user_03323,OD_000071
user_03324,OD_000047
user_03325,OD_000354
user_03326,OD_000119
user_03327,OD_000115
user_03328,OD_000089
user_03329,OD_000220
user_03330,OD_000293
user_03331,OD_000183
user_03332,OD_000116
user_03333,OD_000514
user_03334,OD_000234
user_03335,OD_000049
user_03336,OD_000140
user_03337,OD_000119
user_03338,OD_000489
user_03339,OD_000462
user_03340,OD_000019
user_03341,OD_000549
user_03342,OD_000424
user_03343,OD_000089
user_03344,OD_000116
user_03345,OD_000284
user_03346,OD_000439
user_03347,OD_000429
user_03348,OD_000130
user_03349,OD_000199
user_03350,OD_000066
user_03351,OD_000490
user_03352,OD_000105
user_03353,OD_000138
user_03354,OD_000210
user_03355,OD_000131
user_03356,OD_000438
user_03357,OD_000263
user_03358,OD_000130
user_03359,OD_000242
user_03360,OD_000005
user_03361,OD_000408
user_03362,OD_000176
user_03363,OD_000005
user_03364,OD_000298
user_03365,OD_000154
user_03366,OD_000009
user_03367,OD_000195
user_03368,OD_000102
user_03369,OD_000302
user_03370,OD_000093
user_03371,OD_000035
user_03372,OD_000360
user_03373,OD_000101
user_03374,OD_000266
user_03375,OD_000390
user_03376,OD_000379
user_03377,OD_000073
user_03378,OD_000186
user_03379,OD_000225
user_03380,OD_000058
user_03381,OD_000514
user_03382,OD_000205
user_03383,OD_000236
user_03384,OD_000493
user_03385,OD_000246
user_03386,OD_000119
user_03387,OD_000067
user_03388,OD_000379
user_03389,OD_000047
user_03390,OD_000372
user_03391,OD_000178
user_03392,OD_000458
user_03393,OD_000141
user_03394,OD_000353
user_03395,OD_000173
user_03396,OD_000300
user_03397,OD_000078
user_03398,OD_000401
user_03399,OD_000158
user_03400,OD_000408
user_03401,OD_000569
user_03402,OD_000302
user_03403,OD_000061
user_03404,OD_000201
user_03405,OD_000125
user_03406,OD_000269
user_03407,OD_000442
user_03408,OD_000408
user_03409,OD_000532
user_03410,OD_000358
user_03411,OD_000251
user_03412,OD_000201
user_03413,OD_000131
user_03414,OD_000240
user_03415,OD_000302
user_03416,OD_000146
user_03417,OD_000007
user_03418,OD_000412
user_03419,OD_000393
user_03420,OD_000249
user_03421,OD_000585
user_03422,OD_000423
user_03423,OD_000283
user_03424,OD_000478
user_03425,OD_000187
user_03426,OD_000363
user_03427,OD_000154
user_03428,OD_000013
user_03429,OD_000185
user_03430,OD_000297
user_03431,OD_000201
user_03432,OD_000162
user_03433,OD_000013
user_03434,OD_000078
user_03435,OD_000228
user_03436,OD_000144
user_03437,OD_000185
user_03438,OD_000241
user_03439,OD_000097
user_03440,OD_000152
user_03441,OD_000329
user_03442,OD_000031
user_03443,OD_000158
user_03444,OD_000005
user_03445,OD_000307
user_03446,OD_000449
user_03447,OD_000434
user_03448,OD_000209
user_03449,OD_000266
user_03450,OD_000274
user_03451,OD_000264
user_03452,OD_000010
user_03453,OD_000366
user_03454,OD_000593
user_03455,OD_000365
user_03456,OD_000154
user_03457,OD_000057
user_03458,OD_000078
user_03459,OD_000004
user_03460,OD_000289
user_03461,OD_000549
user_03462,OD_000234
user_03463,OD_000375
user_03464,OD_000069
user_03465,OD_000301
user_03466,OD_000062
user_03467,OD_000391
user_03468,OD_000351
user_03469,OD_000210
user_03470,OD_000459
user_03471,OD_000206
user_03472,OD_000093
user_03473,OD_000021
user_03474,OD_000317
user_03475,OD_000215
user_03476,OD_000245
user_03477,OD_000437
user_03478,OD_000026
user_03479,OD_000371
user_03480,OD_000492
user_03481,OD_000374
user_03482,OD_000025
user_03483,OD_000354
user_03484,OD_000452
user_03485,OD_000362
user_03486,OD_000108
user_03487,OD_000015
user_03488,OD_000576
user_03489,OD_000029
user_03490,OD_000505
user_03491,OD_000071
user_03492,OD_000006
user_03493,OD_000028
user_03494,OD_000450
user_03495,OD_000469
user_03496,OD_000306
user_03497,OD_000344
user_03498,OD_000369
user_03499,OD_000035
user_03500,OD_000270
user_03501,OD_000107
user_03502,OD_000134
user_03503,OD_000006
user_03504,OD_000073
user_03505,OD_000137
user_03506,OD_000162
user_03507,OD_000478
user_03508,OD_000278
user_03509,OD_000564
user_03510,OD_000104
user_03511,OD_000301
user_03512,OD_000072
user_03513,OD_000315
user_03514,OD_000007
user_03515,OD_000083
user_03516,OD_000012
user_03517,OD_000262
user_03518,OD_000083
user_03519,OD_000015
user_03520,OD_000059
user_03521,OD_000312
user_03522,OD_000005
user_03523,OD_000347
user_03524,OD_000241
user_03525,OD_000179
user_03526,OD_000034
user_03527,OD_000096
user_03528,OD_000312
user_03529,OD_000429
user_03530,OD_000245
user_03531,OD_000327
user_03532,OD_000213
user_03533,OD_000213
user_03534,OD_000207
user_03535,OD_000106
user_03536,OD_000581
user_03537,OD_000046
user_03538,OD_000129
user_03539,OD_000278
user_03540,OD_000504
user_03541,OD_000052
user_03542,OD_000226
user_03543,OD_000202
user_03544,OD_000059
user_03545,OD_000405
user_03546,OD_000153
user_03547,OD_000083
user_03548,OD_000460
user_03549,OD_000455
user_03550,OD_000310
user_03551,OD_000119
user_03552,OD_000310
user_03553,OD_000228
user_03554,OD_000228
user_03555,OD_000452
user_03556,OD_000074
user_03557,OD_000231
user_03558,OD_000173
user_03559,OD_000219
user_03560,OD_000062
user_03561,OD_000356
user_03562,OD_000504
user_03563,OD_000290
user_03564,OD_000007
user_03565,OD_000156
user_03566,OD_000184
user_03567,OD_000236
user_03568,OD_000360
user_03569,OD_000163
user_03570,OD_000264
user_03571,OD_000136
user_03572,OD_000010
user_03573,OD_000378
user_03574,OD_000208
user_03575,OD_000437
user_03576,OD_000223
user_03577,OD_000123
user_03578,OD_000358
user_03579,OD_000372
user_03580,OD_000127
user_03581,OD_000557
user_03582,OD_000309
user_03583,OD_000272
user_03584,OD_000260
user_03585,OD_000227
user_03586,OD_000438
user_03587,OD_000213
user_03588,OD_000492
user_03589,OD_000531
user_03590,OD_000342
user_03591,OD_000387
user_03592,OD_000366
user_03593,OD_000001
user_03594,OD_000107
user_03595,OD_000292
user_03596,OD_000331
user_03597,OD_000328
user_03598,OD_000001
user_03599,OD_000278
user_03600,OD_000383
user_03601,OD_000279
user_03602,OD_000233
user_03603,OD_000001
user_03604,OD_000408
user_03605,OD_000452
user_03606,OD_000336
user_03607,OD_000401
user_03608,OD_000025
user_03609,OD_000204
user_03610,OD_000015
user_03611,OD_000065
user_03612,OD_000564
user_03613,OD_000172
user_03614,OD_000350
user_03615,OD_000599
user_03616,OD_000301
user_03617,OD_000514
user_03618,OD_000186
user_03619,OD_000059
user_03620,OD_000269
user_03621,OD_000028
user_03622,OD_000084
user_03623,OD_000060
user_03624,OD_000428
user_03625,OD_000299
user_03626,OD_000078
user_03627,OD_000150
user_03628,OD_000403
user_03629,OD_000010
user_03630,OD_000120
user_03631,OD_000032
user_03632,OD_000487
user_03633,OD_000220
user_03634,OD_000045
user_03635,OD_000230
user_03636,OD_000167
user_03637,OD_000127
user_03638,OD_000390
user_03639,OD_000090
user_03640,OD_000009
user_03641,OD_000190
user_03642,OD_000067
user_03643,OD_000273
user_03644,OD_000204
user_03645,OD_000043
user_03646,OD_000014
user_03647,OD_000547
user_03648,OD_000146
user_03649,OD_000205
user_03650,OD_000537
user_03651,OD_000064
user_03652,OD_000562
user_03653,OD_000559
user_03654,OD_000222
user_03655,OD_000227
user_03656,OD_000033
user_03657,OD_000431
user_03658,OD_000201
user_03659,OD_000165
user_03660,OD_000513
user_03661,OD_000062
user_03662,OD_000097
user_03663,OD_000220
user_03664,OD_000202
user_03665,OD_000100
user_03666,OD_000538
user_03667,OD_000186
user_03668,OD_000112
user_03669,OD_000214
user_03670,OD_000504
user_03671,OD_000002
user_03672,OD_000402
user_03673,OD_000166
user_03674,OD_000073
user_03675,OD_000516
user_03676,OD_000342
user_03677,OD_000132
user_03678,OD_000285
user_03679,OD_000104
user_03680,OD_000022
user_03681,OD_000179
user_03682,OD_000081
user_03683,OD_000258
user_03684,OD_000451
user_03685,OD_000504
user_03686,OD_000044
user_03687,OD_000097
user_03688,OD_000043
user_03689,OD_000394
user_03690,OD_000067
user_03691,OD_000443
user_03692,OD_000193
user_03693,OD_000060
user_03694,OD_000501
user_03695,OD_000048
user_03696,OD_000578
user_03697,OD_000491
user_03698,OD_000026
user_03699,OD_000146
user_03700,OD_000079
user_03701,OD_000019
user_03702,OD_000229
user_03703,OD_000055
user_03704,OD_000020
user_03705,OD_000022
user_03706,OD_000062
user_03707,OD_000571
user_03708,OD_000117
user_03709,OD_000376
user_03710,OD_000217
user_03711,OD_000355
user_03712,OD_000526
user_03713,OD_000380
user_03714,OD_000286
user_03715,OD_000532
user_03716,OD_000425
user_03717,OD_000142
user_03718,OD_000160
user_03719,OD_000063
user_03720,OD_000055
user_03721,OD_000188
user_03722,OD_000227
user_03723,OD_000005
user_03724,OD_000063
user_03725,OD_000156
user_03726,OD_000338
user_03727,OD_000234
user_03728,OD_000191
user_03729,OD_000239
user_03730,OD_000224
user_03731,OD_000171
user_03732,OD_000406
user_03733,OD_000212
user_03734,OD_000441
user_03735,OD_000540
user_03736,OD_000204
user_03737,OD_000022
user_03738,OD_000223
user_03739,OD_000282
user_03740,OD_000052
user_03741,OD_000239
user_03742,OD_000161
user_03743,OD_000369
user_03744,OD_000403
user_03745,OD_000392
user_03746,OD_000039
user_03747,OD_000121
user_03748,OD_000035
user_03749,OD_000526
user_03750,OD_000257
user_03751,OD_000017
user_03752,OD_000521
user_03753,OD_000010
user_03754,OD_000369
user_03755,OD_000549
user_03756,OD_000177
user_03757,OD_000346
user_03758,OD_000167
user_03759,OD_000271
user_03760,OD_000160
user_03761,OD_000148
user_03762,OD_000501
user_03763,OD_000061
user_03764,OD_000040
user_03765,OD_000378
user_03766,OD_000503
user_03767,OD_000358
user_03768,OD_000450
user_03769,OD_000497
user_03770,OD_000351
user_03771,OD_000075
user_03772,OD_000083
user_03773,OD_000506
user_03774,OD_000059
user_03775,OD_000137
user_03776,OD_000111
user_03777,OD_000416
user_03778,OD_000435
user_03779,OD_000115
user_03780,OD_000071
user_03781,OD_000101
user_03782,OD_000202
user_03783,OD_000086
user_03784,OD_000102
user_03785,OD_000410
user_03786,OD_000043
user_03787,OD_000141
user_03788,OD_000012
user_03789,OD_000349
user_03790,OD_000033
user_03791,OD_000057
user_03792,OD_000551
user_03793,OD_000405
user_03794,OD_000321
user_03795,OD_000321
user_03796,OD_000194
user_03797,OD_000465
user_03798,OD_000470
user_03799,OD_000113
user_03800,OD_000021
user_03801,OD_000177
user_03802,OD_000007
user_03803,OD_000042
user_03804,OD_000140
user_03805,OD_000147
user_03806,OD_000088
user_03807,OD_000511
user_03808,OD_000041
user_03809,OD_000062
user_03810,OD_000161
user_03811,OD_000258
user_03812,OD_000377
user_03813,OD_000031
user_03814,OD_000424
user_03815,OD_000261
user_03816,OD_000206
user_03817,OD_000131
user_03818,OD_000060
user_03819,OD_000600
user_03820,OD_000413
user_03821,OD_000023
user_03822,OD_000231
user_03823,OD_000028
user_03824,OD_000437
user_03825,OD_000221
user_03826,OD_000116
user_03827,OD_000206
user_03828,OD_000029
user_03829,OD_000050
user_03830,OD_000059
user_03831,OD_000097
user_03832,OD_000135
user_03833,OD_000080
user_03834,OD_000164
user_03835,OD_000390
user_03836,OD_000073
user_03837,OD_000249
user_03838,OD_000335
user_03839,OD_000062
user_03840,OD_000194
user_03841,OD_000343
user_03842,OD_000359
user_03843,OD_000076
user_03844,OD_000137
user_03845,OD_000383
user_03846,OD_000155
user_03847,OD_000248
user_03848,OD_000440
user_03849,OD_000200
user_03850,OD_000027
user_03851,OD_000400
user_03852,OD_000449
user_03853,OD_000063
user_03854,OD_000117
user_03855,OD_000322
user_03856,OD_000305
user_03857,OD_000030
user_03858,OD_000141
user_03859,OD_000085
user_03860,OD_000226
user_03861,OD_000211
user_03862,OD_000296
user_03863,OD_000209
user_03864,OD_000522
user_03865,OD_000040
user_03866,OD_000513
user_03867,OD_000263
user_03868,OD_000392
user_03869,OD_000509
user_03870,OD_000021
user_03871,OD_000400
user_03872,OD_000508
user_03873,OD_000080
user_03874,OD_000437
user_03875,OD_000542
user_03876,OD_000451
user_03877,OD_000361
user_03878,OD_000201
user_03879,OD_000011
user_03880,OD_000341
user_03881,OD_000497
user_03882,OD_000433
user_03883,OD_000566
user_03884,OD_000177
user_03885,OD_000216
user_03886,OD_000046
user_03887,OD_000124
user_03888,OD_000006
user_03889,OD_000572
user_03890,OD_000563
user_03891,OD_000274
user_03892,OD_000189
user_03893,OD_000072
user_03894,OD_000236
user_03895,OD_000052
user_03896,OD_000097
user_03897,OD_000101
user_03898,OD_000118
user_03899,OD_000137
user_03900,OD_000122
user_03901,OD_000483
user_03902,OD_000273
user_03903,OD_000032
user_03904,OD_000578
user_03905,OD_000279
user_03906,OD_000007
user_03907,OD_000012
user_03908,OD_000080
user_03909,OD_000258
user_03910,OD_000013
user_03911,OD_000136
user_03912,OD_000510
user_03913,OD_000299
user_03914,OD_000114
user_03915,OD_000172
user_03916,OD_000449
user_03917,OD_000021
user_03918,OD_000400
user_03919,OD_000019
user_03920,OD_000138
user_03921,OD_000189
user_03922,OD_000187
user_03923,OD_000125
user_03924,OD_000034
user_03925,OD_000463
user_03926,OD_000408
user_03927,OD_000353
user_03928,OD_000508
user_03929,OD_000072
user_03930,OD_000039
user_03931,OD_000209
user_03932,OD_000008
user_03933,OD_000211
user_03934,OD_000056
user_03935,OD_000546
user_03936,OD_000531
user_03937,OD_000528
user_03938,OD_000133
user_03939,OD_000295
user_03940,OD_000159
user_03941,OD_000102
user_03942,OD_000178
user_03943,OD_000013
user_03944,OD_000244
user_03945,OD_000064
user_03946,OD_000247
user_03947,OD_000396
user_03948,OD_000143
user_03949,OD_000221
user_03950,OD_000486
user_03951,OD_000225
user_03952,OD_000117
user_03953,OD_000001
user_03954,OD_000094
user_03955,OD_000452
user_03956,OD_000071
user_03957,OD_000148
user_03958,OD_000438
user_03959,OD_000427
user_03960,OD_000146
user_03961,OD_000494
user_03962,OD_000009
user_03963,OD_000175
user_03964,OD_000366
user_03965,OD_000279
user_03966,OD_000546
user_03967,OD_000559
user_03968,OD_000071
user_03969,OD_000169
user_03970,OD_000148
user_03971,OD_000027
user_03972,OD_000372
user_03973,OD_000394
user_03974,OD_000180
user_03975,OD_000444
user_03976,OD_000253
user_03977,OD_000020
user_03978,OD_000160
user_03979,OD_000041
user_03980,OD_000053
user_03981,OD_000191
user_03982,OD_000279
user_03983,OD_000220
user_03984,OD_000510
user_03985,OD_000021
user_03986,OD_000340
user_03987,OD_000386
user_03988,OD_000169
user_03989,OD_000337
user_03990,OD_000086
user_03991,OD_000022
user_03992,OD_000307
user_03993,OD_000077
user_03994,OD_000071
user_03995,OD_000398
user_03996,OD_000074
user_03997,OD_000203
user_03998,OD_000312
user_03999,OD_000128
user_04000,OD_000096
user_04001,OD_000287
user_04002,OD_000026
user_04003,OD_000124
user_04004,OD_000263
user_04005,OD_000316
user_04006,OD_000221
user_04007,OD_000263
user_04008,OD_000133
user_04009,OD_000358
user_04010,OD_000162
user_04011,OD_000438
user_04012,OD_000244
user_04013,OD_000347
user_04014,OD_000013
user_04015,OD_000112
user_04016,OD_000014
user_04017,OD_000147
user_04018,OD_000512
user_04019,OD_000409
user_04020,OD_000034
user_04021,OD_000009
user_04022,OD_000557
user_04023,OD_000030
user_04024,OD_000421
user_04025,OD_000186
user_04026,OD_000483
user_04027,OD_000002
user_04028,OD_000217
user_04029,OD_000126
user_04030,OD_000004
user_04031,OD_000545
user_04032,OD_000541
user_04033,OD_000024
user_04034,OD_000094
user_04035,OD_000100
user_04036,OD_000540
user_04037,OD_000351
user_04038,OD_000331
user_04039,OD_000015
user_04040,OD_000121
user_04041,OD_000075
user_04042,OD_000078
user_04043,OD_000390
user_04044,OD_000365
user_04045,OD_000241
user_04046,OD_000418
user_04047,OD_000320
user_04048,OD_000459
user_04049,OD_000316
user_04050,OD_000567
user_04051,OD_000296
user_04052,OD_000125
user_04053,OD_000203
user_04054,OD_000462
user_04055,OD_000164
user_04056,OD_000100
user_04057,OD_000214
user_04058,OD_000551
user_04059,OD_000212
user_04060,OD_000112
user_04061,OD_000157
user_04062,OD_000406
user_04063,OD_000179
user_04064,OD_000205
user_04065,OD_000258
user_04066,OD_000267
user_04067,OD_000264
user_04068,OD_000128
user_04069,OD_000040
user_04070,OD_000512
user_04071,OD_000568
user_04072,OD_000264
user_04073,OD_000275
user_04074,OD_000571
user_04075,OD_000335
user_04076,OD_000014
user_04077,OD_000047
user_04078,OD_000429
user_04079,OD_000045
user_04080,OD_000350
user_04081,OD_000111
user_04082,OD_000096
user_04083,OD_000028
user_04084,OD_000310
user_04085,OD_000328
user_04086,OD_000070
user_04087,OD_000032
user_04088,OD_000291
user_04089,OD_000020
user_04090,OD_000105
user_04091,OD_000126
user_04092,OD_000512
user_04093,OD_000598
user_04094,OD_000254
user_04095,OD_000090
user_04096,OD_000043
user_04097,OD_000002
user_04098,OD_000006
user_04099,OD_000596
user_04100,OD_000490
user_04101,OD_000215
user_04102,OD_000442
user_04103,OD_000277
user_04104,OD_000106
user_04105,OD_000218
user_04106,OD_000053
user_04107,OD_000502
user_04108,OD_000141
user_04109,OD_000115
user_04110,OD_000201
user_04111,OD_000192
user_04112,OD_000293
user_04113,OD_000402
user_04114,OD_000073
user_04115,OD_000094
user_04116,OD_000225
user_04117,OD_000151
user_04118,OD_000234
user_04119,OD_000460
user_04120,OD_000270
user_04121,OD_000393
user_04122,OD_000509
user_04123,OD_000593
user_04124,OD_000327
user_04125,OD_000294
user_04126,OD_000096
user_04127,OD_000119
user_04128,OD_000143
user_04129,OD_000028
user_04130,OD_000243
user_04131,OD_000016
user_04132,OD_000160
user_04133,OD_000232
user_04134,OD_000419
user_04135,OD_000278
user_04136,OD_000563
user_04137,OD_000126
user_04138,OD_000090
user_04139,OD_000487
user_04140,OD_000023
user_04141,OD_000494
user_04142,OD_000311
user_04143,OD_000504
user_04144,OD_000247
user_04145,OD_000208
user_04146,OD_000026
user_04147,OD_000317
user_04148,OD_000547
user_04149,OD_000506
user_04150,OD_000582
user_04151,OD_000211
user_04152,OD_000111
user_04153,OD_000590
user_04154,OD_000240
user_04155,OD_000016
user_04156,OD_000171
user_04157,OD_000251
user_04158,OD_000390
user_04159,OD_000278
user_04160,OD_000013
user_04161,OD_000209
user_04162,OD_000447
user_04163,OD_000012
user_04164,OD_000319
user_04165,OD_000456
user_04166,OD_000026
user_04167,OD_000551
user_04168,OD_000026
user_04169,OD_000392
user_04170,OD_000043
user_04171,OD_000091
user_04172,OD_000450
user_04173,OD_000196
user_04174,OD_000031
user_04175,OD_000110
user_04176,OD_000131
user_04177,OD_000353
user_04178,OD_000364
user_04179,OD_000083
user_04180,OD_000081
user_04181,OD_000346
user_04182,OD_000405
user_04183,OD_000368
user_04184,OD_000030
user_04185,OD_000063
user_04186,OD_000435
user_04187,OD_000558
user_04188,OD_000360
user_04189,OD_000440
user_04190,OD_000041
user_04191,OD_000264
user_04192,OD_000254
user_04193,OD_000128
user_04194,OD_000050
user_04195,OD_000309
user_04196,OD_000217
user_04197,OD_000594
user_04198,OD_000132
user_04199,OD_000128
user_04200,OD_000548
user_04201,OD_000444
user_04202,OD_000049
user_04203,OD_000286
user_04204,OD_000190
user_04205,OD_000463
user_04206,OD_000486
user_04207,OD_000006
user_04208,OD_000545
user_04209,OD_000038
user_04210,OD_000234
user_04211,OD_000090
user_04212,OD_000260
user_04213,OD_000358
user_04214,OD_000089
user_04215,OD_000336
user_04216,OD_000516
user_04217,OD_000016
user_04218,OD_000152
user_04219,OD_000116
user_04220,OD_000095
user_04221,OD_000557
user_04222,OD_000376
user_04223,OD_000419
user_04224,OD_000106
user_04225,OD_000563
user_04226,OD_000425
user_04227,OD_000435
user_04228,OD_000221
user_04229,OD_000482
user_04230,OD_000274
user_04231,OD_000170
user_04232,OD_000064
user_04233,OD_000239
user_04234,OD_000060
user_04235,OD_000379
user_04236,OD_000509
user_04237,OD_000122
user_04238,OD_000075
user_04239,OD_000032
user_04240,OD_000200
user_04241,OD_000171
user_04242,OD_000377
user_04243,OD_000375
user_04244,OD_000476
user_04245,OD_000212
user_04246,OD_000056
user_04247,OD_000493
user_04248,OD_000449
user_04249,OD_000033
user_04250,OD_000349
user_04251,OD_000432
user_04252,OD_000098
user_04253,OD_000113
user_04254,OD_000065
user_04255,OD_000136
user_04256,OD_000103
user_04257,OD_000515
user_04258,OD_000542
user_04259,OD_000210
user_04260,OD_000547
user_04261,OD_000461
user_04262,OD_000011
user_04263,OD_000066
user_04264,OD_000457
user_04265,OD_000360
user_04266,OD_000333
user_04267,OD_000110
user_04268,OD_000534
user_04269,OD_000042
user_04270,OD_000082
user_04271,OD_000296
user_04272,OD_000391
user_04273,OD_000197
user_04274,OD_000405
user_04275,OD_000185
user_04276,OD_000292
user_04277,OD_000054
user_04278,OD_000318
user_04279,OD_000104
user_04280,OD_000552
user_04281,OD_000197
user_04282,OD_000258
user_04283,OD_000046
user_04284,OD_000028
user_04285,OD_000368
user_04286,OD_000484
user_04287,OD_000588
user_04288,OD_000246
user_04289,OD_000092
user_04290,OD_000158
user_04291,OD_000483
user_04292,OD_000109
user_04293,OD_000144
user_04294,OD_000266
user_04295,OD_000205
user_04296,OD_000153
user_04297,OD_000470
user_04298,OD_000004
user_04299,OD_000265
user_04300,OD_000537
user_04301,OD_000398
user_04302,OD_000101
user_04303,OD_000495
user_04304,OD_000309
user_04305,OD_000466
user_04306,OD_000321
user_04307,OD_000050
user_04308,OD_000324
user_04309,OD_000048
user_04310,OD_000083
user_04311,OD_000314
user_04312,OD_000037
user_04313,OD_000099
user_04314,OD_000210
user_04315,OD_000313
user_04316,OD_000088
user_04317,OD_000058
user_04318,OD_000215
user_04319,OD_000210
user_04320,OD_000140
user_04321,OD_000520
user_04322,OD_000386
user_04323,OD_000331
user_04324,OD_000165
user_04325,OD_000369
user_04326,OD_000218
user_04327,OD_000522
user_04328,OD_000201
user_04329,OD_000525
user_04330,OD_000352
user_04331,OD_000019
user_04332,OD_000465
user_04333,OD_000184
user_04334,OD_000014
user_04335,OD_000141
user_04336,OD_000103
user_04337,OD_000497
user_04338,OD_000057
user_04339,OD_000117
user_04340,OD_000477
user_04341,OD_000146
user_04342,OD_000193
user_04343,OD_000091
user_04344,OD_000553
user_04345,OD_000307
user_04346,OD_000566
user_04347,OD_000510
user_04348,OD_000438
user_04349,OD_000427
user_04350,OD_000432
user_04351,OD_000284
user_04352,OD_000431
user_04353,OD_000488
user_04354,OD_000164
user_04355,OD_000438
user_04356,OD_000128
user_04357,OD_000219
user_04358,OD_000326
user_04359,OD_000020
user_04360,OD_000122
user_04361,OD_000185
user_04362,OD_000207
user_04363,OD_000040
user_04364,OD_000059
user_04365,OD_000118
user_04366,OD_000295
user_04367,OD_000100
user_04368,OD_000539
user_04369,OD_000501
user_04370,OD_000280
user_04371,OD_000565
user_04372,OD_000272
user_04373,OD_000244
user_04374,OD_000263
user_04375,OD_000202
user_04376,OD_000484
user_04377,OD_000475
user_04378,OD_000028
user_04379,OD_000233
user_04380,OD_000365
user_04381,OD_000247
user_04382,OD_000244
user_04383,OD_000374
user_04384,OD_000026
user_04385,OD_000290
user_04386,OD_000382
user_04387,OD_000482
user_04388,OD_000259
user_04389,OD_000096
user_04390,OD_000370
user_04391,OD_000035
user_04392,OD_000534
user_04393,OD_000381
user_04394,OD_000031
user_04395,OD_000092
user_04396,OD_000247
user_04397,OD_000280
user_04398,OD_000008
user_04399,OD_000588
user_04400,OD_000382
user_04401,OD_000416
user_04402,OD_000086
user_04403,OD_000017
user_04404,OD_000555
user_04405,OD_000405
user_04406,OD_000317
user_04407,OD_000303
user_04408,OD_000040
user_04409,OD_000040
user_04410,OD_000069
user_04411,OD_000332
user_04412,OD_000454
user_04413,OD_000006
user_04414,OD_000509
user_04415,OD_000135
user_04416,OD_000045
user_04417,OD_000299
user_04418,OD_000215
user_04419,OD_000079
user_04420,OD_000530
user_04421,OD_000047
user_04422,OD_000077
user_04423,OD_000459
user_04424,OD_000431
user_04425,OD_000213
user_04426,OD_000184
user_04427,OD_000203
user_04428,OD_000255
user_04429,OD_000357
user_04430,OD_000465
user_04431,OD_000562
user_04432,OD_000581
user_04433,OD_000146
user_04434,OD_000153
user_04435,OD_000001
user_04436,OD_000595
user_04437,OD_000132
user_04438,OD_000434
user_04439,OD_000329
user_04440,OD_000596
user_04441,OD_000113
user_04442,OD_000182
user_04443,OD_000155
user_04444,OD_000195
user_04445,OD_000186
user_04446,OD_000467
user_04447,OD_000456
user_04448,OD_000230
user_04449,OD_000361
user_04450,OD_000186
user_04451,OD_000190
user_04452,OD_000169
user_04453,OD_000515
user_04454,OD_000165
user_04455,OD_000012
user_04456,OD_000375
user_04457,OD_000269
user_04458,OD_000199
user_04459,OD_000241
user_04460,OD_000034
user_04461,OD_000419
user_04462,OD_000500
user_04463,OD_000257
user_04464,OD_000033
user_04465,OD_000112
user_04466,OD_000560
user_04467,OD_000106
user_04468,OD_000036
user_04469,OD_000492
user_04470,OD_000116
user_04471,OD_000192
user_04472,OD_000137
user_04473,OD_000504
user_04474,OD_000058
user_04475,OD_000437
user_04476,OD_000084
user_04477,OD_000429
user_04478,OD_000182
user_04479,OD_000494
user_04480,OD_000271
user_04481,OD_000208
user_04482,OD_000123
user_04483,OD_000280
user_04484,OD_000318
user_04485,OD_000136
user_04486,OD_000297
user_04487,OD_000222
user_04488,OD_000029
user_04489,OD_000023
user_04490,OD_000502
user_04491,OD_000361
user_04492,OD_000254
user_04493,OD_000180
user_04494,OD_000562
user_04495,OD_000384
user_04496,OD_000475
user_04497,OD_000067
user_04498,OD_000110
user_04499,OD_000411
user_04500,OD_000263
user_04501,OD_000235
user_04502,OD_000291
user_04503,OD_000529
user_04504,OD_000024
user_04505,OD_000345
user_04506,OD_000168
user_04507,OD_000199
user_04508,OD_000476
user_04509,OD_000355
user_04510,OD_000016
user_04511,OD_000061
user_04512,OD_000226
user_04513,OD_000307
user_04514,OD_000081
user_04515,OD_000588
user_04516,OD_000413
user_04517,OD_000004
user_04518,OD_000088
user_04519,OD_000264
user_04520,OD_000056
user_04521,OD_000416
user_04522,OD_000346
user_04523,OD_000554
user_04524,OD_000060
user_04525,OD_000174
user_04526,OD_000061
user_04527,OD_000351
user_04528,OD_000259
user_04529,OD_000467
user_04530,OD_000283
user_04531,OD_000286
user_04532,OD_000087
user_04533,OD_000555
user_04534,OD_000011
user_04535,OD_000289
user_04536,OD_000274
user_04537,OD_000017
user_04538,OD_000027
user_04539,OD_000239
user_04540,OD_000574
user_04541,OD_000513
user_04542,OD_000089
user_04543,OD_000330
user_04544,OD_000031
user_04545,OD_000088
user_04546,OD_000267
user_04547,OD_000086
user_04548,OD_000442
user_04549,OD_000480
user_04550,OD_000535
user_04551,OD_000353
user_04552,OD_000276
user_04553,OD_000222
user_04554,OD_000100
user_04555,OD_000390
user_04556,OD_000146
user_04557,OD_000422
user_04558,OD_000164
user_04559,OD_000162
user_04560,OD_000072
user_04561,OD_000126
user_04562,OD_000042
user_04563,OD_000350
user_04564,OD_000325
user_04565,OD_000194
user_04566,OD_000332
user_04567,OD_000173
user_04568,OD_000155
user_04569,OD_000579
user_04570,OD_000487
user_04571,OD_000337
user_04572,OD_000483
user_04573,OD_000015
user_04574,OD_000383
user_04575,OD_000560
user_04576,OD_000280
user_04577,OD_000047
user_04578,OD_000048
user_04579,OD_000071
user_04580,OD_000055
user_04581,OD_000286
user_04582,OD_000480
user_04583,OD_000202
user_04584,OD_000065
user_04585,OD_000324
user_04586,OD_000150
user_04587,OD_000586
user_04588,OD_000113
user_04589,OD_000453
user_04590,OD_000415
user_04591,OD_000199
user_04592,OD_000360
user_04593,OD_000383
user_04594,OD_000092
user_04595,OD_000296
user_04596,OD_000086
user_04597,OD_000356
user_04598,OD_000293
user_04599,OD_000479
user_04600,OD_000096
user_04601,OD_000565
user_04602,OD_000242
user_04603,OD_000464
user_04604,OD_000044
user_04605,OD_000439
user_04606,OD_000450
user_04607,OD_000114
user_04608,OD_000453
user_04609,OD_000190
user_04610,OD_000017
user_04611,OD_000446
user_04612,OD_000010
user_04613,OD_000023
user_04614,OD_000008
user_04615,OD_000078
user_04616,OD_000534
user_04617,OD_000537
user_04618,OD_000275
user_04619,OD_000112
user_04620,OD_000216
user_04621,OD_000409
user_04622,OD_000539
user_04623,OD_000084
user_04624,OD_000166
user_04625,OD_000257
user_04626,OD_000276
user_04627,OD_000237
user_04628,OD_000053
user_04629,OD_000038
user_04630,OD_000539
user_04631,OD_000487
user_04632,OD_000556
user_04633,OD_000039
user_04634,OD_000017
user_04635,OD_000238
user_04636,OD_000411
user_04637,OD_000189
user_04638,OD_000365
user_04639,OD_000150
user_04640,OD_000475
user_04641,OD_000243
user_04642,OD_000427
user_04643,OD_000140
user_04644,OD_000151
user_04645,OD_000306
user_04646,OD_000369
user_04647,OD_000092
user_04648,OD_000077
user_04649,OD_000300
user_04650,OD_000104
user_04651,OD_000319
user_04652,OD_000053
user_04653,OD_000131
user_04654,OD_000038
user_04655,OD_000008
user_04656,OD_000126
user_04657,OD_000106
user_04658,OD_000174
user_04659,OD_000089
user_04660,OD_000526
user_04661,OD_000091
user_04662,OD_000197
user_04663,OD_000086
user_04664,OD_000365
user_04665,OD_000210
user_04666,OD_000404
user_04667,OD_000046
user_04668,OD_000248
user_04669,OD_000014
user_04670,OD_000192
user_04671,OD_000287
user_04672,OD_000096
user_04673,OD_000467
user_04674,OD_000041
user_04675,OD_000572
user_04676,OD_000412
user_04677,OD_000579
user_04678,OD_000566
user_04679,OD_000446
user_04680,OD_000020
user_04681,OD_000318
user_04682,OD_000355
user_04683,OD_000084
user_04684,OD_000291
user_04685,OD_000202
user_04686,OD_000480
user_04687,OD_000364
user_04688,OD_000311
user_04689,OD_000004
user_04690,OD_000469
user_04691,OD_000243
user_04692,OD_000109
user_04693,OD_000306
user_04694,OD_000489
user_04695,OD_000147
user_04696,OD_000164
user_04697,OD_000289
user_04698,OD_000041
user_04699,OD_000388
user_04700,OD_000049
user_04701,OD_000271
user_04702,OD_000267
user_04703,OD_000174
user_04704,OD_000503
user_04705,OD_000548
user_04706,OD_000085
user_04707,OD_000339
user_04708,OD_000227
user_04709,OD_000145
user_04710,OD_000257
user_04711,OD_000411
user_04712,OD_000056
user_04713,OD_000024
user_04714,OD_000138
user_04715,OD_000509
user_04716,OD_000001
user_04717,OD_000135
user_04718,OD_000148
user_04719,OD_000434
user_04720,OD_000321
user_04721,OD_000152
user_04722,OD_000018
user_04723,OD_000371
user_04724,OD_000376
user_04725,OD_000075
user_04726,OD_000291
user_04727,OD_000276
user_04728,OD_000338
user_04729,OD_000329
user_04730,OD_000255
user_04731,OD_000329
user_04732,OD_000176
user_04733,OD_000496
user_04734,OD_000261
user_04735,OD_000036
user_04736,OD_000262
user_04737,OD_000385
user_04738,OD_000287
user_04739,OD_000196
user_04740,OD_000354
user_04741,OD_000406
user_04742,OD_000312
user_04743,OD_000164
user_04744,OD_000397
user_04745,OD_000339
user_04746,OD_000389
user_04747,OD_000447
user_04748,OD_000564
user_04749,OD_000264
user_04750,OD_000469
user_04751,OD_000415
user_04752,OD_000211
user_04753,OD_000050
user_04754,OD_000221
user_04755,OD_000176
user_04756,OD_000185
user_04757,OD_000166
user_04758,OD_000090
user_04759,OD_000484
user_04760,OD_000342
user_04761,OD_000031
user_04762,OD_000472
user_04763,OD_000579
user_04764,OD_000300
user_04765,OD_000263
user_04766,OD_000009
user_04767,OD_000362
user_04768,OD_000560
user_04769,OD_000466
user_04770,OD_000466
user_04771,OD_000379
user_04772,OD_000011
user_04773,OD_000205
user_04774,OD_000188
user_04775,OD_000072
user_04776,OD_000401
user_04777,OD_000324
user_04778,OD_000296
user_04779,OD_000012
user_04780,OD_000346
user_04781,OD_000545
user_04782,OD_000428
user_04783,OD_000266
user_04784,OD_000064
user_04785,OD_000110
user_04786,OD_000370
user_04787,OD_000533
user_04788,OD_000300
user_04789,OD_000123
user_04790,OD_000293
user_04791,OD_000132
user_04792,OD_000179
user_04793,OD_000248
user_04794,OD_000333
user_04795,OD_000002
user_04796,OD_000326
user_04797,OD_000099
user_04798,OD_000247
user_04799,OD_000351
user_04800,OD_000332
user_04801,OD_000253
user_04802,OD_000172
user_04803,OD_000024
user_04804,OD_000155
user_04805,OD_000157
user_04806,OD_000394
user_04807,OD_000394
user_04808,OD_000278
user_04809,OD_000144
user_04810,OD_000314
user_04811,OD_000098
user_04812,OD_000277
user_04813,OD_000040
user_04814,OD_000298
user_04815,OD_000083
user_04816,OD_000345
user_04817,OD_000301
user_04818,OD_000564
user_04819,OD_000198
user_04820,OD_000498
user_04821,OD_000361
user_04822,OD_000194
user_04823,OD_000127
user_04824,OD_000004
user_04825,OD_000363
user_04826,OD_000024
user_04827,OD_000481
user_04828,OD_000257
user_04829,OD_000204
user_04830,OD_000157
user_04831,OD_000174
user_04832,OD_000457
user_04833,OD_000125
user_04834,OD_000213
user_04835,OD_000328
user_04836,OD_000136
user_04837,OD_000100
user_04838,OD_000303
user_04839,OD_000096
user_04840,OD_000242
user_04841,OD_000350
user_04842,OD_000162
user_04843,OD_000343
user_04844,OD_000303
user_04845,OD_000261
user_04846,OD_000041
user_04847,OD_000082
user_04848,OD_000271
user_04849,OD_000111
user_04850,OD_000224
user_04851,OD_000209
user_04852,OD_000074
user_04853,OD_000138
user_04854,OD_000168
user_04855,OD_000107
user_04856,OD_000021
user_04857,OD_000286
user_04858,OD_000042
user_04859,OD_000349
user_04860,OD_000416
user_04861,OD_000041
user_04862,OD_000178
user_04863,OD_000116
user_04864,OD_000503
user_04865,OD_000209
user_04866,OD_000070
user_04867,OD_000046
user_04868,OD_000467
user_04869,OD_000050
user_04870,OD_000331
user_04871,OD_000166
user_04872,OD_000135
user_04873,OD_000179
user_04874,OD_000397
user_04875,OD_000522
user_04876,OD_000031
user_04877,OD_000532
user_04878,OD_000211
user_04879,OD_000189
user_04880,OD_000405
user_04881,OD_000213
user_04882,OD_000118
user_04883,OD_000129
user_04884,OD_000352
user_04885,OD_000222
user_04886,OD_000276
user_04887,OD_000219
user_04888,OD_000079
user_04889,OD_000193
user_04890,OD_000149
user_04891,OD_000008
user_04892,OD_000036
user_04893,OD_000014
user_04894,OD_000081
user_04895,OD_000281
user_04896,OD_000524
user_04897,OD_000036
user_04898,OD_000461
user_04899,OD_000193
user_04900,OD_000072
user_04901,OD_000526
user_04902,OD_000184
user_04903,OD_000489
user_04904,OD_000412
user_04905,OD_000283
user_04906,OD_000471
user_04907,OD_000116
user_04908,OD_000184
user_04909,OD_000147
user_04910,OD_000216
user_04911,OD_000561
user_04912,OD_000309
user_04913,OD_000089
user_04914,OD_000421
user_04915,OD_000141
user_04916,OD_000266
user_04917,OD_000412
user_04918,OD_000423
user_04919,OD_000226
user_04920,OD_000344
user_04921,OD_000024
user_04922,OD_000143
user_04923,OD_000199
user_04924,OD_000400
user_04925,OD_000182
user_04926,OD_000183
user_04927,OD_000003
user_04928,OD_000147
user_04929,OD_000119
user_04930,OD_000050
user_04931,OD_000198
user_04932,OD_000555
user_04933,OD_000078
user_04934,OD_000445
user_04935,OD_000306
user_04936,OD_000245
user_04937,OD_000156
user_04938,OD_000310
user_04939,OD_000589
user_04940,OD_000236
user_04941,OD_000155
user_04942,OD_000120
user_04943,OD_000344
user_04944,OD_000263
user_04945,OD_000421
user_04946,OD_000481
user_04947,OD_000411
user_04948,OD_000294
user_04949,OD_000445
user_04950,OD_000280
user_04951,OD_000309
user_04952,OD_000051
user_04953,OD_000387
user_04954,OD_000319
user_04955,OD_000356
user_04956,OD_000405
user_04957,OD_000259
user_04958,OD_000533
user_04959,OD_000379
user_04960,OD_000341
user_04961,OD_000274
user_04962,OD_000370
user_04963,OD_000098
user_04964,OD_000115
user_04965,OD_000471
user_04966,OD_000039
user_04967,OD_000123
user_04968,OD_000036
user_04969,OD_000252
user_04970,OD_000265
user_04971,OD_000122
user_04972,OD_000061
user_04973,OD_000112
user_04974,OD_000511
user_04975,OD_000407
user_04976,OD_000167
user_04977,OD_000104
user_04978,OD_000224
user_04979,OD_000021
user_04980,OD_000032
user_04981,OD_000387
user_04982,OD_000050
user_04983,OD_000028
user_04984,OD_000001
user_04985,OD_000168
user_04986,OD_000191
user_04987,OD_000400
user_04988,OD_000010
user_04989,OD_000528
user_04990,OD_000203
user_04991,OD_000451
user_04992,OD_000128
user_04993,OD_000315
user_04994,OD_000181
user_04995,OD_000135
user_04996,OD_000111
user_04997,OD_000095
user_04998,OD_000464
user_04999,OD_000252
user_05000,OD_000423
user_05001,OD_000474
user_05002,OD_000284
user_05003,OD_000103
user_05004,OD_000247
user_05005,OD_000051
user_05006,OD_000111
user_05007,OD_000486
user_05008,OD_000514
user_05009,OD_000100
user_05010,OD_000109
user_05011,OD_000248
user_05012,OD_000057
user_05013,OD_000089
user_05014,OD_000393
user_05015,OD_000108
user_05016,OD_000139
user_05017,OD_000266
user_05018,OD_000055
user_05019,OD_000040
user_05020,OD_000385
user_05021,OD_000586
user_05022,OD_000311
user_05023,OD_000162
user_05024,OD_000265
user_05025,OD_000190
user_05026,OD_000035
user_05027,OD_000164
user_05028,OD_000237
user_05029,OD_000515
user_05030,OD_000408
user_05031,OD_000082
user_05032,OD_000419
user_05033,OD_000185
user_05034,OD_000312
user_05035,OD_000074
user_05036,OD_000546
user_05037,OD_000469
user_05038,OD_000191
user_05039,OD_000353
user_05040,OD_000167
user_05041,OD_000414
user_05042,OD_000108
user_05043,OD_000441
user_05044,OD_000557
user_05045,OD_000027
user_05046,OD_000304
user_05047,OD_000104
user_05048,OD_000138
user_05049,OD_000264
user_05050,OD_000009
user_05051,OD_000220
user_05052,OD_000032
user_05053,OD_000026
user_05054,OD_000073
user_05055,OD_000386
user_05056,OD_000006
user_05057,OD_000342
user_05058,OD_000389
user_05059,OD_000212
user_05060,OD_000193
user_05061,OD_000007
user_05062,OD_000430
user_05063,OD_000232
user_05064,OD_000187
user_05065,OD_000558
user_05066,OD_000154
user_05067,OD_000286
user_05068,OD_000153
user_05069,OD_000563
user_05070,OD_000500
user_05071,OD_000126
user_05072,OD_000255
user_05073,OD_000055
user_05074,OD_000345
user_05075,OD_000380
user_05076,OD_000092
user_05077,OD_000237
user_05078,OD_000595
user_05079,OD_000340
user_05080,OD_000225
user_05081,OD_000529
user_05082,OD_000260
user_05083,OD_000374
user_05084,OD_000057
user_05085,OD_000104
user_05086,OD_000038
user_05087,OD_000262
user_05088,OD_000551
user_05089,OD_000031
user_05090,OD_000343
user_05091,OD_000109
user_05092,OD_000487
user_05093,OD_000095
user_05094,OD_000436
user_05095,OD_000162
user_05096,OD_000405
user_05097,OD_000483
user_05098,OD_000427
user_05099,OD_000140
user_05100,OD_000167
user_05101,OD_000267
user_05102,OD_000353
user_05103,OD_000062
user_05104,OD_000375
user_05105,OD_000250
user_05106,OD_000398
user_05107,OD_000064
user_05108,OD_000177
user_05109,OD_000290
user_05110,OD_000208
user_05111,OD_000181
user_05112,OD_000498
user_05113,OD_000248
user_05114,OD_000409
user_05115,OD_000126
user_05116,OD_000485
user_05117,OD_000099
user_05118,OD_000216
user_05119,OD_000098
user_05120,OD_000025
user_05121,OD_000108
user_05122,OD_000355
user_05123,OD_000002
user_05124,OD_000037
user_05125,OD_000126
user_05126,OD_000242
user_05127,OD_000373
user_05128,OD_000008
user_05129,OD_000170
user_05130,OD_000217
user_05131,OD_000554
user_05132,OD_000503
user_05133,OD_000021
user_05134,OD_000228
user_05135,OD_000208
user_05136,OD_000159
user_05137,OD_000570
user_05138,OD_000546
user_05139,OD_000387
user_05140,OD_000406
user_05141,OD_000352
user_05142,OD_000191
user_05143,OD_000052
user_05144,OD_000544
user_05145,OD_000020
user_05146,OD_000058
user_05147,OD_000158
user_05148,OD_000108
user_05149,OD_000123
user_05150,OD_000199
user_05151,OD_000045
user_05152,OD_000454
user_05153,OD_000504
user_05154,OD_000004
user_05155,OD_000151
user_05156,OD_000079
user_05157,OD_000197
user_05158,OD_000043
user_05159,OD_000152
user_05160,OD_000424
user_05161,OD_000570
user_05162,OD_000268
user_05163,OD_000056
user_05164,OD_000196
user_05165,OD_000080
user_05166,OD_000001
user_05167,OD_000386
user_05168,OD_000176
user_05169,OD_000272
user_05170,OD_000132
user_05171,OD_000004
user_05172,OD_000522
user_05173,OD_000086
user_05174,OD_000125
user_05175,OD_000162
user_05176,OD_000251
user_05177,OD_000115
user_05178,OD_000048
user_05179,OD_000145
user_05180,OD_000243
user_05181,OD_000085
user_05182,OD_000113
user_05183,OD_000100
user_05184,OD_000085
user_05185,OD_000531
user_05186,OD_000078
user_05187,OD_000115
user_05188,OD_000357
user_05189,OD_000043
user_05190,OD_000087
user_05191,OD_000166
user_05192,OD_000121
user_05193,OD_000373
user_05194,OD_000333
user_05195,OD_000204
user_05196,OD_000091
user_05197,OD_000411
user_05198,OD_000587
user_05199,OD_000157
user_05200,OD_000071
user_05201,OD_000485
user_05202,OD_000030
user_05203,OD_000459
user_05204,OD_000232
user_05205,OD_000035
user_05206,OD_000447
user_05207,OD_000066
user_05208,OD_000347
user_05209,OD_000024
user_05210,OD_000534
user_05211,OD_000147
user_05212,OD_000007
user_05213,OD_000328
user_05214,OD_000129
user_05215,OD_000407
user_05216,OD_000278
user_05217,OD_000210
user_05218,OD_000133
user_05219,OD_000419
user_05220,OD_000023
user_05221,OD_000548
user_05222,OD_000064
user_05223,OD_000102
user_05224,OD_000358
user_05225,OD_000388
user_05226,OD_000343
user_05227,OD_000132
user_05228,OD_000403
user_05229,OD_000069
user_05230,OD_000347
user_05231,OD_000261
user_05232,OD_000340
user_05233,OD_000445
user_05234,OD_000104
user_05235,OD_000183
user_05236,OD_000061
user_05237,OD_000232
user_05238,OD_000476
user_05239,OD_000373
user_05240,OD_000122
user_05241,OD_000009
user_05242,OD_000060
user_05243,OD_000495
user_05244,OD_000120
user_05245,OD_000491
user_05246,OD_000139
user_05247,OD_000180
user_05248,OD_000374
user_05249,OD_000402
user_05250,OD_000032
user_05251,OD_000210
user_05252,OD_000087
user_05253,OD_000023
user_05254,OD_000383
user_05255,OD_000251
user_05256,OD_000180
user_05257,OD_000558
user_05258,OD_000561
user_05259,OD_000519
user_05260,OD_000443
user_05261,OD_000065
user_05262,OD_000303
user_05263,OD_000461
user_05264,OD_000238
user_05265,OD_000061
user_05266,OD_000396
user_05267,OD_000117
user_05268,OD_000161
user_05269,OD_000104
user_05270,OD_000082
user_05271,OD_000047
user_05272,OD_000257
user_05273,OD_000008
user_05274,OD_000459
user_05275,OD_000049
user_05276,OD_000192
user_05277,OD_000140
user_05278,OD_000372
user_05279,OD_000220
user_05280,OD_000106
user_05281,OD_000229
user_05282,OD_000236
user_05283,OD_000013
user_05284,OD_000101
user_05285,OD_000174
user_05286,OD_000387
user_05287,OD_000473
user_05288,OD_000080
user_05289,OD_000217
user_05290,OD_000058
user_05291,OD_000026
user_05292,OD_000506
user_05293,OD_000046
user_05294,OD_000385
user_05295,OD_000282
user_05296,OD_000231
user_05297,OD_000056
user_05298,OD_000067
user_05299,OD_000194
user_05300,OD_000016
user_05301,OD_000132
user_05302,OD_000415
user_05303,OD_000536
user_05304,OD_000151
user_05305,OD_000297
user_05306,OD_000462
user_05307,OD_000205
user_05308,OD_000364
user_05309,OD_000072
user_05310,OD_000070
user_05311,OD_000024
user_05312,OD_000383
user_05313,OD_000591
user_05314,OD_000116
user_05315,OD_000250
user_05316,OD_000127
user_05317,OD_000171
user_05318,OD_000598
user_05319,OD_000099
user_05320,OD_000571
user_05321,OD_000401
user_05322,OD_000480
user_05323,OD_000336
user_05324,OD_000508
user_05325,OD_000533
user_05326,OD_000583
user_05327,OD_000145
user_05328,OD_000084
user_05329,OD_000028
user_05330,OD_000147
user_05331,OD_000190
user_05332,OD_000499
user_05333,OD_000516
user_05334,OD_000014
user_05335,OD_000368
user_05336,OD_000188
user_05337,OD_000027
user_05338,OD_000184
user_05339,OD_000349
user_05340,OD_000420
user_05341,OD_000069
user_05342,OD_000346
user_05343,OD_000080
user_05344,OD_000047
user_05345,OD_000363
user_05346,OD_000101
user_05347,OD_000183
user_05348,OD_000103
user_05349,OD_000021
user_05350,OD_000084
user_05351,OD_000329
user_05352,OD_000242
user_05353,OD_000037
user_05354,OD_000261
user_05355,OD_000168
user_05356,OD_000488
user_05357,OD_000160
user_05358,OD_000587
user_05359,OD_000221
user_05360,OD_000249
user_05361,OD_000262
user_05362,OD_000288
user_05363,OD_000202
user_05364,OD_000518
user_05365,OD_000386
user_05366,OD_000239
user_05367,OD_000001
user_05368,OD_000012
user_05369,OD_000500
user_05370,OD_000391
user_05371,OD_000399
user_05372,OD_000501
user_05373,OD_000319
user_05374,OD_000316
user_05375,OD_000323
user_05376,OD_000034
user_05377,OD_000437
user_05378,OD_000054
user_05379,OD_000081
user_05380,OD_000227
user_05381,OD_000193
user_05382,OD_000150
user_05383,OD_000155
user_05384,OD_000183
user_05385,OD_000415
user_05386,OD_000363
user_05387,OD_000228
user_05388,OD_000592
user_05389,OD_000476
user_05390,OD_000396
user_05391,OD_000267
user_05392,OD_000066
user_05393,OD_000063
user_05394,OD_000446
user_05395,OD_000155
user_05396,OD_000101
user_05397,OD_000375
user_05398,OD_000235
user_05399,OD_000287
user_05400,OD_000168
user_05401,OD_000119
user_05402,OD_000042
user_05403,OD_000228
user_05404,OD_000257
user_05405,OD_000206
user_05406,OD_000381
user_05407,OD_000022
user_05408,OD_000028
user_05409,OD_000211
user_05410,OD_000533
user_05411,OD_000147
user_05412,OD_000562
user_05413,OD_000204
user_05414,OD_000347
user_05415,OD_000362
user_05416,OD_000130
user_05417,OD_000411
user_05418,OD_000187
user_05419,OD_000176
user_05420,OD_000027
user_05421,OD_000375
user_05422,OD_000082
user_05423,OD_000441
user_05424,OD_000319
user_05425,OD_000271
user_05426,OD_000282
user_05427,OD_000025
user_05428,OD_000113
user_05429,OD_000540
user_05430,OD_000020
user_05431,OD_000155
user_05432,OD_000451
user_05433,OD_000038
user_05434,OD_000489
user_05435,OD_000390
user_05436,OD_000099
user_05437,OD_000423
user_05438,OD_000020
user_05439,OD_000168
user_05440,OD_000232
user_05441,OD_000127
user_05442,OD_000383
user_05443,OD_000581
user_05444,OD_000027
user_05445,OD_000078
user_05446,OD_000223
user_05447,OD_000333
user_05448,OD_000098
user_05449,OD_000246
user_05450,OD_000151
user_05451,OD_000536
user_05452,OD_000443
user_05453,OD_000071
user_05454,OD_000032
user_05455,OD_000417
user_05456,OD_000266
user_05457,OD_000293
user_05458,OD_000351
user_05459,OD_000166
user_05460,OD_000538
user_05461,OD_000471
user_05462,OD_000330
user_05463,OD_000448
user_05464,OD_000096
user_05465,OD_000068
user_05466,OD_000350
user_05467,OD_000009
user_05468,OD_000109
user_05469,OD_000475
user_05470,OD_000184
user_05471,OD_000169
user_05472,OD_000568
user_05473,OD_000314
user_05474,OD_000032
user_05475,OD_000049
user_05476,OD_000120
user_05477,OD_000448
user_05478,OD_000360
user_05479,OD_000497
user_05480,OD_000528
user_05481,OD_000519
user_05482,OD_000540
user_05483,OD_000205
user_05484,OD_000523
user_05485,OD_000542
user_05486,OD_000079
user_05487,OD_000437
user_05488,OD_000364
user_05489,OD_000095
user_05490,OD_000594
user_05491,OD_000362
user_05492,OD_000071
user_05493,OD_000205
user_05494,OD_000330
user_05495,OD_000433
user_05496,OD_000296
user_05497,OD_000051
user_05498,OD_000127
user_05499,OD_000113
user_05500,OD_000468
user_05501,OD_000027
user_05502,OD_000422
user_05503,OD_000055
user_05504,OD_000026
user_05505,OD_000535
user_05506,OD_000143
user_05507,OD_000091
user_05508,OD_000150
user_05509,OD_000215
user_05510,OD_000424
user_05511,OD_000035
user_05512,OD_000140
user_05513,OD_000099
user_05514,OD_000142
user_05515,OD_000497
user_05516,OD_000353
user_05517,OD_000141
user_05518,OD_000493
user_05519,OD_000373
user_05520,OD_000408
user_05521,OD_000127
user_05522,OD_000033
user_05523,OD_000179
user_05524,OD_000299
user_05525,OD_000221
user_05526,OD_000192
user_05527,OD_000114
user_05528,OD_000486
user_05529,OD_000118
user_05530,OD_000572
user_05531,OD_000315
user_05532,OD_000461
user_05533,OD_000180
user_05534,OD_000363
user_05535,OD_000267
user_05536,OD_000313
user_05537,OD_000172
user_05538,OD_000442
user_05539,OD_000120
user_05540,OD_000445
user_05541,OD_000099
user_05542,OD_000093
user_05543,OD_000309
user_05544,OD_000141
user_05545,OD_000229
user_05546,OD_000186
user_05547,OD_000032
user_05548,OD_000384
user_05549,OD_000447
user_05550,OD_000069
user_05551,OD_000370
user_05552,OD_000323
user_05553,OD_000547
user_05554,OD_000071
user_05555,OD_000337
user_05556,OD_000188
user_05557,OD_000067
user_05558,OD_000143
user_05559,OD_000169
user_05560,OD_000578
user_05561,OD_000193
user_05562,OD_000046
user_05563,OD_000429
user_05564,OD_000129
user_05565,OD_000306
user_05566,OD_000392
user_05567,OD_000144
user_05568,OD_000561
user_05569,OD_000094
user_05570,OD_000530
user_05571,OD_000087
user_05572,OD_000269
user_05573,OD_000019
user_05574,OD_000426
user_05575,OD_000061
user_05576,OD_000182
user_05577,OD_000071
user_05578,OD_000093
user_05579,OD_000085
user_05580,OD_000225
user_05581,OD_000363
user_05582,OD_000235
user_05583,OD_000444
user_05584,OD_000323
user_05585,OD_000039
user_05586,OD_000518
user_05587,OD_000173
user_05588,OD_000169
user_05589,OD_000351
user_05590,OD_000238
user_05591,OD_000557
user_05592,OD_000310
user_05593,OD_000560
user_05594,OD_000424
user_05595,OD_000035
user_05596,OD_000355
user_05597,OD_000432
user_05598,OD_000541
user_05599,OD_000006
user_05600,OD_000331
user_05601,OD_000223
user_05602,OD_000348
user_05603,OD_000355
user_05604,OD_000335
user_05605,OD_000227
user_05606,OD_000130
user_05607,OD_000168
user_05608,OD_000466
user_05609,OD_000540
user_05610,OD_000327
user_05611,OD_000410
user_05612,OD_000138
user_05613,OD_000222
user_05614,OD_000399
user_05615,OD_000494
user_05616,OD_000131
user_05617,OD_000041
user_05618,OD_000288
user_05619,OD_000071
user_05620,OD_000150
user_05621,OD_000253
user_05622,OD_000442
user_05623,OD_000009
user_05624,OD_000210
user_05625,OD_000095
user_05626,OD_000259
user_05627,OD_000067
user_05628,OD_000149
user_05629,OD_000458
user_05630,OD_000073
user_05631,OD_000247
user_05632,OD_000156
user_05633,OD_000461
user_05634,OD_000387
user_05635,OD_000346
user_05636,OD_000187
user_05637,OD_000126
user_05638,OD_000596
user_05639,OD_000111
user_05640,OD_000553
user_05641,OD_000159
user_05642,OD_000183
user_05643,OD_000092
user_05644,OD_000499
user_05645,OD_000420
user_05646,OD_000515
user_05647,OD_000595
user_05648,OD_000304
user_05649,OD_000060
user_05650,OD_000110
user_05651,OD_000295
user_05652,OD_000004
user_05653,OD_000154
user_05654,OD_000049
user_05655,OD_000390
user_05656,OD_000115
user_05657,OD_000325
user_05658,OD_000087
user_05659,OD_000029
user_05660,OD_000364
user_05661,OD_000575
user_05662,OD_000334
user_05663,OD_000309
user_05664,OD_000338
user_05665,OD_000225
user_05666,OD_000009
user_05667,OD_000385
user_05668,OD_000513
user_05669,OD_000288
user_05670,OD_000183
user_05671,OD_000115
user_05672,OD_000218
user_05673,OD_000499
user_05674,OD_000418
user_05675,OD_000053
user_05676,OD_000146
user_05677,OD_000091
user_05678,OD_000045
user_05679,OD_000072
user_05680,OD_000302
user_05681,OD_000004
user_05682,OD_000335
user_05683,OD_000413
user_05684,OD_000055
user_05685,OD_000280
user_05686,OD_000260
user_05687,OD_000152
user_05688,OD_000288
user_05689,OD_000177
user_05690,OD_000262
user_05691,OD_000175
user_05692,OD_000318
user_05693,OD_000202
user_05694,OD_000451
user_05695,OD_000520
user_05696,OD_000079
user_05697,OD_000018
user_05698,OD_000598
user_05699,OD_000033
user_05700,OD_000356
user_05701,OD_000471
user_05702,OD_000242
user_05703,OD_000343
user_05704,OD_000183
user_05705,OD_000456
user_05706,OD_000251
user_05707,OD_000301
user_05708,OD_000196
user_05709,OD_000209
user_05710,OD_000031
user_05711,OD_000161
user_05712,OD_000336
user_05713,OD_000167
user_05714,OD_000106
user_05715,OD_000502
user_05716,OD_000141
user_05717,OD_000281
user_05718,OD_000557
user_05719,OD_000389
user_05720,OD_000063
user_05721,OD_000223
user_05722,OD_000559
user_05723,OD_000184
user_05724,OD_000086
user_05725,OD_000536
user_05726,OD_000016
user_05727,OD_000599
user_05728,OD_000580
user_05729,OD_000112
user_05730,OD_000087
user_05731,OD_000075
user_05732,OD_000011
user_05733,OD_000138
user_05734,OD_000197
user_05735,OD_000247
user_05736,OD_000501
user_05737,OD_000426
user_05738,OD_000316
user_05739,OD_000123
user_05740,OD_000472
user_05741,OD_000264
user_05742,OD_000077
user_05743,OD_000408
user_05744,OD_000454
user_05745,OD_000453
user_05746,OD_000010
user_05747,OD_000134
user_05748,OD_000411
user_05749,OD_000134
user_05750,OD_000339
user_05751,OD_000385
user_05752,OD_000357
user_05753,OD_000057
user_05754,OD_000299
user_05755,OD_000355
user_05756,OD_000422
user_05757,OD_000520
user_05758,OD_000524
user_05759,OD_000108
user_05760,OD_000565
user_05761,OD_000413
user_05762,OD_000277
user_05763,OD_000406
user_05764,OD_000429
user_05765,OD_000149
user_05766,OD_000067
user_05767,OD_000053
user_05768,OD_000175
user_05769,OD_000527
user_05770,OD_000232
user_05771,OD_000074
user_05772,OD_000223
user_05773,OD_000527
user_05774,OD_000236
user_05775,OD_000394
user_05776,OD_000447
user_05777,OD_000258
user_05778,OD_000085
user_05779,OD_000551
user_05780,OD_000150
user_05781,OD_000373
user_05782,OD_000237
user_05783,OD_000208
user_05784,OD_000189
user_05785,OD_000080
user_05786,OD_000147
user_05787,OD_000315
user_05788,OD_000133
user_05789,OD_000243
user_05790,OD_000341
user_05791,OD_000036
user_05792,OD_000441
user_05793,OD_000583
user_05794,OD_000445
user_05795,OD_000003
user_05796,OD_000522
user_05797,OD_000537
user_05798,OD_000152
user_05799,OD_000399
user_05800,OD_000124
user_05801,OD_000536
user_05802,OD_000007
user_05803,OD_000530
user_05804,OD_000407
user_05805,OD_000439
user_05806,OD_000211
user_05807,OD_000171
user_05808,OD_000237
user_05809,OD_000212
user_05810,OD_000439
user_05811,OD_000334
user_05812,OD_000504
user_05813,OD_000034
user_05814,OD_000317
user_05815,OD_000442
user_05816,OD_000099
user_05817,OD_000065
user_05818,OD_000586
user_05819,OD_000109
user_05820,OD_000330
user_05821,OD_000481
user_05822,OD_000165
user_05823,OD_000532
user_05824,OD_000277
user_05825,OD_000014
user_05826,OD_000053
user_05827,OD_000193
user_05828,OD_000507
user_05829,OD_000108
user_05830,OD_000198
user_05831,OD_000254
user_05832,OD_000051
user_05833,OD_000130
user_05834,OD_000197
user_05835,OD_000026
user_05836,OD_000266
user_05837,OD_000139
user_05838,OD_000346
user_05839,OD_000222
user_05840,OD_000470
user_05841,OD_000081
user_05842,OD_000396
user_05843,OD_000361
user_05844,OD_000497
user_05845,OD_000573
user_05846,OD_000354
user_05847,OD_000171
user_05848,OD_000429
user_05849,OD_000541
user_05850,OD_000006
user_05851,OD_000051
user_05852,OD_000530
user_05853,OD_000311
user_05854,OD_000505
user_05855,OD_000480
user_05856,OD_000139
user_05857,OD_000527
user_05858,OD_000048
user_05859,OD_000044
user_05860,OD_000036
user_05861,OD_000238
user_05862,OD_000131
user_05863,OD_000164
user_05864,OD_000459
user_05865,OD_000072
user_05866,OD_000481
user_05867,OD_000185
user_05868,OD_000311
user_05869,OD_000223
user_05870,OD_000283
user_05871,OD_000433
user_05872,OD_000237
user_05873,OD_000365
user_05874,OD_000506
user_05875,OD_000422
user_05876,OD_000462
user_05877,OD_000436
user_05878,OD_000270
user_05879,OD_000002
user_05880,OD_000296
user_05881,OD_000114
user_05882,OD_000526
user_05883,OD_000214
user_05884,OD_000537
user_05885,OD_000231
user_05886,OD_000172
user_05887,OD_000232
user_05888,OD_000204
user_05889,OD_000380
user_05890,OD_000240
user_05891,OD_000111
user_05892,OD_000129
user_05893,OD_000597
user_05894,OD_000322
user_05895,OD_000009
user_05896,OD_000113
user_05897,OD_000062
user_05898,OD_000371
user_05899,OD_000043
user_05900,OD_000075
user_05901,OD_000441
user_05902,OD_000592
user_05903,OD_000032
user_05904,OD_000161
user_05905,OD_000389
user_05906,OD_000268
user_05907,OD_000194
user_05908,OD_000452
user_05909,OD_000322
user_05910,OD_000089
user_05911,OD_000142
user_05912,OD_000004
user_05913,OD_000356
user_05914,OD_000205
user_05915,OD_000260
user_05916,OD_000020
user_05917,OD_000408
user_05918,OD_000418
user_05919,OD_000128
user_05920,OD_000161
user_05921,OD_000395
user_05922,OD_000431
user_05923,OD_000495
user_05924,OD_000145
user_05925,OD_000011
user_05926,OD_000590
user_05927,OD_000005
user_05928,OD_000240
user_05929,OD_000249
user_05930,OD_000121
user_05931,OD_000360
user_05932,OD_000317
user_05933,OD_000130
user_05934,OD_000248
user_05935,OD_000434
user_05936,OD_000141
user_05937,OD_000148
user_05938,OD_000219
user_05939,OD_000142
user_05940,OD_000428
user_05941,OD_000305
user_05942,OD_000349
user_05943,OD_000143
user_05944,OD_000372
user_05945,OD_000386
user_05946,OD_000432
user_05947,OD_000543
user_05948,OD_000354
user_05949,OD_000232
user_05950,OD_000163
user_05951,OD_000257
user_05952,OD_000579
user_05953,OD_000420
user_05954,OD_000249
user_05955,OD_000102
user_05956,OD_000048
user_05957,OD_000086
user_05958,OD_000016
user_05959,OD_000436
user_05960,OD_000395
user_05961,OD_000204
user_05962,OD_000196
user_05963,OD_000153
user_05964,OD_000316
user_05965,OD_000450
user_05966,OD_000225
user_05967,OD_000381
user_05968,OD_000458
user_05969,OD_000017
user_05970,OD_000363
user_05971,OD_000156
user_05972,OD_000311
user_05973,OD_000451
user_05974,OD_000395
user_05975,OD_000101
user_05976,OD_000345
user_05977,OD_000466
user_05978,OD_000269
user_05979,OD_000096
user_05980,OD_000322
user_05981,OD_000541
user_05982,OD_000159
user_05983,OD_000399
user_05984,OD_000492
user_05985,OD_000077
user_05986,OD_000143
user_05987,OD_000493
user_05988,OD_000006
user_05989,OD_000007
user_05990,OD_000042
user_05991,OD_000056
user_05992,OD_000421
user_05993,OD_000361
user_05994,OD_000074
user_05995,OD_000091
user_05996,OD_000279
user_05997,OD_000541
user_05998,OD_000284
user_05999,OD_000574
user_06000,OD_000023
user_06001,OD_000168
user_06002,OD_000057
user_06003,OD_000419
user_06004,OD_000233
user_06005,OD_000370
user_06006,OD_000366
user_06007,OD_000162
user_06008,OD_000485
user_06009,OD_000235
user_06010,OD_000018
user_06011,OD_000212
user_06012,OD_000262
user_06013,OD_000592
user_06014,OD_000239
user_06015,OD_000164
user_06016,OD_000275
user_06017,OD_000013
user_06018,OD_000022
user_06019,OD_000300
user_06020,OD_000309
user_06021,OD_000241
user_06022,OD_000010
user_06023,OD_000216
user_06024,OD_000281
user_06025,OD_000088
user_06026,OD_000539
user_06027,OD_000510
user_06028,OD_000144
user_06029,OD_000126
user_06030,OD_000109
user_06031,OD_000471
user_06032,OD_000551
user_06033,OD_000374
user_06034,OD_000166
user_06035,OD_000018
user_06036,OD_000042
user_06037,OD_000402
user_06038,OD_000329
user_06039,OD_000402
user_06040,OD_000489
user_06041,OD_000039
user_06042,OD_000147
user_06043,OD_000065
user_06044,OD_000424
user_06045,OD_000370
user_06046,OD_000250
user_06047,OD_000095
user_06048,OD_000443
user_06049,OD_000202
user_06050,OD_000313
user_06051,OD_000539
user_06052,OD_000006
user_06053,OD_000082
user_06054,OD_000011
user_06055,OD_000139
user_06056,OD_000015
user_06057,OD_000418
user_06058,OD_000231
user_06059,OD_000509
user_06060,OD_000175
user_06061,OD_000140
user_06062,OD_000324
user_06063,OD_000265
user_06064,OD_000237
user_06065,OD_000179
user_06066,OD_000306
user_06067,OD_000061
user_06068,OD_000230
user_06069,OD_000150
user_06070,OD_000383
user_06071,OD_000283
user_06072,OD_000040
user_06073,OD_000368
user_06074,OD_000548
user_06075,OD_000211
user_06076,OD_000011
user_06077,OD_000264
user_06078,OD_000532
user_06079,OD_000220
user_06080,OD_000118
user_06081,OD_000106
user_06082,OD_000092
user_06083,OD_000418
user_06084,OD_000010
user_06085,OD_000286
user_06086,OD_000225
user_06087,OD_000395
user_06088,OD_000090
user_06089,OD_000416
user_06090,OD_000234
user_06091,OD_000244
user_06092,OD_000076
user_06093,OD_000120
user_06094,OD_000111
user_06095,OD_000516
user_06096,OD_000058
user_06097,OD_000487
user_06098,OD_000372
user_06099,OD_000074
user_06100,OD_000307
user_06101,OD_000350
user_06102,OD_000510
user_06103,OD_000469
user_06104,OD_000201
user_06105,OD_000295
user_06106,OD_000227
user_06107,OD_000154
user_06108,OD_000149
user_06109,OD_000005
user_06110,OD_000001
user_06111,OD_000064
user_06112,OD_000036
user_06113,OD_000032
user_06114,OD_000152
user_06115,OD_000512
user_06116,OD_000100
user_06117,OD_000541
user_06118,OD_000020
user_06119,OD_000237
user_06120,OD_000163
user_06121,OD_000010
user_06122,OD_000292
user_06123,OD_000492
user_06124,OD_000599
user_06125,OD_000024
user_06126,OD_000246
user_06127,OD_000246
user_06128,OD_000303
user_06129,OD_000076
user_06130,OD_000401
user_06131,OD_000394
user_06132,OD_000017
user_06133,OD_000003
user_06134,OD_000100
user_06135,OD_000556
user_06136,OD_000069
user_06137,OD_000099
user_06138,OD_000322
user_06139,OD_000460
user_06140,OD_000469
user_06141,OD_000298
user_06142,OD_000077
user_06143,OD_000065
user_06144,OD_000039
user_06145,OD_000300
user_06146,OD_000065
user_06147,OD_000413
user_06148,OD_000203
user_06149,OD_000183
user_06150,OD_000177
user_06151,OD_000005
user_06152,OD_000026
user_06153,OD_000275
user_06154,OD_000365
user_06155,OD_000133
user_06156,OD_000584
user_06157,OD_000167
user_06158,OD_000283
user_06159,OD_000084
user_06160,OD_000221
user_06161,OD_000011
user_06162,OD_000315
user_06163,OD_000294
user_06164,OD_000484
user_06165,OD_000097
user_06166,OD_000123
user_06167,OD_000597
user_06168,OD_000182
user_06169,OD_000545
user_06170,OD_000290
user_06171,OD_000287
user_06172,OD_000287
user_06173,OD_000415
user_06174,OD_000117
user_06175,OD_000159
user_06176,OD_000160
user_06177,OD_000367
user_06178,OD_000436
user_06179,OD_000438
user_06180,OD_000145
user_06181,OD_000003
user_06182,OD_000380
user_06183,OD_000475
user_06184,OD_000007
user_06185,OD_000138
user_06186,OD_000262
user_06187,OD_000169
user_06188,OD_000405
user_06189,OD_000063
user_06190,OD_000169
user_06191,OD_000089
user_06192,OD_000138
user_06193,OD_000535
user_06194,OD_000551
user_06195,OD_000060
user_06196,OD_000022
user_06197,OD_000351
user_06198,OD_000540
user_06199,OD_000215
user_06200,OD_000043
user_06201,OD_000526
user_06202,OD_000153
user_06203,OD_000336
user_06204,OD_000508
user_06205,OD_000031
user_06206,OD_000045
user_06207,OD_000148
user_06208,OD_000545
user_06209,OD_000456
user_06210,OD_000165
user_06211,OD_000252
user_06212,OD_000062
user_06213,OD_000323
user_06214,OD_000188
user_06215,OD_000067
user_06216,OD_000127
user_06217,OD_000386
user_06218,OD_000367
user_06219,OD_000300
user_06220,OD_000115
user_06221,OD_000205
user_06222,OD_000328
user_06223,OD_000168
user_06224,OD_000130
user_06225,OD_000107
user_06226,OD_000369
user_06227,OD_000036
user_06228,OD_000341
user_06229,OD_000524
user_06230,OD_000157
user_06231,OD_000122
user_06232,OD_000066
user_06233,OD_000203
user_06234,OD_000034
user_06235,OD_000038
user_06236,OD_000377
user_06237,OD_000540
user_06238,OD_000225
user_06239,OD_000211
user_06240,OD_000044
user_06241,OD_000099
user_06242,OD_000269
user_06243,OD_000022
user_06244,OD_000111
user_06245,OD_000166
user_06246,OD_000409
user_06247,OD_000508
user_06248,OD_000339
user_06249,OD_000193
user_06250,OD_000415
user_06251,OD_000509
user_06252,OD_000348
user_06253,OD_000124
user_06254,OD_000441
user_06255,OD_000256
user_06256,OD_000439
user_06257,OD_000369
user_06258,OD_000051
user_06259,OD_000170
user_06260,OD_000381
user_06261,OD_000176
user_06262,OD_000059
user_06263,OD_000335
user_06264,OD_000376
user_06265,OD_000227
user_06266,OD_000008
user_06267,OD_000517
user_06268,OD_000125
user_06269,OD_000535
user_06270,OD_000003
user_06271,OD_000181
user_06272,OD_000170
user_06273,OD_000262
user_06274,OD_000119
user_06275,OD_000115
user_06276,OD_000433
user_06277,OD_000585
user_06278,OD_000364
user_06279,OD_000305
user_06280,OD_000363
user_06281,OD_000470
user_06282,OD_000226
user_06283,OD_000115
user_06284,OD_000224
user_06285,OD_000148
user_06286,OD_000271
user_06287,OD_000270
user_06288,OD_000171
user_06289,OD_000550
user_06290,OD_000045
user_06291,OD_000588
user_06292,OD_000097
user_06293,OD_000113
user_06294,OD_000096
user_06295,OD_000532
user_06296,OD_000401
user_06297,OD_000018
user_06298,OD_000390
user_06299,OD_000583
user_06300,OD_000009
user_06301,OD_000289
user_06302,OD_000329
user_06303,OD_000343
user_06304,OD_000042
user_06305,OD_000003
user_06306,OD_000316
user_06307,OD_000063
user_06308,OD_000168
user_06309,OD_000083
user_06310,OD_000242
user_06311,OD_000589
user_06312,OD_000177
user_06313,OD_000424
user_06314,OD_000194
user_06315,OD_000464
user_06316,OD_000444
user_06317,OD_000357
user_06318,OD_000085
user_06319,OD_000468
user_06320,OD_000120
user_06321,OD_000094
user_06322,OD_000317
user_06323,OD_000535
user_06324,OD_000228
user_06325,OD_000060
user_06326,OD_000073
user_06327,OD_000139
user_06328,OD_000374
user_06329,OD_000034
user_06330,OD_000525
user_06331,OD_000538
user_06332,OD_000036
user_06333,OD_000134
user_06334,OD_000180
user_06335,OD_000262
user_06336,OD_000016
user_06337,OD_000319
user_06338,OD_000578
user_06339,OD_000187
user_06340,OD_000030
user_06341,OD_000238
user_06342,OD_000342
user_06343,OD_000206
user_06344,OD_000505
user_06345,OD_000195
user_06346,OD_000273
user_06347,OD_000122
user_06348,OD_000190
user_06349,OD_000297
user_06350,OD_000177
user_06351,OD_000167
user_06352,OD_000130
user_06353,OD_000035
user_06354,OD_000094
user_06355,OD_000002
user_06356,OD_000228
user_06357,OD_000123
user_06358,OD_000224
user_06359,OD_000075
user_06360,OD_000051
user_06361,OD_000364
user_06362,OD_000483
user_06363,OD_000531
user_06364,OD_000414
user_06365,OD_000274
user_06366,OD_000494
user_06367,OD_000403
user_06368,OD_000038
user_06369,OD_000277
user_06370,OD_000281
user_06371,OD_000312
user_06372,OD_000236
user_06373,OD_000220
user_06374,OD_000181
user_06375,OD_000203
user_06376,OD_000215
user_06377,OD_000090
user_06378,OD_000099
user_06379,OD_000499
user_06380,OD_000229
user_06381,OD_000232
user_06382,OD_000082
user_06383,OD_000170
user_06384,OD_000438
user_06385,OD_000600
user_06386,OD_000019
user_06387,OD_000375
user_06388,OD_000527
user_06389,OD_000342
user_06390,OD_000119
user_06391,OD_000074
user_06392,OD_000512
user_06393,OD_000468
user_06394,OD_000581
user_06395,OD_000463
user_06396,OD_000229
user_06397,OD_000050
user_06398,OD_000187
user_06399,OD_000500
user_06400,OD_000256
user_06401,OD_000224
user_06402,OD_000383
user_06403,OD_000208
user_06404,OD_000175
user_06405,OD_000144
user_06406,OD_000113
user_06407,OD_000304
user_06408,OD_000502
user_06409,OD_000090
user_06410,OD_000129
user_06411,OD_000561
user_06412,OD_000076
user_06413,OD_000498
user_06414,OD_000440
user_06415,OD_000368
user_06416,OD_000177
user_06417,OD_000159
user_06418,OD_000252
user_06419,OD_000058
user_06420,OD_000287
user_06421,OD_000302
user_06422,OD_000385
user_06423,OD_000025
user_06424,OD_000096
user_06425,OD_000027
user_06426,OD_000005
user_06427,OD_000148
user_06428,OD_000543
user_06429,OD_000075
user_06430,OD_000065
user_06431,OD_000053
user_06432,OD_000594
user_06433,OD_000155
user_06434,OD_000235
user_06435,OD_000368
user_06436,OD_000292
user_06437,OD_000375
user_06438,OD_000574
user_06439,OD_000368
user_06440,OD_000254
user_06441,OD_000412
user_06442,OD_000026
user_06443,OD_000421
user_06444,OD_000334
user_06445,OD_000099
user_06446,OD_000466
user_06447,OD_000502
user_06448,OD_000555
user_06449,OD_000231
user_06450,OD_000246
user_06451,OD_000526
user_06452,OD_000406
user_06453,OD_000114
user_06454,OD_000464
user_06455,OD_000105
user_06456,OD_000445
user_06457,OD_000339
user_06458,OD_000403
user_06459,OD_000187
user_06460,OD_000302
user_06461,OD_000591
user_06462,OD_000264
user_06463,OD_000180
user_06464,OD_000521
user_06465,OD_000126
user_06466,OD_000049
user_06467,OD_000153
user_06468,OD_000052
user_06469,OD_000276
user_06470,OD_000002
user_06471,OD_000552
user_06472,OD_000518
user_06473,OD_000151
user_06474,OD_000454
user_06475,OD_000109
user_06476,OD_000054
user_06477,OD_000444
user_06478,OD_000308
user_06479,OD_000033
user_06480,OD_000163
user_06481,OD_000384
user_06482,OD_000357
user_06483,OD_000075
user_06484,OD_000048
user_06485,OD_000542
user_06486,OD_000181
user_06487,OD_000156
user_06488,OD_000393
user_06489,OD_000024
user_06490,OD_000058
user_06491,OD_000195
user_06492,OD_000169
user_06493,OD_000172
user_06494,OD_000003
user_06495,OD_000598
user_06496,OD_000149
user_06497,OD_000064
user_06498,OD_000529
user_06499,OD_000209
user_06500,OD_000230
user_06501,OD_000290
user_06502,OD_000536
user_06503,OD_000260
user_06504,OD_000157
user_06505,OD_000159
user_06506,OD_000450
user_06507,OD_000386
user_06508,OD_000587
user_06509,OD_000424
user_06510,OD_000324
user_06511,OD_000495
user_06512,OD_000587
user_06513,OD_000246
user_06514,OD_000404
user_06515,OD_000132
user_06516,OD_000294
user_06517,OD_000363
user_06518,OD_000478
user_06519,OD_000424
user_06520,OD_000058
user_06521,OD_000257
user_06522,OD_000125
user_06523,OD_000128
user_06524,OD_000295
user_06525,OD_000486
user_06526,OD_000285
user_06527,OD_000131
user_06528,OD_000530
user_06529,OD_000326
user_06530,OD_000173
user_06531,OD_000127
user_06532,OD_000087
user_06533,OD_000280
user_06534,OD_000367
user_06535,OD_000255
user_06536,OD_000303
user_06537,OD_000200
user_06538,OD_000137
user_06539,OD_000549
user_06540,OD_000556
user_06541,OD_000113
user_06542,OD_000372
user_06543,OD_000314
user_06544,OD_000154
user_06545,OD_000428
user_06546,OD_000178
user_06547,OD_000510
user_06548,OD_000248
user_06549,OD_000252
user_06550,OD_000147
user_06551,OD_000529
user_06552,OD_000028
user_06553,OD_000164
user_06554,OD_000084
user_06555,OD_000255
user_06556,OD_000335
user_06557,OD_000142
user_06558,OD_000001
user_06559,OD_000164
user_06560,OD_000396
user_06561,OD_000207
user_06562,OD_000145
user_06563,OD_000124
user_06564,OD_000304
user_06565,OD_000060
user_06566,OD_000255
user_06567,OD_000361
user_06568,OD_000138
user_06569,OD_000238
user_06570,OD_000018
user_06571,OD_000016
user_06572,OD_000517
user_06573,OD_000254
user_06574,OD_000268
user_06575,OD_000543
user_06576,OD_000126
user_06577,OD_000140
user_06578,OD_000066
user_06579,OD_000503
user_06580,OD_000198
user_06581,OD_000296
user_06582,OD_000057
user_06583,OD_000238
user_06584,OD_000452
user_06585,OD_000233
user_06586,OD_000079
user_06587,OD_000138
user_06588,OD_000191
user_06589,OD_000174
user_06590,OD_000270
user_06591,OD_000107
user_06592,OD_000446
user_06593,OD_000491
user_06594,OD_000330
user_06595,OD_000566
user_06596,OD_000019
user_06597,OD_000243
user_06598,OD_000320
user_06599,OD_000414
user_06600,OD_000275
user_06601,OD_000373
user_06602,OD_000401
user_06603,OD_000302
user_06604,OD_000220
user_06605,OD_000334
user_06606,OD_000018
user_06607,OD_000058
user_06608,OD_000388
user_06609,OD_000328
user_06610,OD_000233
user_06611,OD_000190
user_06612,OD_000371
user_06613,OD_000009
user_06614,OD_000512
user_06615,OD_000121
user_06616,OD_000385
user_06617,OD_000029
user_06618,OD_000521
user_06619,OD_000068
user_06620,OD_000070
user_06621,OD_000189
user_06622,OD_000028
user_06623,OD_000145
user_06624,OD_000022
user_06625,OD_000118
user_06626,OD_000240
user_06627,OD_000410
user_06628,OD_000388
user_06629,OD_000149
user_06630,OD_000022
user_06631,OD_000563
user_06632,OD_000290
user_06633,OD_000573
user_06634,OD_000027
user_06635,OD_000091
user_06636,OD_000129
user_06637,OD_000470
user_06638,OD_000074
user_06639,OD_000002
user_06640,OD_000335
user_06641,OD_000376
user_06642,OD_000529
user_06643,OD_000291
user_06644,OD_000081
user_06645,OD_000023
user_06646,OD_000329
user_06647,OD_000378
user_06648,OD_000252
user_06649,OD_000564
user_06650,OD_000056
user_06651,OD_000489
user_06652,OD_000190
user_06653,OD_000256
user_06654,OD_000002
user_06655,OD_000490
user_06656,OD_000107
user_06657,OD_000296
user_06658,OD_000071
user_06659,OD_000187
user_06660,OD_000528
user_06661,OD_000095
user_06662,OD_000002
user_06663,OD_000487
user_06664,OD_000256
user_06665,OD_000273
user_06666,OD_000179
user_06667,OD_000395
user_06668,OD_000138
user_06669,OD_000182
user_06670,OD_000188
user_06671,OD_000180
user_06672,OD_000336
user_06673,OD_000052
user_06674,OD_000396
user_06675,OD_000355
user_06676,OD_000037
user_06677,OD_000407
user_06678,OD_000276
user_06679,OD_000386
user_06680,OD_000494
user_06681,OD_000326
user_06682,OD_000468
user_06683,OD_000075
user_06684,OD_000534
user_06685,OD_000003
user_06686,OD_000008
user_06687,OD_000471
user_06688,OD_000121
user_06689,OD_000124
user_06690,OD_000044
user_06691,OD_000479
user_06692,OD_000100
user_06693,OD_000046
user_06694,OD_000134
user_06695,OD_000533
user_06696,OD_000102
user_06697,OD_000591
user_06698,OD_000160
user_06699,OD_000077
user_06700,OD_000582
user_06701,OD_000114
user_06702,OD_000032
user_06703,OD_000398
user_06704,OD_000038
user_06705,OD_000096
user_06706,OD_000562
user_06707,OD_000095
user_06708,OD_000097
user_06709,OD_000036
user_06710,OD_000114
user_06711,OD_000316
user_06712,OD_000461
user_06713,OD_000286
user_06714,OD_000462
user_06715,OD_000011
user_06716,OD_000031
user_06717,OD_000085
user_06718,OD_000250
user_06719,OD_000519
user_06720,OD_000428
user_06721,OD_000408
user_06722,OD_000089
user_06723,OD_000188
user_06724,OD_000034
user_06725,OD_000247
user_06726,OD_000410
user_06727,OD_000115
user_06728,OD_000222
user_06729,OD_000418
user_06730,OD_000384
user_06731,OD_000116
user_06732,OD_000393
user_06733,OD_000230
user_06734,OD_000552
user_06735,OD_000525
user_06736,OD_000179
user_06737,OD_000046
user_06738,OD_000288
user_06739,OD_000098
user_06740,OD_000550
user_06741,OD_000003
user_06742,OD_000214
user_06743,OD_000453
user_06744,OD_000028
user_06745,OD_000512
user_06746,OD_000421
user_06747,OD_000358
user_06748,OD_000054
user_06749,OD_000488
user_06750,OD_000080
user_06751,OD_000318
user_06752,OD_000352
user_06753,OD_000155
user_06754,OD_000211
user_06755,OD_000012
user_06756,OD_000351
user_06757,OD_000455
user_06758,OD_000032
user_06759,OD_000333
user_06760,OD_000128
user_06761,OD_000380
user_06762,OD_000395
user_06763,OD_000020
user_06764,OD_000005
user_06765,OD_000024
user_06766,OD_000096
user_06767,OD_000046
user_06768,OD_000345
user_06769,OD_000339
user_06770,OD_000422
user_06771,OD_000324
user_06772,OD_000582
user_06773,OD_000378
user_06774,OD_000306
user_06775,OD_000245
user_06776,OD_000253
user_06777,OD_000234
user_06778,OD_000457
user_06779,OD_000132
user_06780,OD_000476
user_06781,OD_000433
user_06782,OD_000039
user_06783,OD_000006
user_06784,OD_000415
user_06785,OD_000455
user_06786,OD_000285
user_06787,OD_000331
user_06788,OD_000061
user_06789,OD_000574
user_06790,OD_000199
user_06791,OD_000065
user_06792,OD_000386
user_06793,OD_000219
user_06794,OD_000183
user_06795,OD_000511
user_06796,OD_000314
user_06797,OD_000553
user_06798,OD_000049
user_06799,OD_000041
user_06800,OD_000185
user_06801,OD_000236
user_06802,OD_000328
user_06803,OD_000289
user_06804,OD_000479
user_06805,OD_000364
user_06806,OD_000318
user_06807,OD_000427
user_06808,OD_000412
user_06809,OD_000424
user_06810,OD_000357
user_06811,OD_000282
user_06812,OD_000448
user_06813,OD_000316
user_06814,OD_000001
user_06815,OD_000009
user_06816,OD_000225
user_06817,OD_000129
user_06818,OD_000544
user_06819,OD_000563
user_06820,OD_000012
user_06821,OD_000244
user_06822,OD_000304
user_06823,OD_000015
user_06824,OD_000527
user_06825,OD_000036
user_06826,OD_000356
user_06827,OD_000146
user_06828,OD_000315
user_06829,OD_000009
user_06830,OD_000358
user_06831,OD_000007
user_06832,OD_000212
user_06833,OD_000435
user_06834,OD_000539
user_06835,OD_000013
user_06836,OD_000390
user_06837,OD_000525
user_06838,OD_000449
user_06839,OD_000485
user_06840,OD_000319
user_06841,OD_000052
user_06842,OD_000159
user_06843,OD_000311
user_06844,OD_000318
user_06845,OD_000259
user_06846,OD_000010
user_06847,OD_000133
user_06848,OD_000223
user_06849,OD_000278
user_06850,OD_000024
user_06851,OD_000005
user_06852,OD_000392
user_06853,OD_000585
user_06854,OD_000050
user_06855,OD_000308
user_06856,OD_000071
user_06857,OD_000343
user_06858,OD_000139
user_06859,OD_000362
user_06860,OD_000030
user_06861,OD_000441
user_06862,OD_000049
user_06863,OD_000440
user_06864,OD_000241
user_06865,OD_000182
user_06866,OD_000505
user_06867,OD_000031
user_06868,OD_000450
user_06869,OD_000211
user_06870,OD_000293
user_06871,OD_000325
user_06872,OD_000154
user_06873,OD_000126
user_06874,OD_000349
user_06875,OD_000270
user_06876,OD_000474
user_06877,OD_000106
user_06878,OD_000126
user_06879,OD_000019
user_06880,OD_000327
user_06881,OD_000018
user_06882,OD_000140
user_06883,OD_000322
user_06884,OD_000528
user_06885,OD_000534
user_06886,OD_000064
user_06887,OD_000216
user_06888,OD_000075
user_06889,OD_000394
user_06890,OD_000396
user_06891,OD_000251
user_06892,OD_000439
user_06893,OD_000477
user_06894,OD_000085
user_06895,OD_000527
user_06896,OD_000267
user_06897,OD_000407
user_06898,OD_000177
user_06899,OD_000019
user_06900,OD_000063
user_06901,OD_000435
user_06902,OD_000183
user_06903,OD_000243
user_06904,OD_000050
user_06905,OD_000207
user_06906,OD_000219
user_06907,OD_000105
user_06908,OD_000065
user_06909,OD_000299
user_06910,OD_000344
user_06911,OD_000259
user_06912,OD_000021
user_06913,OD_000083
user_06914,OD_000070
user_06915,OD_000400
user_06916,OD_000327
user_06917,OD_000042
user_06918,OD_000019
user_06919,OD_000526
user_06920,OD_000185
user_06921,OD_000389
user_06922,OD_000355
user_06923,OD_000022
user_06924,OD_000474
user_06925,OD_000285
user_06926,OD_000005
user_06927,OD_000578
user_06928,OD_000209
user_06929,OD_000257
user_06930,OD_000266
user_06931,OD_000376
user_06932,OD_000419
user_06933,OD_000164
user_06934,OD_000250
user_06935,OD_000167
user_06936,OD_000084
user_06937,OD_000124
user_06938,OD_000093
user_06939,OD_000236
user_06940,OD_000182
user_06941,OD_000053
user_06942,OD_000448
user_06943,OD_000010
user_06944,OD_000504
user_06945,OD_000016
user_06946,OD_000029
user_06947,OD_000542
user_06948,OD_000598
user_06949,OD_000521
user_06950,OD_000072
user_06951,OD_000096
user_06952,OD_000082
user_06953,OD_000432
user_06954,OD_000583
user_06955,OD_000538
user_06956,OD_000301
user_06957,OD_000032
user_06958,OD_000040
user_06959,OD_000308
user_06960,OD_000432
user_06961,OD_000378
user_06962,OD_000481
user_06963,OD_000158
user_06964,OD_000165
user_06965,OD_000368
user_06966,OD_000501
user_06967,OD_000245
user_06968,OD_000084
user_06969,OD_000293
user_06970,OD_000048
user_06971,OD_000456
user_06972,OD_000248
user_06973,OD_000080
user_06974,OD_000171
user_06975,OD_000265
user_06976,OD_000265
user_06977,OD_000176
user_06978,OD_000048
user_06979,OD_000114
user_06980,OD_000275
user_06981,OD_000062
user_06982,OD_000275
user_06983,OD_000238
user_06984,OD_000316
user_06985,OD_000163
user_06986,OD_000208
user_06987,OD_000285
user_06988,OD_000301
user_06989,OD_000135
user_06990,OD_000523
user_06991,OD_000590
user_06992,OD_000035
user_06993,OD_000400
user_06994,OD_000448
user_06995,OD_000006
user_06996,OD_000432
user_06997,OD_000481
user_06998,OD_000282
user_06999,OD_000309
user_07000,OD_000135
user_07001,OD_000109
user_07002,OD_000256
user_07003,OD_000458
user_07004,OD_000498
user_07005,OD_000214
user_07006,OD_000440
user_07007,OD_000074
user_07008,OD_000597
user_07009,OD_000024
user_07010,OD_000020
user_07011,OD_000350
user_07012,OD_000119
user_07013,OD_000096
user_07014,OD_000416
user_07015,OD_000157
user_07016,OD_000040
user_07017,OD_000321
user_07018,OD_000507
user_07019,OD_000033
user_07020,OD_000240
user_07021,OD_000153
user_07022,OD_000475
user_07023,OD_000465
user_07024,OD_000308
user_07025,OD_000153
user_07026,OD_000417
user_07027,OD_000001
user_07028,OD_000269
user_07029,OD_000218
user_07030,OD_000460
user_07031,OD_000035
user_07032,OD_000068
user_07033,OD_000407
user_07034,OD_000016
user_07035,OD_000467
user_07036,OD_000224
user_07037,OD_000205
user_07038,OD_000378
user_07039,OD_000272
user_07040,OD_000004
user_07041,OD_000301
user_07042,OD_000216
user_07043,OD_000056
user_07044,OD_000079
user_07045,OD_000309
user_07046,OD_000124
user_07047,OD_000136
user_07048,OD_000441
user_07049,OD_000208
user_07050,OD_000253
user_07051,OD_000011
user_07052,OD_000119
user_07053,OD_000259
user_07054,OD_000292
user_07055,OD_000249
user_07056,OD_000439
user_07057,OD_000302
user_07058,OD_000323
user_07059,OD_000196
user_07060,OD_000084
user_07061,OD_000437
user_07062,OD_000338
user_07063,OD_000169
user_07064,OD_000451
user_07065,OD_000016
user_07066,OD_000168
user_07067,OD_000105
user_07068,OD_000330
user_07069,OD_000005
user_07070,OD_000549
user_07071,OD_000591
user_07072,OD_000025
user_07073,OD_000008
user_07074,OD_000553
user_07075,OD_000033
user_07076,OD_000074
user_07077,OD_000059
user_07078,OD_000481
user_07079,OD_000348
user_07080,OD_000412
user_07081,OD_000229
user_07082,OD_000389
user_07083,OD_000159
user_07084,OD_000019
user_07085,OD_000474
user_07086,OD_000381
user_07087,OD_000455
user_07088,OD_000313
user_07089,OD_000445
user_07090,OD_000041
user_07091,OD_000445
user_07092,OD_000478
user_07093,OD_000087
user_07094,OD_000502
user_07095,OD_000428
user_07096,OD_000067
user_07097,OD_000468
user_07098,OD_000404
user_07099,OD_000162
user_07100,OD_000425
user_07101,OD_000182
user_07102,OD_000236
user_07103,OD_000422
user_07104,OD_000099
user_07105,OD_000379
user_07106,OD_000550
user_07107,OD_000441
user_07108,OD_000075
user_07109,OD_000520
user_07110,OD_000112
user_07111,OD_000580
user_07112,OD_000131
user_07113,OD_000151
user_07114,OD_000203
user_07115,OD_000037
user_07116,OD_000391
user_07117,OD_000094
user_07118,OD_000452
user_07119,OD_000215
user_07120,OD_000043
user_07121,OD_000256
user_07122,OD_000101
user_07123,OD_000403
user_07124,OD_000565
user_07125,OD_000569
user_07126,OD_000223
user_07127,OD_000039
user_07128,OD_000305
user_07129,OD_000422
user_07130,OD_000506
user_07131,OD_000387
user_07132,OD_000408
user_07133,OD_000209
user_07134,OD_000136
user_07135,OD_000326
user_07136,OD_000578
user_07137,OD_000044
user_07138,OD_000057
user_07139,OD_000140
user_07140,OD_000172
user_07141,OD_000326
user_07142,OD_000495
user_07143,OD_000178
user_07144,OD_000063
user_07145,OD_000187
user_07146,OD_000307
user_07147,OD_000332
user_07148,OD_000417
user_07149,OD_000017
user_07150,OD_000347
user_07151,OD_000451
user_07152,OD_000058
user_07153,OD_000359
user_07154,OD_000579
user_07155,OD_000391
user_07156,OD_000203
user_07157,OD_000193
user_07158,OD_000507
user_07159,OD_000307
user_07160,OD_000258
user_07161,OD_000373
user_07162,OD_000422
user_07163,OD_000014
user_07164,OD_000588
user_07165,OD_000213
user_07166,OD_000512
user_07167,OD_000184
user_07168,OD_000049
user_07169,OD_000062
user_07170,OD_000018
user_07171,OD_000051
user_07172,OD_000551
user_07173,OD_000066
user_07174,OD_000229
user_07175,OD_000163
user_07176,OD_000017
user_07177,OD_000120
user_07178,OD_000297
user_07179,OD_000235
user_07180,OD_000075
user_07181,OD_000108
user_07182,OD_000136
user_07183,OD_000077
user_07184,OD_000029
user_07185,OD_000046
user_07186,OD_000369
user_07187,OD_000054
user_07188,OD_000160
user_07189,OD_000005
user_07190,OD_000136
user_07191,OD_000417
user_07192,OD_000013
user_07193,OD_000149
user_07194,OD_000029
user_07195,OD_000285
user_07196,OD_000018
user_07197,OD_000321
user_07198,OD_000004
user_07199,OD_000523
user_07200,OD_000009
user_07201,OD_000457
user_07202,OD_000172
user_07203,OD_000288
user_07204,OD_000206
user_07205,OD_000430
user_07206,OD_000392
user_07207,OD_000429
user_07208,OD_000168
user_07209,OD_000510
user_07210,OD_000058
user_07211,OD_000458
user_07212,OD_000092
user_07213,OD_000037
user_07214,OD_000048
user_07215,OD_000339
user_07216,OD_000007
user_07217,OD_000032
user_07218,OD_000568
user_07219,OD_000207
user_07220,OD_000178
user_07221,OD_000024
user_07222,OD_000113
user_07223,OD_000105
user_07224,OD_000371
user_07225,OD_000180
user_07226,OD_000306
user_07227,OD_000204
user_07228,OD_000007
user_07229,OD_000593
user_07230,OD_000006
user_07231,OD_000132
user_07232,OD_000519
user_07233,OD_000149
user_07234,OD_000202
user_07235,OD_000069
user_07236,OD_000149
user_07237,OD_000006
user_07238,OD_000059
user_07239,OD_000217
user_07240,OD_000057
user_07241,OD_000346
user_07242,OD_000041
user_07243,OD_000227
user_07244,OD_000409
user_07245,OD_000590
user_07246,OD_000167
user_07247,OD_000176
user_07248,OD_000454
user_07249,OD_000252
user_07250,OD_000263
user_07251,OD_000033
user_07252,OD_000398
user_07253,OD_000042
user_07254,OD_000263
user_07255,OD_000350
user_07256,OD_000138
user_07257,OD_000001
user_07258,OD_000363
user_07259,OD_000313
user_07260,OD_000455
user_07261,OD_000017
user_07262,OD_000499
user_07263,OD_000417
user_07264,OD_000255
user_07265,OD_000491
user_07266,OD_000387
user_07267,OD_000230
user_07268,OD_000028
user_07269,OD_000576
user_07270,OD_000368
user_07271,OD_000156
user_07272,OD_000058
user_07273,OD_000263
user_07274,OD_000457
user_07275,OD_000493
user_07276,OD_000387
user_07277,OD_000399
user_07278,OD_000023
user_07279,OD_000545
user_07280,OD_000104
user_07281,OD_000250
user_07282,OD_000597
user_07283,OD_000315
user_07284,OD_000302
user_07285,OD_000017
user_07286,OD_000449
user_07287,OD_000061
user_07288,OD_000427
user_07289,OD_000316
user_07290,OD_000594
user_07291,OD_000599
user_07292,OD_000119
user_07293,OD_000586
user_07294,OD_000199
user_07295,OD_000335
user_07296,OD_000481
user_07297,OD_000369
user_07298,OD_000250
user_07299,OD_000134
user_07300,OD_000222
user_07301,OD_000245
user_07302,OD_000580
user_07303,OD_000376
user_07304,OD_000088
user_07305,OD_000117
user_07306,OD_000167
user_07307,OD_000149
user_07308,OD_000160
user_07309,OD_000330
user_07310,OD_000132
user_07311,OD_000003
user_07312,OD_000525
user_07313,OD_000025
user_07314,OD_000014
user_07315,OD_000180
user_07316,OD_000377
user_07317,OD_000303
user_07318,OD_000445
user_07319,OD_000126
user_07320,OD_000293
user_07321,OD_000072
user_07322,OD_000060
user_07323,OD_000247
user_07324,OD_000298
user_07325,OD_000144
user_07326,OD_000093
user_07327,OD_000003
user_07328,OD_000037
user_07329,OD_000085
user_07330,OD_000159
user_07331,OD_000251
user_07332,OD_000369
user_07333,OD_000239
user_07334,OD_000111
user_07335,OD_000346
user_07336,OD_000002
user_07337,OD_000120
user_07338,OD_000099
user_07339,OD_000330
user_07340,OD_000262
user_07341,OD_000192
user_07342,OD_000133
user_07343,OD_000133
user_07344,OD_000477
user_07345,OD_000129
user_07346,OD_000008
user_07347,OD_000111
user_07348,OD_000354
user_07349,OD_000232
user_07350,OD_000218
user_07351,OD_000254
user_07352,OD_000158
user_07353,OD_000181
user_07354,OD_000132
user_07355,OD_000055
user_07356,OD_000481
user_07357,OD_000091
user_07358,OD_000004
user_07359,OD_000004
user_07360,OD_000052
user_07361,OD_000501
user_07362,OD_000135
user_07363,OD_000552
user_07364,OD_000092
user_07365,OD_000398
user_07366,OD_000282
user_07367,OD_000146
user_07368,OD_000151
user_07369,OD_000434
user_07370,OD_000125
user_07371,OD_000325
user_07372,OD_000001
user_07373,OD_000203
user_07374,OD_000105
user_07375,OD_000502
user_07376,OD_000033
user_07377,OD_000151
user_07378,OD_000284
user_07379,OD_000397
user_07380,OD_000015
user_07381,OD_000268
user_07382,OD_000506
user_07383,OD_000003
user_07384,OD_000292
user_07385,OD_000554
user_07386,OD_000162
user_07387,OD_000168
user_07388,OD_000149
user_07389,OD_000378
user_07390,OD_000056
user_07391,OD_000187
user_07392,OD_000053
user_07393,OD_000348
user_07394,OD_000067
user_07395,OD_000304
user_07396,OD_000263
user_07397,OD_000535
user_07398,OD_000010
user_07399,OD_000467
user_07400,OD_000493
user_07401,OD_000229
user_07402,OD_000107
user_07403,OD_000032
user_07404,OD_000139
user_07405,OD_000017
user_07406,OD_000077
user_07407,OD_000436
user_07408,OD_000025
user_07409,OD_000369
user_07410,OD_000188
user_07411,OD_000137
user_07412,OD_000332
user_07413,OD_000235
user_07414,OD_000166
user_07415,OD_000269
user_07416,OD_000251
user_07417,OD_000265
user_07418,OD_000062
user_07419,OD_000222
user_07420,OD_000141
user_07421,OD_000163
user_07422,OD_000274
user_07423,OD_000558
user_07424,OD_000150
user_07425,OD_000352
user_07426,OD_000158
user_07427,OD_000550
user_07428,OD_000464
user_07429,OD_000449
user_07430,OD_000233
user_07431,OD_000371
user_07432,OD_000027
user_07433,OD_000318
user_07434,OD_000258
user_07435,OD_000005
user_07436,OD_000595
user_07437,OD_000008
user_07438,OD_000398
user_07439,OD_000122
user_07440,OD_000228
user_07441,OD_000068
user_07442,OD_000294
user_07443,OD_000301
user_07444,OD_000178
user_07445,OD_000161
user_07446,OD_000207
user_07447,OD_000287
user_07448,OD_000451
user_07449,OD_000004
user_07450,OD_000331
user_07451,OD_000376
user_07452,OD_000034
user_07453,OD_000521
user_07454,OD_000121
user_07455,OD_000420
user_07456,OD_000365
user_07457,OD_000046
user_07458,OD_000080
user_07459,OD_000093
user_07460,OD_000107
user_07461,OD_000464
user_07462,OD_000204
user_07463,OD_000428
user_07464,OD_000003
user_07465,OD_000266
user_07466,OD_000241
user_07467,OD_000315
user_07468,OD_000567
user_07469,OD_000044
user_07470,OD_000255
user_07471,OD_000412
user_07472,OD_000146
user_07473,OD_000238
user_07474,OD_000039
user_07475,OD_000005
user_07476,OD_000460
user_07477,OD_000477
user_07478,OD_000327
user_07479,OD_000583
user_07480,OD_000356
user_07481,OD_000148
user_07482,OD_000539
user_07483,OD_000308
user_07484,OD_000143
user_07485,OD_000112
user_07486,OD_000135
user_07487,OD_000112
user_07488,OD_000107
user_07489,OD_000016
user_07490,OD_000177
user_07491,OD_000238
user_07492,OD_000316
user_07493,OD_000204
user_07494,OD_000250
user_07495,OD_000319
user_07496,OD_000476
user_07497,OD_000272
user_07498,OD_000185
user_07499,OD_000022
user_07500,OD_000447
user_07501,OD_000039
user_07502,OD_000076
user_07503,OD_000039
user_07504,OD_000026
user_07505,OD_000272
user_07506,OD_000333
user_07507,OD_000600
user_07508,OD_000297
user_07509,OD_000040
user_07510,OD_000022
user_07511,OD_000471
user_07512,OD_000002
user_07513,OD_000384
user_07514,OD_000242
user_07515,OD_000129
user_07516,OD_000129
user_07517,OD_000463
user_07518,OD_000152
user_07519,OD_000045
user_07520,OD_000195
user_07521,OD_000050
user_07522,OD_000381
user_07523,OD_000163
user_07524,OD_000117
user_07525,OD_000276
user_07526,OD_000495
user_07527,OD_000025
user_07528,OD_000111
user_07529,OD_000178
user_07530,OD_000293
user_07531,OD_000131
user_07532,OD_000465
user_07533,OD_000134
user_07534,OD_000016
user_07535,OD_000312
user_07536,OD_000110
user_07537,OD_000492
user_07538,OD_000248
user_07539,OD_000314
user_07540,OD_000460
user_07541,OD_000136
user_07542,OD_000034
user_07543,OD_000016
user_07544,OD_000038
user_07545,OD_000503
user_07546,OD_000593
user_07547,OD_000363
user_07548,OD_000049
user_07549,OD_000592
user_07550,OD_000125
user_07551,OD_000085
user_07552,OD_000470
user_07553,OD_000406
user_07554,OD_000077
user_07555,OD_000091
user_07556,OD_000362
user_07557,OD_000352
user_07558,OD_000093
user_07559,OD_000102
user_07560,OD_000529
user_07561,OD_000123
user_07562,OD_000381
user_07563,OD_000143
user_07564,OD_000055
user_07565,OD_000020
user_07566,OD_000169
user_07567,OD_000505
user_07568,OD_000135
user_07569,OD_000076
user_07570,OD_000281
user_07571,OD_000059
user_07572,OD_000166
user_07573,OD_000375
user_07574,OD_000029
user_07575,OD_000301
user_07576,OD_000563
user_07577,OD_000068
user_07578,OD_000068
user_07579,OD_000386
user_07580,OD_000041
user_07581,OD_000580
user_07582,OD_000165
user_07583,OD_000025
user_07584,OD_000031
user_07585,OD_000462
user_07586,OD_000559
user_07587,OD_000346
user_07588,OD_000179
user_07589,OD_000218
user_07590,OD_000287
user_07591,OD_000189
user_07592,OD_000528
user_07593,OD_000023
user_07594,OD_000367
user_07595,OD_000046
user_07596,OD_000152
user_07597,OD_000192
user_07598,OD_000205
user_07599,OD_000319
user_07600,OD_000214
user_07601,OD_000013
user_07602,OD_000120
user_07603,OD_000516
user_07604,OD_000345
user_07605,OD_000066
user_07606,OD_000162
user_07607,OD_000511
user_07608,OD_000105
user_07609,OD_000212
user_07610,OD_000297
user_07611,OD_000356
user_07612,OD_000454
user_07613,OD_000060
user_07614,OD_000086
user_07615,OD_000528
user_07616,OD_000086
user_07617,OD_000359
user_07618,OD_000595
user_07619,OD_000389
user_07620,OD_000239
user_07621,OD_000250
user_07622,OD_000392
user_07623,OD_000031
user_07624,OD_000049
user_07625,OD_000125
user_07626,OD_000022
user_07627,OD_000197
user_07628,OD_000055
user_07629,OD_000373
user_07630,OD_000272
user_07631,OD_000350
user_07632,OD_000011
user_07633,OD_000264
user_07634,OD_000291
user_07635,OD_000522
user_07636,OD_000422
user_07637,OD_000511
user_07638,OD_000589
user_07639,OD_000357
user_07640,OD_000575
user_07641,OD_000210
user_07642,OD_000146
user_07643,OD_000050
user_07644,OD_000023
user_07645,OD_000163
user_07646,OD_000337
user_07647,OD_000083
user_07648,OD_000198
user_07649,OD_000295
user_07650,OD_000303
user_07651,OD_000549
user_07652,OD_000436
user_07653,OD_000474
user_07654,OD_000409
user_07655,OD_000344
user_07656,OD_000054
user_07657,OD_000069
user_07658,OD_000530
user_07659,OD_000161
user_07660,OD_000382
user_07661,OD_000141
user_07662,OD_000532
user_07663,OD_000394
user_07664,OD_000114
user_07665,OD_000073
user_07666,OD_000570
user_07667,OD_000124
user_07668,OD_000133
user_07669,OD_000004
user_07670,OD_000355
user_07671,OD_000015
user_07672,OD_000508
user_07673,OD_000475
user_07674,OD_000132
user_07675,OD_000262
user_07676,OD_000021
user_07677,OD_000090
user_07678,OD_000209
user_07679,OD_000073
user_07680,OD_000184
user_07681,OD_000542
user_07682,OD_000272
user_07683,OD_000102
user_07684,OD_000584
user_07685,OD_000101
user_07686,OD_000416
user_07687,OD_000012
user_07688,OD_000282
user_07689,OD_000062
user_07690,OD_000330
user_07691,OD_000157
user_07692,OD_000410
user_07693,OD_000153
user_07694,OD_000128
user_07695,OD_000496
user_07696,OD_000426
user_07697,OD_000062
user_07698,OD_000506
user_07699,OD_000094
user_07700,OD_000246
user_07701,OD_000546
user_07702,OD_000113
user_07703,OD_000567
user_07704,OD_000201
user_07705,OD_000196
user_07706,OD_000326
user_07707,OD_000490
user_07708,OD_000074
user_07709,OD_000085
user_07710,OD_000292
user_07711,OD_000026
user_07712,OD_000249
user_07713,OD_000046
user_07714,OD_000018
user_07715,OD_000022
user_07716,OD_000012
user_07717,OD_000030
user_07718,OD_000096
user_07719,OD_000089
user_07720,OD_000467
user_07721,OD_000175
user_07722,OD_000062
user_07723,OD_000037
user_07724,OD_000025
user_07725,OD_000270
user_07726,OD_000079
user_07727,OD_000043
user_07728,OD_000008
user_07729,OD_000444
user_07730,OD_000232
user_07731,OD_000452
user_07732,OD_000130
user_07733,OD_000292
user_07734,OD_000298
user_07735,OD_000295
user_07736,OD_000358
user_07737,OD_000001
user_07738,OD_000053
user_07739,OD_000126
user_07740,OD_000512
user_07741,OD_000417
user_07742,OD_000390
user_07743,OD_000094
user_07744,OD_000055
user_07745,OD_000278
user_07746,OD_000533
user_07747,OD_000258
user_07748,OD_000071
user_07749,OD_000220
user_07750,OD_000124
user_07751,OD_000185
user_07752,OD_000378
user_07753,OD_000492
user_07754,OD_000015
user_07755,OD_000140
user_07756,OD_000080
user_07757,OD_000171
user_07758,OD_000380
user_07759,OD_000580
user_07760,OD_000010
user_07761,OD_000399
user_07762,OD_000367
user_07763,OD_000415
user_07764,OD_000141
user_07765,OD_000192
user_07766,OD_000401
user_07767,OD_000304
user_07768,OD_000065
user_07769,OD_000464
user_07770,OD_000436
user_07771,OD_000456
user_07772,OD_000098
user_07773,OD_000081
user_07774,OD_000309
user_07775,OD_000194
user_07776,OD_000333
user_07777,OD_000297
user_07778,OD_000176
user_07779,OD_000109
user_07780,OD_000211
user_07781,OD_000414
user_07782,OD_000011
user_07783,OD_000321
user_07784,OD_000318
user_07785,OD_000037
user_07786,OD_000448
user_07787,OD_000213
user_07788,OD_000383
user_07789,OD_000199
user_07790,OD_000345
user_07791,OD_000040
user_07792,OD_000300
user_07793,OD_000509
user_07794,OD_000063
user_07795,OD_000105
user_07796,OD_000570
user_07797,OD_000277
user_07798,OD_000586
user_07799,OD_000299
user_07800,OD_000500
user_07801,OD_000558
user_07802,OD_000512
user_07803,OD_000326
user_07804,OD_000081
user_07805,OD_000198
user_07806,OD_000416
user_07807,OD_000401
user_07808,OD_000011
user_07809,OD_000181
user_07810,OD_000107
user_07811,OD_000305
user_07812,OD_000048
user_07813,OD_000271
user_07814,OD_000338
user_07815,OD_000110
user_07816,OD_000284
user_07817,OD_000503
user_07818,OD_000057
user_07819,OD_000077
user_07820,OD_000105
user_07821,OD_000064
user_07822,OD_000313
user_07823,OD_000059
user_07824,OD_000052
user_07825,OD_000295
user_07826,OD_000538
user_07827,OD_000354
user_07828,OD_000353
user_07829,OD_000340
user_07830,OD_000018
user_07831,OD_000178
user_07832,OD_000154
user_07833,OD_000013
user_07834,OD_000508
user_07835,OD_000090
user_07836,OD_000004
user_07837,OD_000584
user_07838,OD_000093
user_07839,OD_000157
user_07840,OD_000147
user_07841,OD_000449
user_07842,OD_000077
user_07843,OD_000414
user_07844,OD_000486
user_07845,OD_000073
user_07846,OD_000141
user_07847,OD_000239
user_07848,OD_000041
user_07849,OD_000241
user_07850,OD_000296
user_07851,OD_000179
user_07852,OD_000284
user_07853,OD_000070
user_07854,OD_000041
user_07855,OD_000104
user_07856,OD_000004
user_07857,OD_000257
user_07858,OD_000313
user_07859,OD_000022
user_07860,OD_000454
user_07861,OD_000107
user_07862,OD_000533
user_07863,OD_000068
user_07864,OD_000529
user_07865,OD_000118
user_07866,OD_000035
user_07867,OD_000207
user_07868,OD_000158
user_07869,OD_000018
user_07870,OD_000175
user_07871,OD_000116
user_07872,OD_000475
user_07873,OD_000555
user_07874,OD_000247
user_07875,OD_000484
user_07876,OD_000564
user_07877,OD_000483
user_07878,OD_000213
user_07879,OD_000136
user_07880,OD_000105
user_07881,OD_000421
user_07882,OD_000097
user_07883,OD_000016
user_07884,OD_000518
user_07885,OD_000482
user_07886,OD_000423
user_07887,OD_000108
user_07888,OD_000538
user_07889,OD_000523
user_07890,OD_000224
user_07891,OD_000500
user_07892,OD_000373
user_07893,OD_000449
user_07894,OD_000360
user_07895,OD_000132
user_07896,OD_000371
user_07897,OD_000398
user_07898,OD_000244
user_07899,OD_000110
user_07900,OD_000480
user_07901,OD_000244
user_07902,OD_000501
user_07903,OD_000382
user_07904,OD_000354
user_07905,OD_000418
user_07906,OD_000446
user_07907,OD_000124
user_07908,OD_000230
user_07909,OD_000246
user_07910,OD_000045
user_07911,OD_000009
user_07912,OD_000021
user_07913,OD_000100
user_07914,OD_000056
user_07915,OD_000320
user_07916,OD_000421
user_07917,OD_000125
user_07918,OD_000069
user_07919,OD_000424
user_07920,OD_000117
user_07921,OD_000256
user_07922,OD_000135
user_07923,OD_000099
user_07924,OD_000083
user_07925,OD_000311
user_07926,OD_000463
user_07927,OD_000228
user_07928,OD_000318
user_07929,OD_000256
user_07930,OD_000567
user_07931,OD_000230
user_07932,OD_000028
user_07933,OD_000589
user_07934,OD_000338
user_07935,OD_000222
user_07936,OD_000133
user_07937,OD_000026
user_07938,OD_000281
user_07939,OD_000553
user_07940,OD_000174
user_07941,OD_000556
user_07942,OD_000281
user_07943,OD_000156
user_07944,OD_000255
user_07945,OD_000294
user_07946,OD_000056
user_07947,OD_000137
user_07948,OD_000476
user_07949,OD_000375
user_07950,OD_000469
user_07951,OD_000100
user_07952,OD_000298
user_07953,OD_000119
user_07954,OD_000092
user_07955,OD_000266
user_07956,OD_000259
user_07957,OD_000025
user_07958,OD_000284
user_07959,OD_000485
user_07960,OD_000052
user_07961,OD_000517
user_07962,OD_000433
user_07963,OD_000011
user_07964,OD_000104
user_07965,OD_000347
user_07966,OD_000244
user_07967,OD_000057
user_07968,OD_000151
user_07969,OD_000015
user_07970,OD_000591
user_07971,OD_000231
user_07972,OD_000359
user_07973,OD_000169
user_07974,OD_000394
user_07975,OD_000156
user_07976,OD_000462
user_07977,OD_000025
user_07978,OD_000046
user_07979,OD_000061
user_07980,OD_000285
user_07981,OD_000406
user_07982,OD_000290
user_07983,OD_000422
user_07984,OD_000110
user_07985,OD_000378
user_07986,OD_000212
user_07987,OD_000047
user_07988,OD_000414
user_07989,OD_000522
user_07990,OD_000517
user_07991,OD_000381
user_07992,OD_000087
user_07993,OD_000280
user_07994,OD_000517
user_07995,OD_000194
user_07996,OD_000513
user_07997,OD_000535
user_07998,OD_000338
user_07999,OD_000002
user_08000,OD_000255
user_08001,OD_000137
user_08002,OD_000229
user_08003,OD_000354
user_08004,OD_000168
user_08005,OD_000103
user_08006,OD_000084
user_08007,OD_000255
user_08008,OD_000168
user_08009,OD_000104
user_08010,OD_000546
user_08011,OD_000411
user_08012,OD_000447
user_08013,OD_000268
user_08014,OD_000139
user_08015,OD_000093
user_08016,OD_000053
user_08017,OD_000515
user_08018,OD_000463
user_08019,OD_000014
user_08020,OD_000052
user_08021,OD_000353
user_08022,OD_000431
user_08023,OD_000157
user_08024,OD_000537
user_08025,OD_000176
user_08026,OD_000039
user_08027,OD_000434
user_08028,OD_000376
user_08029,OD_000250
user_08030,OD_000406
user_08031,OD_000166
user_08032,OD_000244
user_08033,OD_000019
user_08034,OD_000279
user_08035,OD_000070
user_08036,OD_000443
user_08037,OD_000001
user_08038,OD_000058
user_08039,OD_000476
user_08040,OD_000357
user_08041,OD_000486
user_08042,OD_000258
user_08043,OD_000046
user_08044,OD_000182
user_08045,OD_000145
user_08046,OD_000110
user_08047,OD_000330
user_08048,OD_000054
user_08049,OD_000318
user_08050,OD_000287
user_08051,OD_000198
user_08052,OD_000094
user_08053,OD_000348
user_08054,OD_000209
user_08055,OD_000438
user_08056,OD_000060
user_08057,OD_000301
user_08058,OD_000139
user_08059,OD_000125
user_08060,OD_000482
user_08061,OD_000464
user_08062,OD_000081
user_08063,OD_000006
user_08064,OD_000588
user_08065,OD_000175
user_08066,OD_000047
user_08067,OD_000001
user_08068,OD_000161
user_08069,OD_000555
user_08070,OD_000184
user_08071,OD_000550
user_08072,OD_000520
user_08073,OD_000021
user_08074,OD_000325
user_08075,OD_000525
user_08076,OD_000001
user_08077,OD_000189
user_08078,OD_000361
user_08079,OD_000446
user_08080,OD_000088
user_08081,OD_000287
user_08082,OD_000496
user_08083,OD_000173
user_08084,OD_000462
user_08085,OD_000411
user_08086,OD_000144
user_08087,OD_000078
user_08088,OD_000432
user_08089,OD_000170
user_08090,OD_000318
user_08091,OD_000094
user_08092,OD_000030
user_08093,OD_000384
user_08094,OD_000056
user_08095,OD_000467
user_08096,OD_000240
user_08097,OD_000250
user_08098,OD_000262
user_08099,OD_000366
user_08100,OD_000461
user_08101,OD_000117
user_08102,OD_000243
user_08103,OD_000289
user_08104,OD_000477
user_08105,OD_000114
user_08106,OD_000398
user_08107,OD_000490
user_08108,OD_000057
user_08109,OD_000573
user_08110,OD_000559
user_08111,OD_000500
user_08112,OD_000489
user_08113,OD_000078
user_08114,OD_000066
user_08115,OD_000361
user_08116,OD_000391
user_08117,OD_000489
user_08118,OD_000472
user_08119,OD_000575
user_08120,OD_000277
user_08121,OD_000049
user_08122,OD_000520
user_08123,OD_000503
user_08124,OD_000582
user_08125,OD_000083
user_08126,OD_000317
user_08127,OD_000063
user_08128,OD_000479
user_08129,OD_000184
user_08130,OD_000482
user_08131,OD_000245
user_08132,OD_000119
user_08133,OD_000349
user_08134,OD_000145
user_08135,OD_000458
user_08136,OD_000240
user_08137,OD_000068
user_08138,OD_000110
user_08139,OD_000165
user_08140,OD_000472
user_08141,OD_000103
user_08142,OD_000063
user_08143,OD_000415
user_08144,OD_000169
user_08145,OD_000307
user_08146,OD_000291
user_08147,OD_000007
user_08148,OD_000066
user_08149,OD_000166
user_08150,OD_000507
user_08151,OD_000023
user_08152,OD_000273
user_08153,OD_000110
user_08154,OD_000306
user_08155,OD_000052
user_08156,OD_000092
user_08157,OD_000384
user_08158,OD_000039
user_08159,OD_000290
user_08160,OD_000011
user_08161,OD_000041
user_08162,OD_000565
user_08163,OD_000230
user_08164,OD_000598
user_08165,OD_000216
user_08166,OD_000344
user_08167,OD_000411
user_08168,OD_000119
user_08169,OD_000324
user_08170,OD_000008
user_08171,OD_000134
user_08172,OD_000016
user_08173,OD_000008
user_08174,OD_000214
user_08175,OD_000279
user_08176,OD_000188
user_08177,OD_000553
user_08178,OD_000052
user_08179,OD_000351
user_08180,OD_000389
user_08181,OD_000318
user_08182,OD_000589
user_08183,OD_000290
user_08184,OD_000435
user_08185,OD_000186
user_08186,OD_000045
user_08187,OD_000423
user_08188,OD_000340
user_08189,OD_000298
user_08190,OD_000415
user_08191,OD_000362
user_08192,OD_000384
user_08193,OD_000135
user_08194,OD_000132
user_08195,OD_000002
user_08196,OD_000181
user_08197,OD_000446
user_08198,OD_000266
user_08199,OD_000322
user_08200,OD_000127
user_08201,OD_000576
user_08202,OD_000095
user_08203,OD_000013
user_08204,OD_000033
user_08205,OD_000009
user_08206,OD_000338
user_08207,OD_000589
user_08208,OD_000282
user_08209,OD_000015
user_08210,OD_000173
user_08211,OD_000407
user_08212,OD_000199
user_08213,OD_000103
user_08214,OD_000367
user_08215,OD_000182
user_08216,OD_000007
user_08217,OD_000324
user_08218,OD_000032
user_08219,OD_000104
user_08220,OD_000555
user_08221,OD_000014
user_08222,OD_000058
user_08223,OD_000163
user_08224,OD_000044
user_08225,OD_000219
user_08226,OD_000450
user_08227,OD_000408
user_08228,OD_000050
user_08229,OD_000090
user_08230,OD_000040
user_08231,OD_000570
user_08232,OD_000311
user_08233,OD_000387
user_08234,OD_000055
user_08235,OD_000445
user_08236,OD_000161
user_08237,OD_000314
user_08238,OD_000348
user_08239,OD_000044
user_08240,OD_000337
user_08241,OD_000076
user_08242,OD_000558
user_08243,OD_000474
user_08244,OD_000143
user_08245,OD_000419
user_08246,OD_000019
user_08247,OD_000018
user_08248,OD_000512
user_08249,OD_000077
user_08250,OD_000470
user_08251,OD_000474
user_08252,OD_000147
user_08253,OD_000068
user_08254,OD_000156
user_08255,OD_000532
user_08256,OD_000079
user_08257,OD_000277
user_08258,OD_000106
user_08259,OD_000103
user_08260,OD_000120
user_08261,OD_000354
user_08262,OD_000336
user_08263,OD_000298
user_08264,OD_000286
user_08265,OD_000249
user_08266,OD_000067
user_08267,OD_000153
user_08268,OD_000195
user_08269,OD_000505
user_08270,OD_000108
user_08271,OD_000057
user_08272,OD_000349
user_08273,OD_000296
user_08274,OD_000001
user_08275,OD_000118
user_08276,OD_000543
user_08277,OD_000493
user_08278,OD_000155
user_08279,OD_000472
user_08280,OD_000218
user_08281,OD_000204
user_08282,OD_000129
user_08283,OD_000132
user_08284,OD_000072
user_08285,OD_000276
user_08286,OD_000024
user_08287,OD_000013
user_08288,OD_000012
user_08289,OD_000090
user_08290,OD_000484
user_08291,OD_000209
user_08292,OD_000035
user_08293,OD_000377
user_08294,OD_000400
user_08295,OD_000039
user_08296,OD_000129
user_08297,OD_000258
user_08298,OD_000517
user_08299,OD_000032
user_08300,OD_000082
user_08301,OD_000163
user_08302,OD_000279
user_08303,OD_000103
user_08304,OD_000079
user_08305,OD_000143
user_08306,OD_000211
user_08307,OD_000074
user_08308,OD_000005
user_08309,OD_000142
user_08310,OD_000044
user_08311,OD_000014
user_08312,OD_000020
user_08313,OD_000030
user_08314,OD_000067
user_08315,OD_000110
user_08316,OD_000387
user_08317,OD_000080
user_08318,OD_000365
user_08319,OD_000233
user_08320,OD_000218
user_08321,OD_000219
user_08322,OD_000305
user_08323,OD_000063
user_08324,OD_000224
user_08325,OD_000584
user_08326,OD_000065
user_08327,OD_000271
user_08328,OD_000566
user_08329,OD_000202
user_08330,OD_000157
user_08331,OD_000078
user_08332,OD_000381
user_08333,OD_000152
user_08334,OD_000433
user_08335,OD_000345
user_08336,OD_000035
user_08337,OD_000166
user_08338,OD_000085
user_08339,OD_000325
user_08340,OD_000353
user_08341,OD_000214
user_08342,OD_000491
user_08343,OD_000142
user_08344,OD_000278
user_08345,OD_000531
user_08346,OD_000075
user_08347,OD_000204
user_08348,OD_000580
user_08349,OD_000506
user_08350,OD_000061
user_08351,OD_000336
user_08352,OD_000144
user_08353,OD_000133
user_08354,OD_000507
user_08355,OD_000068
user_08356,OD_000014
user_08357,OD_000535
user_08358,OD_000174
user_08359,OD_000093
user_08360,OD_000033
user_08361,OD_000069
user_08362,OD_000247
user_08363,OD_000094
user_08364,OD_000122
user_08365,OD_000077
user_08366,OD_000495
user_08367,OD_000537
user_08368,OD_000426
user_08369,OD_000523
user_08370,OD_000294
user_08371,OD_000297
user_08372,OD_000599
user_08373,OD_000332
user_08374,OD_000244
user_08375,OD_000065
user_08376,OD_000077
user_08377,OD_000484
user_08378,OD_000441
user_08379,OD_000206
user_08380,OD_000516
user_08381,OD_000517
user_08382,OD_000081
user_08383,OD_000537
user_08384,OD_000034
user_08385,OD_000457
user_08386,OD_000387
user_08387,OD_000320
user_08388,OD_000389
user_08389,OD_000137
user_08390,OD_000029
user_08391,OD_000122
user_08392,OD_000045
user_08393,OD_000327
user_08394,OD_000047
user_08395,OD_000507
user_08396,OD_000371
user_08397,OD_000565
user_08398,OD_000475
user_08399,OD_000174
user_08400,OD_000186
user_08401,OD_000260
user_08402,OD_000419
user_08403,OD_000160
user_08404,OD_000162
user_08405,OD_000405
user_08406,OD_000073
user_08407,OD_000144
user_08408,OD_000404
user_08409,OD_000011
user_08410,OD_000021
user_08411,OD_000129
user_08412,OD_000499
user_08413,OD_000061
user_08414,OD_000116
user_08415,OD_000224
user_08416,OD_000289
user_08417,OD_000291
user_08418,OD_000469
user_08419,OD_000030
user_08420,OD_000237
user_08421,OD_000055
user_08422,OD_000091
user_08423,OD_000177
user_08424,OD_000076
user_08425,OD_000096
user_08426,OD_000332
user_08427,OD_000049
user_08428,OD_000106
user_08429,OD_000322
user_08430,OD_000154
user_08431,OD_000133
user_08432,OD_000530
user_08433,OD_000206
user_08434,OD_000198
user_08435,OD_000569
user_08436,OD_000039
user_08437,OD_000213
user_08438,OD_000544
user_08439,OD_000089
user_08440,OD_000220
user_08441,OD_000241
user_08442,OD_000463
user_08443,OD_000265
user_08444,OD_000016
user_08445,OD_000401
user_08446,OD_000329
user_08447,OD_000038
user_08448,OD_000193
user_08449,OD_000078
user_08450,OD_000110
user_08451,OD_000290
user_08452,OD_000498
user_08453,OD_000078
user_08454,OD_000261
user_08455,OD_000460
user_08456,OD_000121
user_08457,OD_000377
user_08458,OD_000170
user_08459,OD_000330
user_08460,OD_000095
user_08461,OD_000102
user_08462,OD_000240
user_08463,OD_000315
user_08464,OD_000042
user_08465,OD_000173
user_08466,OD_000475
user_08467,OD_000106
user_08468,OD_000381
user_08469,OD_000451
user_08470,OD_000309
user_08471,OD_000139
user_08472,OD_000178
user_08473,OD_000144
user_08474,OD_000192
user_08475,OD_000125
user_08476,OD_000317
user_08477,OD_000097
user_08478,OD_000024
user_08479,OD_000023
user_08480,OD_000353
user_08481,OD_000001
user_08482,OD_000082
user_08483,OD_000126
user_08484,OD_000427
user_08485,OD_000397
user_08486,OD_000452
user_08487,OD_000213
user_08488,OD_000021
user_08489,OD_000076
user_08490,OD_000003
user_08491,OD_000336
user_08492,OD_000374
user_08493,OD_000109
user_08494,OD_000014
user_08495,OD_000193
user_08496,OD_000002
user_08497,OD_000537
user_08498,OD_000055
user_08499,OD_000200
user_08500,OD_000035
user_08501,OD_000245
user_08502,OD_000089
user_08503,OD_000044
user_08504,OD_000424
user_08505,OD_000074
user_08506,OD_000109
user_08507,OD_000095
user_08508,OD_000308
user_08509,OD_000188
user_08510,OD_000280
user_08511,OD_000288
user_08512,OD_000225
user_08513,OD_000478
user_08514,OD_000536
user_08515,OD_000430
user_08516,OD_000114
user_08517,OD_000457
user_08518,OD_000494
user_08519,OD_000308
user_08520,OD_000553
user_08521,OD_000531
user_08522,OD_000322
user_08523,OD_000201
user_08524,OD_000019
user_08525,OD_000303
user_08526,OD_000487
user_08527,OD_000418
user_08528,OD_000197
user_08529,OD_000164
user_08530,OD_000342
user_08531,OD_000114
user_08532,OD_000229
user_08533,OD_000053
user_08534,OD_000273
user_08535,OD_000196
user_08536,OD_000237
user_08537,OD_000345
user_08538,OD_000269
user_08539,OD_000380
user_08540,OD_000238
user_08541,OD_000375
user_08542,OD_000134
user_08543,OD_000158
user_08544,OD_000192
user_08545,OD_000565
user_08546,OD_000116
user_08547,OD_000341
user_08548,OD_000485
user_08549,OD_000479
user_08550,OD_000014
user_08551,OD_000111
user_08552,OD_000241
user_08553,OD_000380
user_08554,OD_000196
user_08555,OD_000201
user_08556,OD_000493
user_08557,OD_000138
user_08558,OD_000003
user_08559,OD_000300
user_08560,OD_000025
user_08561,OD_000513
user_08562,OD_000148
user_08563,OD_000117
user_08564,OD_000301
user_08565,OD_000066
user_08566,OD_000576
user_08567,OD_000492
user_08568,OD_000172
user_08569,OD_000430
user_08570,OD_000410
user_08571,OD_000332
user_08572,OD_000272
user_08573,OD_000104
user_08574,OD_000027
user_08575,OD_000059
user_08576,OD_000046
user_08577,OD_000379
user_08578,OD_000489
user_08579,OD_000040
user_08580,OD_000153
user_08581,OD_000172
user_08582,OD_000345
user_08583,OD_000246
user_08584,OD_000195
user_08585,OD_000523
user_08586,OD_000460
user_08587,OD_000242
user_08588,OD_000371
user_08589,OD_000079
user_08590,OD_000075
user_08591,OD_000057
user_08592,OD_000127
user_08593,OD_000382
user_08594,OD_000026
user_08595,OD_000321
user_08596,OD_000516
user_08597,OD_000261
user_08598,OD_000555
user_08599,OD_000100
user_08600,OD_000198
user_08601,OD_000405
user_08602,OD_000094
user_08603,OD_000440
user_08604,OD_000161
user_08605,OD_000266
user_08606,OD_000045
user_08607,OD_000009
user_08608,OD_000009
user_08609,OD_000270
user_08610,OD_000311
user_08611,OD_000535
user_08612,OD_000443
user_08613,OD_000448
user_08614,OD_000542
user_08615,OD_000193
user_08616,OD_000233
user_08617,OD_000091
user_08618,OD_000288
user_08619,OD_000086
user_08620,OD_000174
user_08621,OD_000356
user_08622,OD_000101
user_08623,OD_000349
user_08624,OD_000370
user_08625,OD_000482
user_08626,OD_000458
user_08627,OD_000227
user_08628,OD_000160
user_08629,OD_000477
user_08630,OD_000373
user_08631,OD_000191
user_08632,OD_000036
user_08633,OD_000045
user_08634,OD_000013
user_08635,OD_000222
user_08636,OD_000120
user_08637,OD_000146
user_08638,OD_000242
user_08639,OD_000143
user_08640,OD_000507
user_08641,OD_000073
user_08642,OD_000185
user_08643,OD_000051
user_08644,OD_000382
user_08645,OD_000083
user_08646,OD_000468
user_08647,OD_000228
user_08648,OD_000090
user_08649,OD_000234
user_08650,OD_000001
user_08651,OD_000188
user_08652,OD_000180
user_08653,OD_000231
user_08654,OD_000402
user_08655,OD_000300
user_08656,OD_000343
user_08657,OD_000025
user_08658,OD_000192
user_08659,OD_000134
user_08660,OD_000101
user_08661,OD_000085
user_08662,OD_000034
user_08663,OD_000458
user_08664,OD_000581
user_08665,OD_000178
user_08666,OD_000071
user_08667,OD_000548
user_08668,OD_000388
user_08669,OD_000390
user_08670,OD_000424
user_08671,OD_000197
user_08672,OD_000220
user_08673,OD_000207
user_08674,OD_000253
user_08675,OD_000382
user_08676,OD_000440
user_08677,OD_000421
user_08678,OD_000124
user_08679,OD_000218
user_08680,OD_000552
user_08681,OD_000149
user_08682,OD_000048
user_08683,OD_000336
user_08684,OD_000165
user_08685,OD_000226
user_08686,OD_000034
user_08687,OD_000368
user_08688,OD_000582
user_08689,OD_000034
user_08690,OD_000572
user_08691,OD_000050
user_08692,OD_000002
user_08693,OD_000172
user_08694,OD_000054
user_08695,OD_000002
user_08696,OD_000195
user_08697,OD_000180
user_08698,OD_000226
user_08699,OD_000043
user_08700,OD_000021
user_08701,OD_000357
user_08702,OD_000337
user_08703,OD_000154
user_08704,OD_000374
user_08705,OD_000437
user_08706,OD_000156
user_08707,OD_000254
user_08708,OD_000396
user_08709,OD_000131
user_08710,OD_000068
user_08711,OD_000027
user_08712,OD_000274
user_08713,OD_000103
user_08714,OD_000285
user_08715,OD_000326
user_08716,OD_000341
user_08717,OD_000216
user_08718,OD_000137
user_08719,OD_000392
user_08720,OD_000055
user_08721,OD_000384
user_08722,OD_000130
user_08723,OD_000151
user_08724,OD_000457
user_08725,OD_000274
user_08726,OD_000315
user_08727,OD_000075
user_08728,OD_000414
user_08729,OD_000213
user_08730,OD_000067
user_08731,OD_000115
user_08732,OD_000153
user_08733,OD_000385
user_08734,OD_000328
user_08735,OD_000567
user_08736,OD_000457
user_08737,OD_000378
user_08738,OD_000016
user_08739,OD_000143
user_08740,OD_000182
user_08741,OD_000179
user_08742,OD_000305
user_08743,OD_000238
user_08744,OD_000356
user_08745,OD_000065
user_08746,OD_000207
user_08747,OD_000123
user_08748,OD_000047
user_08749,OD_000370
user_08750,OD_000459
user_08751,OD_000188
user_08752,OD_000270
user_08753,OD_000380
user_08754,OD_000002
user_08755,OD_000266
user_08756,OD_000037
user_08757,OD_000442
user_08758,OD_000438
user_08759,OD_000098
user_08760,OD_000188
user_08761,OD_000346
user_08762,OD_000398
user_08763,OD_000038
user_08764,OD_000151
user_08765,OD_000466
user_08766,OD_000001
user_08767,OD_000217
user_08768,OD_000526
user_08769,OD_000558
user_08770,OD_000233
user_08771,OD_000172
user_08772,OD_000261
user_08773,OD_000030
user_08774,OD_000596
user_08775,OD_000131
user_08776,OD_000112
user_08777,OD_000260
user_08778,OD_000336
user_08779,OD_000474
user_08780,OD_000040
user_08781,OD_000240
user_08782,OD_000040
user_08783,OD_000441
user_08784,OD_000029
user_08785,OD_000058
user_08786,OD_000359
user_08787,OD_000254
user_08788,OD_000434
user_08789,OD_000548
user_08790,OD_000518
user_08791,OD_000146
user_08792,OD_000228
user_08793,OD_000334
user_08794,OD_000064
user_08795,OD_000026
user_08796,OD_000097
user_08797,OD_000259
user_08798,OD_000271
user_08799,OD_000003
user_08800,OD_000207
user_08801,OD_000220
user_08802,OD_000017
user_08803,OD_000370
user_08804,OD_000353
user_08805,OD_000368
user_08806,OD_000312
user_08807,OD_000042
user_08808,OD_000042
user_08809,OD_000311
user_08810,OD_000184
user_08811,OD_000261
user_08812,OD_000016
user_08813,OD_000009
user_08814,OD_000154
user_08815,OD_000431
user_08816,OD_000026
user_08817,OD_000023
user_08818,OD_000180
user_08819,OD_000494
user_08820,OD_000181
user_08821,OD_000570
user_08822,OD_000523
user_08823,OD_000317
user_08824,OD_000158
user_08825,OD_000583
user_08826,OD_000513
user_08827,OD_000524
user_08828,OD_000544
user_08829,OD_000392
user_08830,OD_000210
user_08831,OD_000032
user_08832,OD_000447
user_08833,OD_000456
user_08834,OD_000423
user_08835,OD_000453
user_08836,OD_000004
user_08837,OD_000375
user_08838,OD_000359
user_08839,OD_000273
user_08840,OD_000378
user_08841,OD_000199
user_08842,OD_000577
user_08843,OD_000269
user_08844,OD_000031
user_08845,OD_000229
user_08846,OD_000239
user_08847,OD_000226
user_08848,OD_000013
user_08849,OD_000268
user_08850,OD_000069
user_08851,OD_000066
user_08852,OD_000541
user_08853,OD_000078
user_08854,OD_000221
user_08855,OD_000258
user_08856,OD_000226
user_08857,OD_000101
user_08858,OD_000342
user_08859,OD_000044
user_08860,OD_000348
user_08861,OD_000432
user_08862,OD_000076
user_08863,OD_000413
user_08864,OD_000247
user_08865,OD_000563
user_08866,OD_000150
user_08867,OD_000259
user_08868,OD_000065
user_08869,OD_000314
user_08870,OD_000069
user_08871,OD_000204
user_08872,OD_000069
user_08873,OD_000095
user_08874,OD_000018
user_08875,OD_000064
user_08876,OD_000171
user_08877,OD_000401
user_08878,OD_000231
user_08879,OD_000096
user_08880,OD_000499
user_08881,OD_000458
user_08882,OD_000122
user_08883,OD_000072
user_08884,OD_000410
user_08885,OD_000111
user_08886,OD_000473
user_08887,OD_000163
user_08888,OD_000505
user_08889,OD_000283
user_08890,OD_000090
user_08891,OD_000339
user_08892,OD_000255
user_08893,OD_000079
user_08894,OD_000140
user_08895,OD_000106
user_08896,OD_000413
user_08897,OD_000591
user_08898,OD_000153
user_08899,OD_000404
user_08900,OD_000166
user_08901,OD_000062
user_08902,OD_000106
user_08903,OD_000527
user_08904,OD_000102
user_08905,OD_000434
user_08906,OD_000473
user_08907,OD_000112
user_08908,OD_000159
user_08909,OD_000217
user_08910,OD_000367
user_08911,OD_000559
user_08912,OD_000391
user_08913,OD_000219
user_08914,OD_000011
user_08915,OD_000560
user_08916,OD_000401
user_08917,OD_000425
user_08918,OD_000276
user_08919,OD_000586
user_08920,OD_000352
user_08921,OD_000450
user_08922,OD_000053
user_08923,OD_000120
user_08924,OD_000315
user_08925,OD_000049
user_08926,OD_000508
user_08927,OD_000550
user_08928,OD_000515
user_08929,OD_000025
user_08930,OD_000086
user_08931,OD_000232
user_08932,OD_000409
user_08933,OD_000550
user_08934,OD_000057
user_08935,OD_000104
user_08936,OD_000020
user_08937,OD_000546
user_08938,OD_000188
user_08939,OD_000132
user_08940,OD_000289
user_08941,OD_000570
user_08942,OD_000355
user_08943,OD_000364
user_08944,OD_000161
user_08945,OD_000089
user_08946,OD_000255
user_08947,OD_000243
user_08948,OD_000200
user_08949,OD_000323
user_08950,OD_000273
user_08951,OD_000038
user_08952,OD_000091
user_08953,OD_000174
user_08954,OD_000445
user_08955,OD_000003
user_08956,OD_000008
user_08957,OD_000444
user_08958,OD_000492
user_08959,OD_000168
user_08960,OD_000092
user_08961,OD_000306
user_08962,OD_000288
user_08963,OD_000157
user_08964,OD_000081
user_08965,OD_000471
user_08966,OD_000446
user_08967,OD_000188
user_08968,OD_000370
user_08969,OD_000249
user_08970,OD_000256
user_08971,OD_000156
user_08972,OD_000394
user_08973,OD_000131
user_08974,OD_000573
user_08975,OD_000574
user_08976,OD_000328
user_08977,OD_000472
user_08978,OD_000007
user_08979,OD_000043
user_08980,OD_000350
user_08981,OD_000027
user_08982,OD_000282
user_08983,OD_000170
user_08984,OD_000539
user_08985,OD_000290
user_08986,OD_000194
user_08987,OD_000339
user_08988,OD_000122
user_08989,OD_000037
user_08990,OD_000586
user_08991,OD_000255
user_08992,OD_000230
user_08993,OD_000345
user_08994,OD_000189
user_08995,OD_000289
user_08996,OD_000482
user_08997,OD_000431
user_08998,OD_000419
user_08999,OD_000201
user_09000,OD_000508
user_09001,OD_000431
user_09002,OD_000096
user_09003,OD_000270
user_09004,OD_000012
user_09005,OD_000117
user_09006,OD_000496
user_09007,OD_000246
user_09008,OD_000497
user_09009,OD_000415
user_09010,OD_000227
user_09011,OD_000399
user_09012,OD_000403
user_09013,OD_000006
user_09014,OD_000164
user_09015,OD_000100
user_09016,OD_000417
user_09017,OD_000573
user_09018,OD_000337
user_09019,OD_000073
user_09020,OD_000348
user_09021,OD_000034
user_09022,OD_000089
user_09023,OD_000236
user_09024,OD_000519
user_09025,OD_000345
user_09026,OD_000398
user_09027,OD_000091
user_09028,OD_000075
user_09029,OD_000328
user_09030,OD_000261
user_09031,OD_000374
user_09032,OD_000310
user_09033,OD_000393
user_09034,OD_000172
user_09035,OD_000225
user_09036,OD_000581
user_09037,OD_000114
user_09038,OD_000337
user_09039,OD_000389
user_09040,OD_000067
user_09041,OD_000259
user_09042,OD_000310
user_09043,OD_000338
user_09044,OD_000300
user_09045,OD_000338
user_09046,OD_000105
user_09047,OD_000250
user_09048,OD_000306
user_09049,OD_000337
user_09050,OD_000244
user_09051,OD_000101
user_09052,OD_000276
user_09053,OD_000005
user_09054,OD_000465
user_09055,OD_000116
user_09056,OD_000071
user_09057,OD_000112
user_09058,OD_000002
user_09059,OD_000291
user_09060,OD_000010
user_09061,OD_000369
user_09062,OD_000337
user_09063,OD_000444
user_09064,OD_000560
user_09065,OD_000292
user_09066,OD_000440
user_09067,OD_000119
user_09068,OD_000118
user_09069,OD_000320
user_09070,OD_000143
user_09071,OD_000023
user_09072,OD_000150
user_09073,OD_000029
user_09074,OD_000288
user_09075,OD_000017
user_09076,OD_000092
user_09077,OD_000250
user_09078,OD_000022
user_09079,OD_000062
user_09080,OD_000001
user_09081,OD_000428
user_09082,OD_000442
user_09083,OD_000115
user_09084,OD_000123
user_09085,OD_000439
user_09086,OD_000485
user_09087,OD_000012
user_09088,OD_000506
user_09089,OD_000069
user_09090,OD_000562
user_09091,OD_000329
user_09092,OD_000009
user_09093,OD_000324
user_09094,OD_000223
user_09095,OD_000542
user_09096,OD_000163
user_09097,OD_000486
user_09098,OD_000277
user_09099,OD_000206
user_09100,OD_000030
user_09101,OD_000184
user_09102,OD_000237
user_09103,OD_000215
user_09104,OD_000124
user_09105,OD_000174
user_09106,OD_000082
user_09107,OD_000161
user_09108,OD_000054
user_09109,OD_000374
user_09110,OD_000371
user_09111,OD_000082
user_09112,OD_000189
user_09113,OD_000086
user_09114,OD_000030
user_09115,OD_000406
user_09116,OD_000183
user_09117,OD_000347
user_09118,OD_000107
user_09119,OD_000012
user_09120,OD_000454
user_09121,OD_000167
user_09122,OD_000217
user_09123,OD_000557
user_09124,OD_000502
user_09125,OD_000088
user_09126,OD_000086
user_09127,OD_000054
user_09128,OD_000013
user_09129,OD_000149
user_09130,OD_000039
user_09131,OD_000073
user_09132,OD_000140
user_09133,OD_000163
user_09134,OD_000282
user_09135,OD_000254
user_09136,OD_000577
user_09137,OD_000019
user_09138,OD_000522
user_09139,OD_000407
user_09140,OD_000332
user_09141,OD_000144
user_09142,OD_000035
user_09143,OD_000400
user_09144,OD_000370
user_09145,OD_000120
user_09146,OD_000160
user_09147,OD_000305
user_09148,OD_000462
user_09149,OD_000018
user_09150,OD_000130
user_09151,OD_000255
user_09152,OD_000147
user_09153,OD_000130
user_09154,OD_000296
user_09155,OD_000517
user_09156,OD_000090
user_09157,OD_000233
user_09158,OD_000068
user_09159,OD_000410
user_09160,OD_000042
user_09161,OD_000100
user_09162,OD_000016
user_09163,OD_000225
user_09164,OD_000294
user_09165,OD_000127
user_09166,OD_000467
user_09167,OD_000187
user_09168,OD_000181
user_09169,OD_000222
user_09170,OD_000454
user_09171,OD_000339
user_09172,OD_000116
user_09173,OD_000391
user_09174,OD_000022
user_09175,OD_000031
user_09176,OD_000286
user_09177,OD_000473
user_09178,OD_000150
user_09179,OD_000070
user_09180,OD_000273
user_09181,OD_000138
user_09182,OD_000559
user_09183,OD_000473
user_09184,OD_000465
user_09185,OD_000332
user_09186,OD_000034
user_09187,OD_000577
user_09188,OD_000079
user_09189,OD_000237
user_09190,OD_000522
user_09191,OD_000421
user_09192,OD_000098
user_09193,OD_000222
user_09194,OD_000309
user_09195,OD_000385
user_09196,OD_000395
user_09197,OD_000570
user_09198,OD_000153
user_09199,OD_000256
user_09200,OD_000325
user_09201,OD_000140
user_09202,OD_000510
user_09203,OD_000341
user_09204,OD_000296
user_09205,OD_000281
user_09206,OD_000503
user_09207,OD_000091
user_09208,OD_000174
user_09209,OD_000157
user_09210,OD_000398
user_09211,OD_000087
user_09212,OD_000239
user_09213,OD_000198
user_09214,OD_000023
user_09215,OD_000086
user_09216,OD_000271
user_09217,OD_000054
user_09218,OD_000582
user_09219,OD_000262
user_09220,OD_000344
user_09221,OD_000417
user_09222,OD_000004
user_09223,OD_000047
user_09224,OD_000363
user_09225,OD_000479
user_09226,OD_000359
user_09227,OD_000304
user_09228,OD_000004
user_09229,OD_000133
user_09230,OD_000452
user_09231,OD_000005
user_09232,OD_000527
user_09233,OD_000154
user_09234,OD_000337
user_09235,OD_000163
user_09236,OD_000139
user_09237,OD_000144
user_09238,OD_000214
user_09239,OD_000364
user_09240,OD_000572
user_09241,OD_000430
user_09242,OD_000397
user_09243,OD_000095
user_09244,OD_000341
user_09245,OD_000034
user_09246,OD_000368
user_09247,OD_000443
user_09248,OD_000426
user_09249,OD_000434
user_09250,OD_000075
user_09251,OD_000236
user_09252,OD_000197
user_09253,OD_000347
user_09254,OD_000497
user_09255,OD_000319
user_09256,OD_000319
user_09257,OD_000159
user_09258,OD_000478
user_09259,OD_000335
user_09260,OD_000121
user_09261,OD_000235
user_09262,OD_000101
user_09263,OD_000541
user_09264,OD_000232
user_09265,OD_000366
user_09266,OD_000071
user_09267,OD_000252
user_09268,OD_000332
user_09269,OD_000182
user_09270,OD_000341
user_09271,OD_000174
user_09272,OD_000066
user_09273,OD_000134
user_09274,OD_000207
user_09275,OD_000103
user_09276,OD_000235
user_09277,OD_000303
user_09278,OD_000106
user_09279,OD_000016
user_09280,OD_000338
user_09281,OD_000112
user_09282,OD_000095
user_09283,OD_000059
user_09284,OD_000131
user_09285,OD_000155
user_09286,OD_000436
user_09287,OD_000109
user_09288,OD_000358
user_09289,OD_000066
user_09290,OD_000165
user_09291,OD_000451
user_09292,OD_000088
user_09293,OD_000404
user_09294,OD_000006
user_09295,OD_000236
user_09296,OD_000075
user_09297,OD_000239
user_09298,OD_000108
user_09299,OD_000400
user_09300,OD_000520
user_09301,OD_000218
user_09302,OD_000046
user_09303,OD_000322
user_09304,OD_000022
user_09305,OD_000209
user_09306,OD_000423
user_09307,OD_000241
user_09308,OD_000450
user_09309,OD_000450
user_09310,OD_000213
user_09311,OD_000035
user_09312,OD_000356
user_09313,OD_000211
user_09314,OD_000098
user_09315,OD_000308
user_09316,OD_000579
user_09317,OD_000084
user_09318,OD_000128
user_09319,OD_000115
user_09320,OD_000152
user_09321,OD_000104
user_09322,OD_000050
user_09323,OD_000348
user_09324,OD_000274
user_09325,OD_000499
user_09326,OD_000017
user_09327,OD_000389
user_09328,OD_000026
user_09329,OD_000187
user_09330,OD_000543
user_09331,OD_000141
user_09332,OD_000574
user_09333,OD_000199
user_09334,OD_000186
user_09335,OD_000199
user_09336,OD_000150
user_09337,OD_000328
user_09338,OD_000278
user_09339,OD_000060
user_09340,OD_000195
user_09341,OD_000402
user_09342,OD_000097
user_09343,OD_000102
user_09344,OD_000115
user_09345,OD_000301
user_09346,OD_000084
user_09347,OD_000027
user_09348,OD_000379
user_09349,OD_000402
user_09350,OD_000037
user_09351,OD_000093
user_09352,OD_000155
user_09353,OD_000498
user_09354,OD_000527
user_09355,OD_000093
user_09356,OD_000420
user_09357,OD_000070
user_09358,OD_000049
user_09359,OD_000299
user_09360,OD_000256
user_09361,OD_000015
user_09362,OD_000196
user_09363,OD_000564
user_09364,OD_000229
user_09365,OD_000204
user_09366,OD_000109
user_09367,OD_000310
user_09368,OD_000027
user_09369,OD_000454
user_09370,OD_000005
user_09371,OD_000175
user_09372,OD_000353
user_09373,OD_000443
user_09374,OD_000277
user_09375,OD_000207
user_09376,OD_000455
user_09377,OD_000278
user_09378,OD_000180
user_09379,OD_000518
user_09380,OD_000495
user_09381,OD_000575
user_09382,OD_000377
user_09383,OD_000511
user_09384,OD_000465
user_09385,OD_000100
user_09386,OD_000312
user_09387,OD_000080
user_09388,OD_000549
user_09389,OD_000331
user_09390,OD_000013
user_09391,OD_000051
user_09392,OD_000014
user_09393,OD_000110
user_09394,OD_000125
user_09395,OD_000367
user_09396,OD_000532
user_09397,OD_000163
user_09398,OD_000139
user_09399,OD_000261
user_09400,OD_000485
user_09401,OD_000498
user_09402,OD_000038
user_09403,OD_000584
user_09404,OD_000316
user_09405,OD_000263
user_09406,OD_000181
user_09407,OD_000190
user_09408,OD_000137
user_09409,OD_000208
user_09410,OD_000005
user_09411,OD_000204
user_09412,OD_000059
user_09413,OD_000024
user_09414,OD_000095
user_09415,OD_000413
user_09416,OD_000064
user_09417,OD_000499
user_09418,OD_000088
user_09419,OD_000156
user_09420,OD_000031
user_09421,OD_000252
user_09422,OD_000233
user_09423,OD_000306
user_09424,OD_000375
user_09425,OD_000136
user_09426,OD_000292
user_09427,OD_000059
user_09428,OD_000513
user_09429,OD_000334
user_09430,OD_000456
user_09431,OD_000034
user_09432,OD_000190
user_09433,OD_000399
user_09434,OD_000367
user_09435,OD_000049
user_09436,OD_000282
user_09437,OD_000041
user_09438,OD_000062
user_09439,OD_000195
user_09440,OD_000292
user_09441,OD_000250
user_09442,OD_000112
user_09443,OD_000259
user_09444,OD_000311
user_09445,OD_000215
user_09446,OD_000150
user_09447,OD_000122
user_09448,OD_000299
user_09449,OD_000283
user_09450,OD_000322
user_09451,OD_000317
user_09452,OD_000037
user_09453,OD_000115
user_09454,OD_000572
user_09455,OD_000577
user_09456,OD_000110
user_09457,OD_000263
user_09458,OD_000489
user_09459,OD_000067
user_09460,OD_000197
user_09461,OD_000327
user_09462,OD_000084
user_09463,OD_000224
user_09464,OD_000399
user_09465,OD_000294
user_09466,OD_000196
user_09467,OD_000018
user_09468,OD_000088
user_09469,OD_000384
user_09470,OD_000190
user_09471,OD_000095
user_09472,OD_000053
user_09473,OD_000018
user_09474,OD_000120
user_09475,OD_000381
user_09476,OD_000023
user_09477,OD_000425
user_09478,OD_000052
user_09479,OD_000241
user_09480,OD_000057
user_09481,OD_000143
user_09482,OD_000321
user_09483,OD_000046
user_09484,OD_000286
user_09485,OD_000106
user_09486,OD_000059
user_09487,OD_000268
user_09488,OD_000104
user_09489,OD_000018
user_09490,OD_000458
user_09491,OD_000521
user_09492,OD_000192
user_09493,OD_000420
user_09494,OD_000271
user_09495,OD_000265
user_09496,OD_000178
user_09497,OD_000518
user_09498,OD_000039
user_09499,OD_000135
user_09500,OD_000225
user_09501,OD_000523
user_09502,OD_000131
user_09503,OD_000297
user_09504,OD_000280
user_09505,OD_000077
user_09506,OD_000361
user_09507,OD_000470
user_09508,OD_000484
user_09509,OD_000525
user_09510,OD_000047
user_09511,OD_000457
user_09512,OD_000145
user_09513,OD_000008
user_09514,OD_000376
user_09515,OD_000143
user_09516,OD_000548
user_09517,OD_000037
user_09518,OD_000101
user_09519,OD_000344
user_09520,OD_000417
user_09521,OD_000054
user_09522,OD_000001
user_09523,OD_000185
user_09524,OD_000052
user_09525,OD_000202
user_09526,OD_000081
user_09527,OD_000436
user_09528,OD_000385
user_09529,OD_000498
user_09530,OD_000054
user_09531,OD_000329
user_09532,OD_000414
user_09533,OD_000028
user_09534,OD_000556
user_09535,OD_000017
user_09536,OD_000045
user_09537,OD_000411
user_09538,OD_000077
user_09539,OD_000001
user_09540,OD_000469
user_09541,OD_000020
user_09542,OD_000206
user_09543,OD_000221
user_09544,OD_000538
user_09545,OD_000092
user_09546,OD_000388
user_09547,OD_000206
user_09548,OD_000200
user_09549,OD_000216
user_09550,OD_000145
user_09551,OD_000316
user_09552,OD_000148
user_09553,OD_000587
user_09554,OD_000085
user_09555,OD_000305
user_09556,OD_000526
user_09557,OD_000152
user_09558,OD_000383
user_09559,OD_000218
user_09560,OD_000267
user_09561,OD_000082
user_09562,OD_000406
user_09563,OD_000435
user_09564,OD_000105
user_09565,OD_000049
user_09566,OD_000379
user_09567,OD_000051
user_09568,OD_000100
user_09569,OD_000413
user_09570,OD_000287
user_09571,OD_000554
user_09572,OD_000170
user_09573,OD_000232
user_09574,OD_000150
user_09575,OD_000437
user_09576,OD_000254
user_09577,OD_000582
user_09578,OD_000022
user_09579,OD_000025
user_09580,OD_000397
user_09581,OD_000427
user_09582,OD_000269
user_09583,OD_000364
user_09584,OD_000532
user_09585,OD_000212
user_09586,OD_000007
user_09587,OD_000169
user_09588,OD_000294
user_09589,OD_000379
user_09590,OD_000072
user_09591,OD_000321
user_09592,OD_000366
user_09593,OD_000003
user_09594,OD_000185
user_09595,OD_000459
user_09596,OD_000045
user_09597,OD_000036
user_09598,OD_000417
user_09599,OD_000534
user_09600,OD_000464
user_09601,OD_000203
user_09602,OD_000566
user_09603,OD_000109
user_09604,OD_000467
user_09605,OD_000296
user_09606,OD_000130
user_09607,OD_000069
user_09608,OD_000347
user_09609,OD_000324
user_09610,OD_000486
user_09611,OD_000273
user_09612,OD_000152
user_09613,OD_000221
user_09614,OD_000468
user_09615,OD_000193
user_09616,OD_000429
user_09617,OD_000111
user_09618,OD_000426
user_09619,OD_000455
user_09620,OD_000024
user_09621,OD_000413
user_09622,OD_000321
user_09623,OD_000441
user_09624,OD_000257
user_09625,OD_000488
user_09626,OD_000028
user_09627,OD_000012
user_09628,OD_000065
user_09629,OD_000470
user_09630,OD_000105
user_09631,OD_000227
user_09632,OD_000511
user_09633,OD_000284
user_09634,OD_000362
user_09635,OD_000003
user_09636,OD_000007
user_09637,OD_000030
user_09638,OD_000022
user_09639,OD_000482
user_09640,OD_000207
user_09641,OD_000056
user_09642,OD_000439
user_09643,OD_000142
user_09644,OD_000431
user_09645,OD_000582
user_09646,OD_000170
user_09647,OD_000326
user_09648,OD_000197
user_09649,OD_000310
user_09650,OD_000195
user_09651,OD_000060
user_09652,OD_000536
user_09653,OD_000312
user_09654,OD_000510
user_09655,OD_000384
user_09656,OD_000196
user_09657,OD_000534
user_09658,OD_000485
user_09659,OD_000225
user_09660,OD_000196
user_09661,OD_000587
user_09662,OD_000117
user_09663,OD_000226
user_09664,OD_000169
user_09665,OD_000366
user_09666,OD_000135
user_09667,OD_000338
user_09668,OD_000160
user_09669,OD_000051
user_09670,OD_000121
user_09671,OD_000345
user_09672,OD_000552
user_09673,OD_000337
user_09674,OD_000004
user_09675,OD_000518
user_09676,OD_000072
user_09677,OD_000439
user_09678,OD_000142
user_09679,OD_000071
user_09680,OD_000354
user_09681,OD_000189
user_09682,OD_000006
user_09683,OD_000104
user_09684,OD_000113
user_09685,OD_000153
user_09686,OD_000230
user_09687,OD_000372
user_09688,OD_000258
user_09689,OD_000384
user_09690,OD_000121
user_09691,OD_000220
user_09692,OD_000453
user_09693,OD_000023
user_09694,OD_000313
user_09695,OD_000142
user_09696,OD_000399
user_09697,OD_000226
user_09698,OD_000281
user_09699,OD_000174
user_09700,OD_000030
user_09701,OD_000230
user_09702,OD_000002
user_09703,OD_000075
user_09704,OD_000277
user_09705,OD_000340
user_09706,OD_000152
user_09707,OD_000186
user_09708,OD_000016
user_09709,OD_000356
user_09710,OD_000117
user_09711,OD_000066
user_09712,OD_000488
user_09713,OD_000254
user_09714,OD_000344
user_09715,OD_000302
user_09716,OD_000124
user_09717,OD_000434
user_09718,OD_000585
user_09719,OD_000003
user_09720,OD_000062
user_09721,OD_000230
user_09722,OD_000021
user_09723,OD_000149
user_09724,OD_000410
user_09725,OD_000315
user_09726,OD_000186
user_09727,OD_000242
user_09728,OD_000052
user_09729,OD_000450
user_09730,OD_000308
user_09731,OD_000044
user_09732,OD_000159
user_09733,OD_000395
user_09734,OD_000224
user_09735,OD_000171
user_09736,OD_000103
user_09737,OD_000111
user_09738,OD_000171
user_09739,OD_000502
user_09740,OD_000098
user_09741,OD_000051
user_09742,OD_000013
user_09743,OD_000459
user_09744,OD_000024
user_09745,OD_000224
user_09746,OD_000275
user_09747,OD_000096
user_09748,OD_000137
user_09749,OD_000076
user_09750,OD_000277
user_09751,OD_000066
user_09752,OD_000091
user_09753,OD_000151
user_09754,OD_000205
user_09755,OD_000409
user_09756,OD_000176
user_09757,OD_000231
user_09758,OD_000102
user_09759,OD_000334
user_09760,OD_000298
user_09761,OD_000033
user_09762,OD_000566
user_09763,OD_000439
user_09764,OD_000028
user_09765,OD_000552
user_09766,OD_000053
user_09767,OD_000136
user_09768,OD_000439
user_09769,OD_000194
user_09770,OD_000148
user_09771,OD_000340
user_09772,OD_000217
user_09773,OD_000102
user_09774,OD_000473
user_09775,OD_000216
user_09776,OD_000492
user_09777,OD_000466
user_09778,OD_000389
user_09779,OD_000010
user_09780,OD_000426
user_09781,OD_000088
user_09782,OD_000546
user_09783,OD_000110
user_09784,OD_000347
user_09785,OD_000017
user_09786,OD_000191
user_09787,OD_000056
user_09788,OD_000117
user_09789,OD_000070
user_09790,OD_000008
user_09791,OD_000303
user_09792,OD_000203
user_09793,OD_000554
user_09794,OD_000070
user_09795,OD_000081
user_09796,OD_000314
user_09797,OD_000082
user_09798,OD_000200
user_09799,OD_000317
user_09800,OD_000313
user_09801,OD_000525
user_09802,OD_000181
user_09803,OD_000236
user_09804,OD_000146
user_09805,OD_000489
user_09806,OD_000372
user_09807,OD_000284
user_09808,OD_000129
user_09809,OD_000305
user_09810,OD_000070
user_09811,OD_000180
user_09812,OD_000522
user_09813,OD_000443
user_09814,OD_000470
user_09815,OD_000302
user_09816,OD_000365
user_09817,OD_000027
user_09818,OD_000084
user_09819,OD_000432
user_09820,OD_000137
user_09821,OD_000100
user_09822,OD_000116
user_09823,OD_000414
user_09824,OD_000019
user_09825,OD_000385
user_09826,OD_000068
user_09827,OD_000147
user_09828,OD_000341
user_09829,OD_000081
user_09830,OD_000505
user_09831,OD_000087
user_09832,OD_000055
user_09833,OD_000302
user_09834,OD_000305
user_09835,OD_000470
user_09836,OD_000058
user_09837,OD_000116
user_09838,OD_000338
user_09839,OD_000109
user_09840,OD_000072
user_09841,OD_000159
user_09842,OD_000388
user_09843,OD_000200
user_09844,OD_000554
user_09845,OD_000448
user_09846,OD_000352
user_09847,OD_000060
user_09848,OD_000312
user_09849,OD_000432
user_09850,OD_000289
user_09851,OD_000107
user_09852,OD_000162
user_09853,OD_000416
user_09854,OD_000008
user_09855,OD_000425
user_09856,OD_000456
user_09857,OD_000017
user_09858,OD_000174
user_09859,OD_000174
user_09860,OD_000026
user_09861,OD_000173
user_09862,OD_000087
user_09863,OD_000383
user_09864,OD_000197
user_09865,OD_000105
user_09866,OD_000253
user_09867,OD_000360
user_09868,OD_000086
user_09869,OD_000036
user_09870,OD_000270
user_09871,OD_000142
user_09872,OD_000011
user_09873,OD_000295
user_09874,OD_000212
user_09875,OD_000098
user_09876,OD_000440
user_09877,OD_000179
user_09878,OD_000059
user_09879,OD_000019
user_09880,OD_000035
user_09881,OD_000425
user_09882,OD_000392
user_09883,OD_000074
user_09884,OD_000122
user_09885,OD_000528
user_09886,OD_000315
user_09887,OD_000435
user_09888,OD_000296
user_09889,OD_000433
user_09890,OD_000070
user_09891,OD_000259
user_09892,OD_000443
user_09893,OD_000363
user_09894,OD_000110
user_09895,OD_000119
user_09896,OD_000370
user_09897,OD_000162
user_09898,OD_000039
user_09899,OD_000279
user_09900,OD_000234
user_09901,OD_000018
user_09902,OD_000299
user_09903,OD_000342
user_09904,OD_000468
user_09905,OD_000343
user_09906,OD_000120
user_09907,OD_000062
user_09908,OD_000233
user_09909,OD_000387
user_09910,OD_000446
user_09911,OD_000002
user_09912,OD_000342
user_09913,OD_000486
user_09914,OD_000502
user_09915,OD_000087
user_09916,OD_000155
user_09917,OD_000482
user_09918,OD_000255
user_09919,OD_000500
user_09920,OD_000072
user_09921,OD_000516
user_09922,OD_000229
user_09923,OD_000091
user_09924,OD_000037
user_09925,OD_000013
user_09926,OD_000219
user_09927,OD_000507
user_09928,OD_000119
user_09929,OD_000433
user_09930,OD_000434
user_09931,OD_000340
user_09932,OD_000249
user_09933,OD_000587
user_09934,OD_000259
user_09935,OD_000330
user_09936,OD_000339
user_09937,OD_000003
user_09938,OD_000325
user_09939,OD_000202
user_09940,OD_000235
user_09941,OD_000235
user_09942,OD_000236
user_09943,OD_000155
user_09944,OD_000429
user_09945,OD_000365
user_09946,OD_000323
user_09947,OD_000044
user_09948,OD_000046
user_09949,OD_000473
user_09950,OD_000339
user_09951,OD_000076
user_09952,OD_000150
user_09953,OD_000013
user_09954,OD_000154
user_09955,OD_000246
user_09956,OD_000006
user_09957,OD_000197
user_09958,OD_000534
user_09959,OD_000156
user_09960,OD_000182
user_09961,OD_000149
user_09962,OD_000588
user_09963,OD_000397
user_09964,OD_000510
user_09965,OD_000043
user_09966,OD_000245
user_09967,OD_000258
user_09968,OD_000031
user_09969,OD_000402
user_09970,OD_000529
user_09971,OD_000019
user_09972,OD_000365
user_09973,OD_000143
user_09974,OD_000569
user_09975,OD_000244
user_09976,OD_000367
user_09977,OD_000437
user_09978,OD_000171
user_09979,OD_000156
user_09980,OD_000578
user_09981,OD_000021
user_09982,OD_000079
user_09983,OD_000083
user_09984,OD_000137
user_09985,OD_000133
user_09986,OD_000079
user_09987,OD_000405
user_09988,OD_000212
user_09989,OD_000043
user_09990,OD_000328
user_09991,OD_000102
user_09992,OD_000457
user_09993,OD_000135
user_09994,OD_000493
user_09995,OD_000478
user_09996,OD_000288
user_09997,OD_000561
user_09998,OD_000253
user_09999,OD_000519
user_10000,OD_000031
